patient_id,breast_density,breast_density,left_or_right_breast,image_view,abnormality_id,assessment,subtlety,abnormality_category,calc_type,calc_distribution,mass_shape,mass_margins,pathology,target
P_00005,3.0,,RIGHT,CC,1,3,3,calc,AMORPHOUS,CLUSTERED,N/A,N/A,MALIGNANT,1
P_00005,3.0,,RIGHT,MLO,1,3,3,calc,AMORPHOUS,CLUSTERED,N/A,N/A,MALIGNANT,1
P_00007,4.0,,LEFT,CC,1,4,4,calc,PLEOMORPHIC,LINEAR,N/A,N/A,BENIGN,0
P_00007,4.0,,LEFT,MLO,1,4,4,calc,PLEOMORPHIC,LINEAR,N/A,N/A,BENIGN,0
P_00008,1.0,,LEFT,CC,1,2,3,calc,N/A,REGIONAL,N/A,N/A,BENIGN_WITHOUT_CALLBACK,0
P_00008,1.0,,LEFT,CC,2,2,3,calc,N/A,REGIONAL,N/A,N/A,BENIGN_WITHOUT_CALLBACK,0
P_00008,1.0,,LEFT,CC,3,2,3,calc,N/A,REGIONAL,N/A,N/A,BENIGN_WITHOUT_CALLBACK,0
P_00008,1.0,,LEFT,MLO,1,2,3,calc,N/A,REGIONAL,N/A,N/A,BENIGN_WITHOUT_CALLBACK,0
P_00008,1.0,,LEFT,MLO,2,2,3,calc,N/A,REGIONAL,N/A,N/A,BENIGN_WITHOUT_CALLBACK,0
P_00008,1.0,,LEFT,MLO,3,2,3,calc,N/A,REGIONAL,N/A,N/A,BENIGN_WITHOUT_CALLBACK,0
P_00008,1.0,,RIGHT,CC,1,2,3,calc,N/A,REGIONAL,N/A,N/A,BENIGN_WITHOUT_CALLBACK,0
P_00008,1.0,,RIGHT,CC,2,2,3,calc,N/A,REGIONAL,N/A,N/A,BENIGN_WITHOUT_CALLBACK,0
P_00008,1.0,,RIGHT,CC,3,2,3,calc,N/A,REGIONAL,N/A,N/A,BENIGN_WITHOUT_CALLBACK,0
P_00008,1.0,,RIGHT,CC,4,2,3,calc,N/A,REGIONAL,N/A,N/A,BENIGN_WITHOUT_CALLBACK,0
P_00008,1.0,,RIGHT,CC,5,2,3,calc,N/A,REGIONAL,N/A,N/A,BENIGN_WITHOUT_CALLBACK,0
P_00008,1.0,,RIGHT,MLO,1,2,3,calc,N/A,REGIONAL,N/A,N/A,BENIGN_WITHOUT_CALLBACK,0
P_00008,1.0,,RIGHT,MLO,2,2,3,calc,N/A,REGIONAL,N/A,N/A,BENIGN_WITHOUT_CALLBACK,0
P_00008,1.0,,RIGHT,MLO,3,2,3,calc,N/A,REGIONAL,N/A,N/A,BENIGN_WITHOUT_CALLBACK,0
P_00008,1.0,,RIGHT,MLO,4,2,3,calc,N/A,REGIONAL,N/A,N/A,BENIGN_WITHOUT_CALLBACK,0
P_00008,1.0,,RIGHT,MLO,5,2,3,calc,N/A,REGIONAL,N/A,N/A,BENIGN_WITHOUT_CALLBACK,0
P_00010,3.0,,LEFT,CC,1,2,4,calc,ROUND_AND_REGULAR-LUCENT_CENTER-DYSTROPHIC,DIFFUSELY_SCATTERED,N/A,N/A,BENIGN_WITHOUT_CALLBACK,0
P_00010,3.0,,LEFT,MLO,1,2,4,calc,ROUND_AND_REGULAR-LUCENT_CENTER-DYSTROPHIC,DIFFUSELY_SCATTERED,N/A,N/A,BENIGN_WITHOUT_CALLBACK,0
P_00011,3.0,,LEFT,CC,1,4,1,calc,PLEOMORPHIC,CLUSTERED,N/A,N/A,BENIGN,0
P_00011,3.0,,LEFT,MLO,1,4,1,calc,PLEOMORPHIC,CLUSTERED,N/A,N/A,BENIGN,0
P_00012,2.0,,LEFT,CC,1,4,4,calc,PLEOMORPHIC,CLUSTERED,N/A,N/A,MALIGNANT,1
P_00012,2.0,,LEFT,MLO,1,4,3,calc,PLEOMORPHIC,CLUSTERED,N/A,N/A,MALIGNANT,1
P_00013,4.0,,RIGHT,MLO,1,4,4,calc,PLEOMORPHIC,SEGMENTAL,N/A,N/A,BENIGN,0
P_00014,4.0,,LEFT,CC,1,4,4,calc,PLEOMORPHIC,CLUSTERED,N/A,N/A,MALIGNANT,1
P_00014,4.0,,LEFT,MLO,1,4,4,calc,PLEOMORPHIC,CLUSTERED,N/A,N/A,MALIGNANT,1
P_00016,4.0,,LEFT,CC,2,5,5,calc,PLEOMORPHIC,CLUSTERED,N/A,N/A,MALIGNANT,1
P_00016,4.0,,LEFT,MLO,2,5,5,calc,PLEOMORPHIC,CLUSTERED,N/A,N/A,MALIGNANT,1
P_00019,4.0,,RIGHT,MLO,1,4,2,calc,PLEOMORPHIC,CLUSTERED,N/A,N/A,BENIGN,0
P_00019,4.0,,RIGHT,CC,1,4,2,calc,PLEOMORPHIC,CLUSTERED,N/A,N/A,BENIGN,0
P_00020,2.0,,LEFT,CC,1,4,4,calc,PLEOMORPHIC,CLUSTERED,N/A,N/A,MALIGNANT,1
P_00020,2.0,,LEFT,MLO,1,4,4,calc,PLEOMORPHIC,CLUSTERED,N/A,N/A,MALIGNANT,1
P_00022,3.0,,LEFT,CC,1,4,3,calc,PLEOMORPHIC,CLUSTERED,N/A,N/A,BENIGN,0
P_00022,3.0,,LEFT,MLO,1,4,3,calc,AMORPHOUS,CLUSTERED,N/A,N/A,BENIGN,0
P_00024,4.0,,LEFT,CC,1,4,2,calc,PUNCTATE,CLUSTERED,N/A,N/A,BENIGN,0
P_00024,4.0,,LEFT,MLO,1,4,2,calc,PUNCTATE,CLUSTERED,N/A,N/A,BENIGN,0
P_00028,4.0,,LEFT,MLO,1,4,1,calc,PLEOMORPHIC,CLUSTERED,N/A,N/A,BENIGN,0
P_00029,3.0,,LEFT,CC,1,4,2,calc,PLEOMORPHIC,CLUSTERED,N/A,N/A,MALIGNANT,1
P_00029,3.0,,LEFT,MLO,1,4,2,calc,PLEOMORPHIC,CLUSTERED,N/A,N/A,MALIGNANT,1
P_00030,2.0,,LEFT,CC,1,2,5,calc,COARSE,N/A,N/A,N/A,BENIGN_WITHOUT_CALLBACK,0
P_00030,2.0,,LEFT,CC,2,2,5,calc,VASCULAR,N/A,N/A,N/A,BENIGN_WITHOUT_CALLBACK,0
P_00030,2.0,,LEFT,MLO,1,2,5,calc,COARSE,N/A,N/A,N/A,BENIGN_WITHOUT_CALLBACK,0
P_00030,2.0,,LEFT,MLO,2,2,5,calc,VASCULAR,N/A,N/A,N/A,BENIGN_WITHOUT_CALLBACK,0
P_00030,2.0,,RIGHT,CC,1,2,4,calc,VASCULAR,N/A,N/A,N/A,BENIGN_WITHOUT_CALLBACK,0
P_00030,2.0,,RIGHT,MLO,1,2,4,calc,VASCULAR,N/A,N/A,N/A,BENIGN_WITHOUT_CALLBACK,0
P_00031,4.0,,LEFT,CC,1,4,1,calc,PLEOMORPHIC,CLUSTERED,N/A,N/A,MALIGNANT,1
P_00034,3.0,,RIGHT,CC,2,4,4,calc,PLEOMORPHIC,CLUSTERED,N/A,N/A,MALIGNANT,1
P_00034,3.0,,RIGHT,MLO,2,4,4,calc,PLEOMORPHIC,CLUSTERED,N/A,N/A,MALIGNANT,1
P_00043,3.0,,LEFT,MLO,1,4,3,calc,PLEOMORPHIC,SEGMENTAL,N/A,N/A,MALIGNANT,1
P_00047,2.0,,LEFT,CC,1,4,3,calc,FINE_LINEAR_BRANCHING,CLUSTERED-LINEAR,N/A,N/A,MALIGNANT,1
P_00047,2.0,,LEFT,CC,2,4,3,calc,FINE_LINEAR_BRANCHING,CLUSTERED-LINEAR,N/A,N/A,MALIGNANT,1
P_00047,2.0,,LEFT,CC,3,4,3,calc,FINE_LINEAR_BRANCHING,CLUSTERED-LINEAR,N/A,N/A,MALIGNANT,1
P_00047,2.0,,LEFT,MLO,1,4,3,calc,FINE_LINEAR_BRANCHING,CLUSTERED-LINEAR,N/A,N/A,MALIGNANT,1
P_00047,2.0,,LEFT,MLO,2,4,3,calc,FINE_LINEAR_BRANCHING,CLUSTERED-LINEAR,N/A,N/A,MALIGNANT,1
P_00047,2.0,,LEFT,MLO,3,4,3,calc,FINE_LINEAR_BRANCHING,CLUSTERED-LINEAR,N/A,N/A,MALIGNANT,1
P_00048,1.0,,RIGHT,CC,1,2,5,calc,LARGE_RODLIKE,SEGMENTAL,N/A,N/A,BENIGN_WITHOUT_CALLBACK,0
P_00048,1.0,,RIGHT,CC,2,2,5,calc,LARGE_RODLIKE,SEGMENTAL,N/A,N/A,BENIGN_WITHOUT_CALLBACK,0
P_00048,1.0,,RIGHT,MLO,1,2,5,calc,LARGE_RODLIKE,SEGMENTAL,N/A,N/A,BENIGN_WITHOUT_CALLBACK,0
P_00048,1.0,,RIGHT,MLO,2,2,5,calc,LARGE_RODLIKE,SEGMENTAL,N/A,N/A,BENIGN_WITHOUT_CALLBACK,0
P_00049,4.0,,RIGHT,CC,1,4,3,calc,PLEOMORPHIC,CLUSTERED,N/A,N/A,MALIGNANT,1
P_00049,4.0,,RIGHT,MLO,1,4,3,calc,PLEOMORPHIC,CLUSTERED,N/A,N/A,MALIGNANT,1
P_00060,3.0,,RIGHT,CC,1,4,4,calc,AMORPHOUS,CLUSTERED,N/A,N/A,BENIGN,0
P_00060,3.0,,RIGHT,MLO,1,4,4,calc,AMORPHOUS,CLUSTERED,N/A,N/A,BENIGN,0
P_00062,3.0,,LEFT,CC,1,4,5,calc,PLEOMORPHIC,CLUSTERED,N/A,N/A,BENIGN,0
P_00062,3.0,,LEFT,MLO,1,4,5,calc,PLEOMORPHIC,CLUSTERED,N/A,N/A,BENIGN,0
P_00063,2.0,,RIGHT,CC,1,5,5,calc,PLEOMORPHIC,CLUSTERED,N/A,N/A,MALIGNANT,1
P_00063,2.0,,RIGHT,MLO,1,5,5,calc,PLEOMORPHIC,CLUSTERED,N/A,N/A,MALIGNANT,1
P_00071,2.0,,RIGHT,CC,1,3,3,calc,PLEOMORPHIC,CLUSTERED,N/A,N/A,BENIGN,0
P_00071,2.0,,RIGHT,MLO,1,3,3,calc,PLEOMORPHIC,CLUSTERED,N/A,N/A,BENIGN,0
P_00078,2.0,,LEFT,CC,1,4,1,calc,PLEOMORPHIC,CLUSTERED,N/A,N/A,MALIGNANT,1
P_00078,2.0,,LEFT,MLO,1,4,1,calc,PLEOMORPHIC,CLUSTERED,N/A,N/A,MALIGNANT,1
P_00083,4.0,,RIGHT,CC,1,4,5,calc,PLEOMORPHIC,CLUSTERED,N/A,N/A,BENIGN,0
P_00084,3.0,,LEFT,CC,1,4,5,calc,PLEOMORPHIC,SEGMENTAL,N/A,N/A,MALIGNANT,1
P_00084,3.0,,LEFT,MLO,1,4,5,calc,PLEOMORPHIC,SEGMENTAL,N/A,N/A,MALIGNANT,1
P_00085,2.0,,RIGHT,CC,1,3,2,calc,PUNCTATE,CLUSTERED,N/A,N/A,MALIGNANT,1
P_00085,2.0,,RIGHT,MLO,1,3,2,calc,PLEOMORPHIC,CLUSTERED,N/A,N/A,MALIGNANT,1
P_00088,4.0,,LEFT,CC,1,4,2,calc,AMORPHOUS,CLUSTERED,N/A,N/A,MALIGNANT,1
P_00088,4.0,,LEFT,MLO,1,4,2,calc,AMORPHOUS,CLUSTERED,N/A,N/A,MALIGNANT,1
P_00091,3.0,,LEFT,CC,1,4,3,calc,PLEOMORPHIC,CLUSTERED,N/A,N/A,BENIGN,0
P_00091,3.0,,LEFT,MLO,1,4,4,calc,PLEOMORPHIC,CLUSTERED,N/A,N/A,BENIGN,0
P_00098,4.0,,LEFT,CC,1,2,5,calc,PUNCTATE-LUCENT_CENTER,REGIONAL,N/A,N/A,BENIGN_WITHOUT_CALLBACK,0
P_00098,4.0,,LEFT,MLO,1,2,5,calc,PUNCTATE-LUCENT_CENTER,REGIONAL,N/A,N/A,BENIGN_WITHOUT_CALLBACK,0
P_00098,4.0,,LEFT,MLO,2,2,5,calc,PUNCTATE-LUCENT_CENTER,REGIONAL,N/A,N/A,BENIGN_WITHOUT_CALLBACK,0
P_00098,4.0,,RIGHT,CC,1,2,5,calc,VASCULAR-COARSE-LUCENT_CENTER-ROUND_AND_REGULAR-PUNCTATE,REGIONAL,N/A,N/A,BENIGN_WITHOUT_CALLBACK,0
P_00098,4.0,,RIGHT,MLO,1,2,5,calc,VASCULAR,N/A,N/A,N/A,BENIGN_WITHOUT_CALLBACK,0
P_00098,4.0,,RIGHT,MLO,2,2,5,calc,VASCULAR-COARSE-LUCENT_CENTER-ROUND_AND_REGULAR-PUNCTATE,REGIONAL,N/A,N/A,BENIGN_WITHOUT_CALLBACK,0
P_00101,3.0,,RIGHT,CC,2,5,5,calc,PLEOMORPHIC,CLUSTERED,N/A,N/A,MALIGNANT,1
P_00101,3.0,,RIGHT,MLO,2,5,5,calc,PLEOMORPHIC,CLUSTERED,N/A,N/A,MALIGNANT,1
P_00105,3.0,,LEFT,CC,1,4,3,calc,PUNCTATE,CLUSTERED,N/A,N/A,BENIGN,0
P_00105,3.0,,LEFT,MLO,1,4,3,calc,PUNCTATE,CLUSTERED,N/A,N/A,BENIGN,0
P_00106,1.0,,RIGHT,CC,1,2,4,calc,COARSE,N/A,N/A,N/A,BENIGN_WITHOUT_CALLBACK,0
P_00106,1.0,,RIGHT,MLO,4,2,4,calc,COARSE,N/A,N/A,N/A,BENIGN_WITHOUT_CALLBACK,0
P_00112,3.0,,LEFT,CC,1,2,3,calc,ROUND_AND_REGULAR-EGGSHELL,N/A,N/A,N/A,BENIGN_WITHOUT_CALLBACK,0
P_00112,3.0,,LEFT,CC,2,2,3,calc,ROUND_AND_REGULAR-EGGSHELL,N/A,N/A,N/A,BENIGN_WITHOUT_CALLBACK,0
P_00112,3.0,,LEFT,CC,3,2,3,calc,ROUND_AND_REGULAR-EGGSHELL,N/A,N/A,N/A,BENIGN_WITHOUT_CALLBACK,0
P_00112,3.0,,LEFT,CC,4,2,3,calc,ROUND_AND_REGULAR-EGGSHELL,N/A,N/A,N/A,BENIGN_WITHOUT_CALLBACK,0
P_00112,3.0,,LEFT,MLO,1,2,3,calc,ROUND_AND_REGULAR-EGGSHELL,N/A,N/A,N/A,BENIGN_WITHOUT_CALLBACK,0
P_00112,3.0,,LEFT,MLO,2,2,3,calc,ROUND_AND_REGULAR-EGGSHELL,N/A,N/A,N/A,BENIGN_WITHOUT_CALLBACK,0
P_00112,3.0,,LEFT,MLO,3,2,3,calc,ROUND_AND_REGULAR-EGGSHELL,N/A,N/A,N/A,BENIGN_WITHOUT_CALLBACK,0
P_00112,3.0,,LEFT,MLO,4,2,3,calc,ROUND_AND_REGULAR-EGGSHELL,N/A,N/A,N/A,BENIGN_WITHOUT_CALLBACK,0
P_00112,3.0,,LEFT,MLO,5,2,3,calc,ROUND_AND_REGULAR-EGGSHELL,N/A,N/A,N/A,BENIGN_WITHOUT_CALLBACK,0
P_00112,3.0,,LEFT,MLO,6,2,3,calc,ROUND_AND_REGULAR-EGGSHELL,N/A,N/A,N/A,BENIGN_WITHOUT_CALLBACK,0
P_00112,3.0,,RIGHT,CC,1,2,3,calc,ROUND_AND_REGULAR-EGGSHELL,N/A,N/A,N/A,BENIGN_WITHOUT_CALLBACK,0
P_00112,3.0,,RIGHT,CC,2,2,3,calc,ROUND_AND_REGULAR-EGGSHELL,N/A,N/A,N/A,BENIGN_WITHOUT_CALLBACK,0
P_00112,3.0,,RIGHT,CC,3,2,3,calc,ROUND_AND_REGULAR-EGGSHELL,N/A,N/A,N/A,BENIGN_WITHOUT_CALLBACK,0
P_00112,3.0,,RIGHT,CC,4,2,3,calc,ROUND_AND_REGULAR-EGGSHELL,N/A,N/A,N/A,BENIGN_WITHOUT_CALLBACK,0
P_00112,3.0,,RIGHT,CC,5,2,3,calc,ROUND_AND_REGULAR-EGGSHELL,N/A,N/A,N/A,BENIGN_WITHOUT_CALLBACK,0
P_00112,3.0,,RIGHT,CC,6,2,3,calc,ROUND_AND_REGULAR-EGGSHELL,N/A,N/A,N/A,BENIGN_WITHOUT_CALLBACK,0
P_00112,3.0,,RIGHT,MLO,1,2,3,calc,ROUND_AND_REGULAR-EGGSHELL,N/A,N/A,N/A,BENIGN_WITHOUT_CALLBACK,0
P_00112,3.0,,RIGHT,MLO,2,2,3,calc,ROUND_AND_REGULAR-EGGSHELL,N/A,N/A,N/A,BENIGN_WITHOUT_CALLBACK,0
P_00112,3.0,,RIGHT,MLO,3,2,3,calc,ROUND_AND_REGULAR-EGGSHELL,N/A,N/A,N/A,BENIGN_WITHOUT_CALLBACK,0
P_00112,3.0,,RIGHT,MLO,4,2,3,calc,ROUND_AND_REGULAR-EGGSHELL,N/A,N/A,N/A,BENIGN_WITHOUT_CALLBACK,0
P_00112,3.0,,RIGHT,MLO,5,2,3,calc,ROUND_AND_REGULAR-EGGSHELL,N/A,N/A,N/A,BENIGN_WITHOUT_CALLBACK,0
P_00112,3.0,,RIGHT,MLO,6,2,3,calc,ROUND_AND_REGULAR-EGGSHELL,N/A,N/A,N/A,BENIGN_WITHOUT_CALLBACK,0
P_00112,3.0,,RIGHT,MLO,7,2,3,calc,ROUND_AND_REGULAR-EGGSHELL,N/A,N/A,N/A,BENIGN_WITHOUT_CALLBACK,0
P_00121,2.0,,LEFT,CC,1,4,3,calc,PUNCTATE-PLEOMORPHIC,CLUSTERED,N/A,N/A,MALIGNANT,1
P_00121,2.0,,LEFT,MLO,1,4,3,calc,PUNCTATE-PLEOMORPHIC,CLUSTERED,N/A,N/A,MALIGNANT,1
P_00123,3.0,,LEFT,CC,1,4,3,calc,PLEOMORPHIC,CLUSTERED,N/A,N/A,BENIGN,0
P_00123,3.0,,LEFT,MLO,1,4,3,calc,PLEOMORPHIC,CLUSTERED,N/A,N/A,BENIGN,0
P_00129,2.0,,LEFT,CC,1,4,5,calc,AMORPHOUS,CLUSTERED,N/A,N/A,BENIGN,0
P_00129,2.0,,LEFT,MLO,1,4,5,calc,AMORPHOUS,CLUSTERED,N/A,N/A,BENIGN,0
P_00136,3.0,,LEFT,CC,1,5,5,calc,FINE_LINEAR_BRANCHING,CLUSTERED,N/A,N/A,MALIGNANT,1
P_00136,3.0,,LEFT,MLO,1,5,5,calc,PUNCTATE,CLUSTERED,N/A,N/A,MALIGNANT,1
P_00136,3.0,,LEFT,MLO,2,5,5,calc,FINE_LINEAR_BRANCHING,CLUSTERED,N/A,N/A,MALIGNANT,1
P_00151,4.0,,RIGHT,MLO,1,4,3,calc,AMORPHOUS,SEGMENTAL,N/A,N/A,BENIGN,0
P_00157,3.0,,LEFT,CC,1,4,3,calc,PLEOMORPHIC-FINE_LINEAR_BRANCHING,CLUSTERED,N/A,N/A,MALIGNANT,1
P_00157,3.0,,LEFT,CC,2,4,3,calc,PLEOMORPHIC-FINE_LINEAR_BRANCHING,CLUSTERED,N/A,N/A,MALIGNANT,1
P_00157,3.0,,LEFT,MLO,1,4,3,calc,PLEOMORPHIC-FINE_LINEAR_BRANCHING,CLUSTERED,N/A,N/A,MALIGNANT,1
P_00157,3.0,,LEFT,MLO,2,4,3,calc,PLEOMORPHIC-FINE_LINEAR_BRANCHING,CLUSTERED,N/A,N/A,MALIGNANT,1
P_00157,3.0,,LEFT,MLO,3,4,3,calc,PLEOMORPHIC-FINE_LINEAR_BRANCHING,CLUSTERED,N/A,N/A,MALIGNANT,1
P_00159,2.0,,LEFT,CC,1,4,5,calc,DYSTROPHIC,CLUSTERED,N/A,N/A,BENIGN_WITHOUT_CALLBACK,0
P_00159,2.0,,LEFT,MLO,1,4,5,calc,DYSTROPHIC,CLUSTERED,N/A,N/A,BENIGN_WITHOUT_CALLBACK,0
P_00161,4.0,,LEFT,MLO,1,4,4,calc,PLEOMORPHIC,SEGMENTAL,N/A,N/A,BENIGN,0
P_00162,2.0,,LEFT,CC,1,4,2,calc,FINE_LINEAR_BRANCHING,LINEAR,N/A,N/A,MALIGNANT,1
P_00162,2.0,,LEFT,MLO,1,4,2,calc,FINE_LINEAR_BRANCHING,LINEAR,N/A,N/A,MALIGNANT,1
P_00179,3.0,,LEFT,CC,1,4,2,calc,PLEOMORPHIC,CLUSTERED,N/A,N/A,BENIGN,0
P_00179,3.0,,LEFT,MLO,1,4,2,calc,PLEOMORPHIC,CLUSTERED,N/A,N/A,BENIGN,0
P_00181,4.0,,RIGHT,CC,1,4,1,calc,PLEOMORPHIC,CLUSTERED,N/A,N/A,BENIGN,0
P_00181,4.0,,RIGHT,MLO,1,4,1,calc,PLEOMORPHIC,CLUSTERED,N/A,N/A,BENIGN,0
P_00182,2.0,,LEFT,CC,1,0,3,calc,AMORPHOUS,CLUSTERED,N/A,N/A,BENIGN,0
P_00182,2.0,,LEFT,MLO,1,0,3,calc,AMORPHOUS,CLUSTERED,N/A,N/A,BENIGN,0
P_00183,3.0,,RIGHT,MLO,1,4,3,calc,AMORPHOUS,CLUSTERED,N/A,N/A,BENIGN,0
P_00185,2.0,,LEFT,CC,1,4,2,calc,PLEOMORPHIC,CLUSTERED,N/A,N/A,BENIGN,0
P_00185,2.0,,LEFT,MLO,1,4,2,calc,PLEOMORPHIC,CLUSTERED,N/A,N/A,BENIGN,0
P_00188,3.0,,RIGHT,MLO,1,5,5,calc,FINE_LINEAR_BRANCHING,CLUSTERED,N/A,N/A,MALIGNANT,1
P_00189,4.0,,LEFT,CC,1,4,2,calc,PLEOMORPHIC,CLUSTERED,N/A,N/A,MALIGNANT,1
P_00189,4.0,,LEFT,MLO,1,4,2,calc,PLEOMORPHIC,CLUSTERED,N/A,N/A,MALIGNANT,1
P_00196,4.0,,RIGHT,CC,1,3,1,calc,PLEOMORPHIC,CLUSTERED,N/A,N/A,BENIGN,0
P_00196,4.0,,RIGHT,MLO,1,3,1,calc,PLEOMORPHIC,CLUSTERED,N/A,N/A,BENIGN,0
P_00197,1.0,,RIGHT,CC,1,4,5,calc,PLEOMORPHIC,SEGMENTAL,N/A,N/A,BENIGN,0
P_00197,1.0,,RIGHT,MLO,1,4,5,calc,PLEOMORPHIC,SEGMENTAL,N/A,N/A,BENIGN,0
P_00201,3.0,,LEFT,MLO,1,4,3,calc,PLEOMORPHIC,SEGMENTAL,N/A,N/A,MALIGNANT,1
P_00208,3.0,,RIGHT,CC,1,4,4,calc,PLEOMORPHIC,CLUSTERED,N/A,N/A,BENIGN,0
P_00208,3.0,,RIGHT,CC,2,4,5,calc,PLEOMORPHIC,CLUSTERED,N/A,N/A,BENIGN,0
P_00208,3.0,,RIGHT,MLO,1,4,5,calc,PLEOMORPHIC,CLUSTERED,N/A,N/A,BENIGN,0
P_00208,3.0,,RIGHT,MLO,2,4,4,calc,PLEOMORPHIC,CLUSTERED,N/A,N/A,BENIGN,0
P_00220,3.0,,LEFT,CC,1,4,3,calc,PLEOMORPHIC,CLUSTERED,N/A,N/A,BENIGN,0
P_00220,3.0,,LEFT,MLO,1,4,3,calc,PLEOMORPHIC,CLUSTERED,N/A,N/A,BENIGN,0
P_00224,3.0,,LEFT,CC,2,4,3,calc,AMORPHOUS,CLUSTERED,N/A,N/A,BENIGN,0
P_00224,3.0,,LEFT,MLO,2,4,3,calc,AMORPHOUS,CLUSTERED,N/A,N/A,BENIGN,0
P_00232,4.0,,RIGHT,CC,1,4,1,calc,PUNCTATE,CLUSTERED,N/A,N/A,MALIGNANT,1
P_00232,4.0,,RIGHT,MLO,1,4,1,calc,PUNCTATE,CLUSTERED,N/A,N/A,MALIGNANT,1
P_00243,4.0,,LEFT,CC,1,4,1,calc,PUNCTATE,REGIONAL,N/A,N/A,MALIGNANT,1
P_00243,4.0,,LEFT,MLO,1,4,1,calc,PUNCTATE,REGIONAL,N/A,N/A,MALIGNANT,1
P_00245,3.0,,RIGHT,MLO,1,4,3,calc,PLEOMORPHIC,CLUSTERED,N/A,N/A,BENIGN,0
P_00250,4.0,,LEFT,MLO,1,4,2,calc,PLEOMORPHIC,CLUSTERED,N/A,N/A,BENIGN,0
P_00251,3.0,,RIGHT,CC,1,4,3,calc,PLEOMORPHIC,CLUSTERED,N/A,N/A,MALIGNANT,1
P_00251,3.0,,RIGHT,MLO,1,4,3,calc,PLEOMORPHIC,CLUSTERED,N/A,N/A,MALIGNANT,1
P_00255,4.0,,RIGHT,CC,1,4,3,calc,PLEOMORPHIC,SEGMENTAL,N/A,N/A,BENIGN,0
P_00255,4.0,,RIGHT,MLO,1,4,3,calc,PLEOMORPHIC,SEGMENTAL,N/A,N/A,BENIGN,0
P_00256,3.0,,LEFT,CC,1,2,3,calc,LUCENT_CENTER,N/A,N/A,N/A,BENIGN_WITHOUT_CALLBACK,0
P_00256,3.0,,LEFT,MLO,1,2,3,calc,LUCENT_CENTER,N/A,N/A,N/A,BENIGN_WITHOUT_CALLBACK,0
P_00260,2.0,,RIGHT,CC,1,4,5,calc,PLEOMORPHIC,CLUSTERED,N/A,N/A,BENIGN,0
P_00260,2.0,,RIGHT,MLO,1,4,5,calc,PLEOMORPHIC,CLUSTERED,N/A,N/A,BENIGN,0
P_00263,2.0,,LEFT,MLO,1,4,3,calc,PLEOMORPHIC,LINEAR,N/A,N/A,MALIGNANT,1
P_00266,2.0,,LEFT,CC,1,5,5,calc,PLEOMORPHIC,SEGMENTAL,N/A,N/A,MALIGNANT,1
P_00266,2.0,,LEFT,MLO,1,5,5,calc,PLEOMORPHIC,SEGMENTAL,N/A,N/A,MALIGNANT,1
P_00268,2.0,,LEFT,CC,1,3,4,calc,AMORPHOUS,DIFFUSELY_SCATTERED,N/A,N/A,MALIGNANT,1
P_00268,2.0,,LEFT,MLO,1,3,4,calc,AMORPHOUS,DIFFUSELY_SCATTERED,N/A,N/A,MALIGNANT,1
P_00269,3.0,,LEFT,CC,1,4,1,calc,PLEOMORPHIC,CLUSTERED,N/A,N/A,BENIGN,0
P_00269,3.0,,LEFT,MLO,1,4,1,calc,PLEOMORPHIC,CLUSTERED,N/A,N/A,BENIGN,0
P_00270,4.0,,LEFT,CC,1,4,2,calc,PUNCTATE,SEGMENTAL,N/A,N/A,BENIGN,0
P_00270,4.0,,LEFT,MLO,1,4,2,calc,PUNCTATE,SEGMENTAL,N/A,N/A,BENIGN,0
P_00271,1.0,,LEFT,CC,1,5,3,calc,AMORPHOUS,REGIONAL,N/A,N/A,MALIGNANT,1
P_00271,1.0,,LEFT,MLO,1,5,3,calc,AMORPHOUS,REGIONAL,N/A,N/A,MALIGNANT,1
P_00274,2.0,,RIGHT,MLO,1,4,1,calc,PLEOMORPHIC,CLUSTERED,N/A,N/A,BENIGN,0
P_00275,3.0,,LEFT,CC,1,4,3,calc,PLEOMORPHIC,CLUSTERED,N/A,N/A,MALIGNANT,1
P_00275,3.0,,LEFT,MLO,1,4,4,calc,PLEOMORPHIC,CLUSTERED,N/A,N/A,MALIGNANT,1
P_00276,3.0,,RIGHT,CC,1,4,2,calc,PLEOMORPHIC,CLUSTERED,N/A,N/A,BENIGN,0
P_00276,3.0,,RIGHT,MLO,1,4,2,calc,PLEOMORPHIC,CLUSTERED,N/A,N/A,BENIGN,0
P_00280,2.0,,LEFT,CC,1,4,2,calc,PLEOMORPHIC,SEGMENTAL,N/A,N/A,MALIGNANT,1
P_00280,2.0,,LEFT,MLO,1,4,1,calc,PLEOMORPHIC,SEGMENTAL,N/A,N/A,MALIGNANT,1
P_00282,3.0,,LEFT,CC,1,4,2,calc,PUNCTATE,CLUSTERED,N/A,N/A,BENIGN,0
P_00282,3.0,,LEFT,MLO,1,2,1,calc,PUNCTATE,SEGMENTAL,N/A,N/A,BENIGN,0
P_00284,2.0,,LEFT,CC,1,4,5,calc,PUNCTATE,CLUSTERED,N/A,N/A,BENIGN,0
P_00284,2.0,,LEFT,CC,2,3,4,calc,PUNCTATE,CLUSTERED,N/A,N/A,BENIGN,0
P_00284,2.0,,LEFT,MLO,1,3,4,calc,PUNCTATE,CLUSTERED,N/A,N/A,BENIGN,0
P_00284,2.0,,LEFT,MLO,2,4,5,calc,PUNCTATE,CLUSTERED,N/A,N/A,BENIGN,0
P_00288,1.0,,RIGHT,CC,1,4,3,calc,PLEOMORPHIC,CLUSTERED,N/A,N/A,MALIGNANT,1
P_00288,1.0,,RIGHT,MLO,1,4,3,calc,PLEOMORPHIC,CLUSTERED,N/A,N/A,MALIGNANT,1
P_00291,3.0,,LEFT,CC,1,4,4,calc,PLEOMORPHIC,CLUSTERED-SEGMENTAL,N/A,N/A,BENIGN,0
P_00291,3.0,,LEFT,CC,2,4,4,calc,PLEOMORPHIC,CLUSTERED-SEGMENTAL,N/A,N/A,BENIGN,0
P_00291,3.0,,LEFT,CC,3,4,4,calc,PLEOMORPHIC,CLUSTERED-SEGMENTAL,N/A,N/A,BENIGN,0
P_00291,3.0,,LEFT,MLO,1,4,4,calc,PLEOMORPHIC,CLUSTERED-SEGMENTAL,N/A,N/A,BENIGN,0
P_00291,3.0,,LEFT,MLO,2,4,4,calc,PLEOMORPHIC,CLUSTERED-SEGMENTAL,N/A,N/A,BENIGN,0
P_00291,3.0,,RIGHT,CC,1,4,3,calc,PLEOMORPHIC,CLUSTERED,N/A,N/A,BENIGN,0
P_00291,3.0,,RIGHT,MLO,1,4,3,calc,PLEOMORPHIC,CLUSTERED,N/A,N/A,BENIGN,0
P_00293,4.0,,LEFT,CC,1,4,2,calc,PUNCTATE,CLUSTERED,N/A,N/A,MALIGNANT,1
P_00293,4.0,,LEFT,MLO,1,4,2,calc,PUNCTATE,CLUSTERED,N/A,N/A,MALIGNANT,1
P_00297,2.0,,RIGHT,CC,1,4,3,calc,PLEOMORPHIC,CLUSTERED,N/A,N/A,BENIGN,0
P_00297,2.0,,RIGHT,MLO,1,4,3,calc,PLEOMORPHIC,CLUSTERED,N/A,N/A,BENIGN,0
P_00302,2.0,,LEFT,CC,1,4,5,calc,AMORPHOUS,CLUSTERED,N/A,N/A,BENIGN,0
P_00302,2.0,,LEFT,CC,2,4,5,calc,PLEOMORPHIC,CLUSTERED,N/A,N/A,BENIGN,0
P_00302,2.0,,LEFT,MLO,1,4,5,calc,PLEOMORPHIC,CLUSTERED,N/A,N/A,BENIGN,0
P_00302,2.0,,LEFT,MLO,2,4,5,calc,PLEOMORPHIC,CLUSTERED,N/A,N/A,BENIGN,0
P_00302,2.0,,RIGHT,CC,1,4,2,calc,PUNCTATE,SEGMENTAL,N/A,N/A,BENIGN,0
P_00302,2.0,,RIGHT,MLO,1,4,2,calc,PUNCTATE,SEGMENTAL,N/A,N/A,BENIGN,0
P_00307,2.0,,LEFT,CC,1,5,5,calc,PLEOMORPHIC,CLUSTERED,N/A,N/A,MALIGNANT,1
P_00307,2.0,,LEFT,MLO,1,4,5,calc,PLEOMORPHIC,CLUSTERED,N/A,N/A,MALIGNANT,1
P_00308,3.0,,LEFT,CC,1,4,3,calc,PLEOMORPHIC,CLUSTERED,N/A,N/A,BENIGN,0
P_00308,3.0,,LEFT,MLO,1,4,3,calc,PLEOMORPHIC,CLUSTERED,N/A,N/A,BENIGN,0
P_00311,4.0,,RIGHT,CC,1,4,3,calc,PLEOMORPHIC,SEGMENTAL,N/A,N/A,BENIGN,0
P_00312,4.0,,RIGHT,MLO,1,4,2,calc,PLEOMORPHIC,CLUSTERED,N/A,N/A,BENIGN,0
P_00316,4.0,,RIGHT,CC,1,4,3,calc,PLEOMORPHIC,SEGMENTAL,N/A,N/A,MALIGNANT,1
P_00316,4.0,,RIGHT,MLO,1,4,3,calc,PLEOMORPHIC,SEGMENTAL,N/A,N/A,MALIGNANT,1
P_00318,4.0,,LEFT,MLO,1,4,2,calc,PLEOMORPHIC,CLUSTERED,N/A,N/A,BENIGN,0
P_00321,1.0,,LEFT,CC,1,4,3,calc,PLEOMORPHIC,CLUSTERED,N/A,N/A,MALIGNANT,1
P_00321,1.0,,LEFT,MLO,1,4,3,calc,PLEOMORPHIC,CLUSTERED,N/A,N/A,MALIGNANT,1
P_00322,2.0,,LEFT,CC,1,4,2,calc,AMORPHOUS,SEGMENTAL,N/A,N/A,BENIGN,0
P_00322,2.0,,LEFT,MLO,1,4,1,calc,AMORPHOUS,SEGMENTAL,N/A,N/A,BENIGN,0
P_00326,4.0,,LEFT,MLO,1,4,2,calc,PLEOMORPHIC,CLUSTERED,N/A,N/A,BENIGN,0
P_00336,4.0,,LEFT,CC,1,4,3,calc,PLEOMORPHIC,CLUSTERED,N/A,N/A,BENIGN,0
P_00336,4.0,,LEFT,MLO,1,4,3,calc,PLEOMORPHIC,CLUSTERED,N/A,N/A,BENIGN,0
P_00337,4.0,,LEFT,CC,1,4,2,calc,PLEOMORPHIC,CLUSTERED,N/A,N/A,BENIGN,0
P_00337,4.0,,LEFT,MLO,1,4,2,calc,PLEOMORPHIC,CLUSTERED,N/A,N/A,BENIGN,0
P_00339,2.0,,LEFT,CC,1,5,4,calc,AMORPHOUS,CLUSTERED,N/A,N/A,MALIGNANT,1
P_00339,2.0,,LEFT,MLO,1,5,4,calc,AMORPHOUS,CLUSTERED,N/A,N/A,MALIGNANT,1
P_00346,3.0,,RIGHT,CC,1,4,3,calc,AMORPHOUS-PLEOMORPHIC,CLUSTERED,N/A,N/A,BENIGN,0
P_00346,3.0,,RIGHT,MLO,1,3,3,calc,AMORPHOUS,CLUSTERED,N/A,N/A,BENIGN,0
P_00349,2.0,,RIGHT,CC,1,3,3,calc,ROUND_AND_REGULAR,CLUSTERED,N/A,N/A,BENIGN,0
P_00349,2.0,,RIGHT,MLO,1,3,3,calc,PUNCTATE-PLEOMORPHIC,CLUSTERED,N/A,N/A,BENIGN,0
P_00355,1.0,,LEFT,CC,1,5,5,calc,PLEOMORPHIC,SEGMENTAL,N/A,N/A,BENIGN,0
P_00355,1.0,,LEFT,MLO,1,5,5,calc,PLEOMORPHIC,SEGMENTAL,N/A,N/A,BENIGN,0
P_00357,3.0,,LEFT,CC,1,4,3,calc,AMORPHOUS,CLUSTERED,N/A,N/A,BENIGN,0
P_00360,4.0,,RIGHT,CC,1,4,3,calc,PLEOMORPHIC,LINEAR,N/A,N/A,BENIGN,0
P_00360,4.0,,RIGHT,MLO,1,4,3,calc,PLEOMORPHIC,LINEAR,N/A,N/A,BENIGN,0
P_00364,1.0,,RIGHT,CC,1,4,3,calc,PLEOMORPHIC,CLUSTERED,N/A,N/A,BENIGN,0
P_00364,1.0,,RIGHT,MLO,1,4,3,calc,PLEOMORPHIC,CLUSTERED,N/A,N/A,BENIGN,0
P_00373,4.0,,LEFT,CC,1,4,3,calc,PUNCTATE,CLUSTERED,N/A,N/A,BENIGN,0
P_00373,4.0,,LEFT,MLO,1,4,3,calc,PUNCTATE,CLUSTERED,N/A,N/A,BENIGN,0
P_00377,4.0,,LEFT,CC,1,4,4,calc,PLEOMORPHIC,CLUSTERED,N/A,N/A,BENIGN,0
P_00377,4.0,,LEFT,CC,2,4,4,calc,PLEOMORPHIC,CLUSTERED,N/A,N/A,BENIGN,0
P_00377,4.0,,LEFT,MLO,1,4,3,calc,PLEOMORPHIC,SEGMENTAL,N/A,N/A,BENIGN,0
P_00378,4.0,,LEFT,CC,1,4,1,calc,PLEOMORPHIC,CLUSTERED,N/A,N/A,BENIGN,0
P_00378,4.0,,LEFT,MLO,1,4,1,calc,PLEOMORPHIC,CLUSTERED,N/A,N/A,BENIGN,0
P_00380,2.0,,RIGHT,CC,1,4,4,calc,FINE_LINEAR_BRANCHING,CLUSTERED,N/A,N/A,BENIGN,0
P_00380,2.0,,RIGHT,MLO,1,4,5,calc,FINE_LINEAR_BRANCHING,CLUSTERED,N/A,N/A,BENIGN,0
P_00385,2.0,,LEFT,CC,1,2,5,calc,VASCULAR-COARSE-LUCENT_CENTERED,N/A,N/A,N/A,BENIGN_WITHOUT_CALLBACK,0
P_00385,2.0,,LEFT,CC,2,2,5,calc,VASCULAR-COARSE-LUCENT_CENTERED,N/A,N/A,N/A,BENIGN_WITHOUT_CALLBACK,0
P_00385,2.0,,LEFT,CC,3,2,5,calc,VASCULAR-COARSE-LUCENT_CENTERED,N/A,N/A,N/A,BENIGN_WITHOUT_CALLBACK,0
P_00385,2.0,,LEFT,CC,4,2,5,calc,VASCULAR-COARSE-LUCENT_CENTERED,N/A,N/A,N/A,BENIGN_WITHOUT_CALLBACK,0
P_00385,2.0,,LEFT,MLO,1,2,5,calc,VASCULAR-COARSE-LUCENT_CENTERED,N/A,N/A,N/A,BENIGN_WITHOUT_CALLBACK,0
P_00385,2.0,,LEFT,MLO,2,2,5,calc,VASCULAR-COARSE-LUCENT_CENTERED,N/A,N/A,N/A,BENIGN_WITHOUT_CALLBACK,0
P_00385,2.0,,LEFT,MLO,3,2,5,calc,VASCULAR-COARSE-LUCENT_CENTERED,N/A,N/A,N/A,BENIGN_WITHOUT_CALLBACK,0
P_00385,2.0,,LEFT,MLO,4,2,5,calc,VASCULAR-COARSE-LUCENT_CENTERED,N/A,N/A,N/A,BENIGN_WITHOUT_CALLBACK,0
P_00385,2.0,,RIGHT,CC,2,2,4,calc,ROUND_AND_REGULAR,N/A,N/A,N/A,BENIGN_WITHOUT_CALLBACK,0
P_00385,2.0,,RIGHT,CC,3,2,4,calc,VASCULAR,N/A,N/A,N/A,BENIGN_WITHOUT_CALLBACK,0
P_00385,2.0,,RIGHT,MLO,2,2,5,calc,ROUND_AND_REGULAR,N/A,N/A,N/A,BENIGN_WITHOUT_CALLBACK,0
P_00385,2.0,,RIGHT,MLO,3,2,5,calc,VASCULAR,N/A,N/A,N/A,BENIGN_WITHOUT_CALLBACK,0
P_00392,3.0,,LEFT,CC,1,4,2,calc,PLEOMORPHIC,LINEAR,N/A,N/A,MALIGNANT,1
P_00392,3.0,,LEFT,MLO,1,4,2,calc,PLEOMORPHIC,LINEAR,N/A,N/A,MALIGNANT,1
P_00393,2.0,,LEFT,MLO,1,4,3,calc,PUNCTATE,SEGMENTAL,N/A,N/A,BENIGN,0
P_00394,2.0,,LEFT,MLO,1,2,5,calc,LUCENT_CENTER,N/A,N/A,N/A,BENIGN_WITHOUT_CALLBACK,0
P_00394,2.0,,LEFT,MLO,2,2,5,calc,LUCENT_CENTER,N/A,N/A,N/A,BENIGN_WITHOUT_CALLBACK,0
P_00395,1.0,,RIGHT,CC,1,4,5,calc,PLEOMORPHIC,CLUSTERED,N/A,N/A,BENIGN,0
P_00395,1.0,,RIGHT,CC,2,4,5,calc,PUNCTATE,CLUSTERED,N/A,N/A,BENIGN,0
P_00395,1.0,,RIGHT,CC,3,4,5,calc,FINE_LINEAR_BRANCHING,CLUSTERED,N/A,N/A,BENIGN,0
P_00395,1.0,,RIGHT,MLO,1,4,5,calc,FINE_LINEAR_BRANCHING,CLUSTERED,N/A,N/A,BENIGN,0
P_00395,1.0,,RIGHT,MLO,2,4,5,calc,PUNCTATE,CLUSTERED,N/A,N/A,BENIGN,0
P_00395,1.0,,RIGHT,MLO,3,4,5,calc,PLEOMORPHIC,CLUSTERED,N/A,N/A,BENIGN,0
P_00398,3.0,,LEFT,CC,1,3,2,calc,PUNCTATE,CLUSTERED,N/A,N/A,BENIGN,0
P_00398,3.0,,LEFT,MLO,1,4,3,calc,PUNCTATE,CLUSTERED,N/A,N/A,BENIGN,0
P_00400,4.0,,RIGHT,CC,1,4,3,calc,AMORPHOUS,CLUSTERED,N/A,N/A,BENIGN,0
P_00400,4.0,,RIGHT,MLO,1,4,3,calc,AMORPHOUS,CLUSTERED,N/A,N/A,BENIGN,0
P_00404,2.0,,RIGHT,MLO,1,4,4,calc,ROUND_AND_REGULAR,CLUSTERED,N/A,N/A,MALIGNANT,1
P_00410,3.0,,RIGHT,CC,1,4,2,calc,PLEOMORPHIC,LINEAR,N/A,N/A,MALIGNANT,1
P_00410,3.0,,RIGHT,MLO,1,4,2,calc,PLEOMORPHIC,LINEAR,N/A,N/A,MALIGNANT,1
P_00418,3.0,,LEFT,CC,1,4,2,calc,PLEOMORPHIC,CLUSTERED,N/A,N/A,MALIGNANT,1
P_00418,3.0,,LEFT,MLO,1,4,2,calc,PLEOMORPHIC,CLUSTERED,N/A,N/A,MALIGNANT,1
P_00418,3.0,,RIGHT,CC,1,2,4,calc,COARSE-ROUND_AND_REGULAR,N/A,N/A,N/A,BENIGN_WITHOUT_CALLBACK,0
P_00418,3.0,,RIGHT,MLO,1,2,4,calc,COARSE-ROUND_AND_REGULAR,N/A,N/A,N/A,BENIGN_WITHOUT_CALLBACK,0
P_00422,3.0,,LEFT,CC,1,4,2,calc,PLEOMORPHIC,CLUSTERED,N/A,N/A,MALIGNANT,1
P_00422,3.0,,LEFT,MLO,1,3,2,calc,PLEOMORPHIC,CLUSTERED,N/A,N/A,MALIGNANT,1
P_00425,1.0,,RIGHT,CC,1,2,5,calc,COARSE-PLEOMORPHIC,CLUSTERED,N/A,N/A,BENIGN,0
P_00425,1.0,,RIGHT,MLO,1,2,5,calc,COARSE-PLEOMORPHIC,CLUSTERED,N/A,N/A,BENIGN,0
P_00432,1.0,,RIGHT,CC,1,2,3,calc,VASCULAR,N/A,N/A,N/A,BENIGN_WITHOUT_CALLBACK,0
P_00432,1.0,,RIGHT,CC,2,2,3,calc,COARSE,N/A,N/A,N/A,BENIGN_WITHOUT_CALLBACK,0
P_00432,1.0,,RIGHT,MLO,1,2,3,calc,COARSE,N/A,N/A,N/A,BENIGN_WITHOUT_CALLBACK,0
P_00432,1.0,,RIGHT,MLO,2,2,3,calc,VASCULAR,N/A,N/A,N/A,BENIGN_WITHOUT_CALLBACK,0
P_00438,4.0,,LEFT,CC,1,4,2,calc,PLEOMORPHIC,REGIONAL,N/A,N/A,MALIGNANT,1
P_00438,4.0,,LEFT,MLO,1,4,2,calc,PLEOMORPHIC,CLUSTERED,N/A,N/A,MALIGNANT,1
P_00443,2.0,,RIGHT,MLO,1,5,4,calc,FINE_LINEAR_BRANCHING,LINEAR,N/A,N/A,MALIGNANT,1
P_00445,2.0,,LEFT,MLO,1,5,5,calc,FINE_LINEAR_BRANCHING,SEGMENTAL,N/A,N/A,MALIGNANT,1
P_00447,3.0,,RIGHT,CC,1,4,2,calc,AMORPHOUS,CLUSTERED,N/A,N/A,BENIGN,0
P_00447,3.0,,RIGHT,MLO,1,4,2,calc,AMORPHOUS,CLUSTERED,N/A,N/A,BENIGN,0
P_00448,3.0,,LEFT,CC,1,4,2,calc,PLEOMORPHIC,CLUSTERED,N/A,N/A,BENIGN,0
P_00448,3.0,,LEFT,MLO,1,4,2,calc,PLEOMORPHIC,CLUSTERED,N/A,N/A,BENIGN,0
P_00452,2.0,,LEFT,CC,1,2,3,calc,VASCULAR,N/A,N/A,N/A,BENIGN_WITHOUT_CALLBACK,0
P_00452,2.0,,LEFT,MLO,1,2,3,calc,VASCULAR,N/A,N/A,N/A,BENIGN_WITHOUT_CALLBACK,0
P_00452,2.0,,LEFT,MLO,2,2,3,calc,VASCULAR,N/A,N/A,N/A,BENIGN_WITHOUT_CALLBACK,0
P_00452,2.0,,RIGHT,CC,1,2,3,calc,VASCULAR,N/A,N/A,N/A,BENIGN_WITHOUT_CALLBACK,0
P_00452,2.0,,RIGHT,CC,2,2,3,calc,VASCULAR,N/A,N/A,N/A,BENIGN_WITHOUT_CALLBACK,0
P_00452,2.0,,RIGHT,MLO,1,2,3,calc,VASCULAR,N/A,N/A,N/A,BENIGN_WITHOUT_CALLBACK,0
P_00452,2.0,,RIGHT,MLO,2,2,3,calc,VASCULAR,N/A,N/A,N/A,BENIGN_WITHOUT_CALLBACK,0
P_00452,2.0,,RIGHT,MLO,3,2,3,calc,VASCULAR,N/A,N/A,N/A,BENIGN_WITHOUT_CALLBACK,0
P_00455,1.0,,LEFT,CC,1,2,3,calc,LUCENT_CENTERED,N/A,N/A,N/A,BENIGN_WITHOUT_CALLBACK,0
P_00455,1.0,,LEFT,CC,2,2,3,calc,LUCENT_CENTERED,N/A,N/A,N/A,BENIGN_WITHOUT_CALLBACK,0
P_00455,1.0,,LEFT,CC,3,2,3,calc,LUCENT_CENTERED,N/A,N/A,N/A,BENIGN_WITHOUT_CALLBACK,0
P_00455,1.0,,LEFT,CC,4,2,3,calc,LUCENT_CENTERED,N/A,N/A,N/A,BENIGN_WITHOUT_CALLBACK,0
P_00455,1.0,,LEFT,MLO,1,2,3,calc,LUCENT_CENTERED,N/A,N/A,N/A,BENIGN_WITHOUT_CALLBACK,0
P_00455,1.0,,LEFT,MLO,2,2,3,calc,LUCENT_CENTERED,N/A,N/A,N/A,BENIGN_WITHOUT_CALLBACK,0
P_00455,1.0,,LEFT,MLO,3,2,3,calc,LUCENT_CENTERED,N/A,N/A,N/A,BENIGN_WITHOUT_CALLBACK,0
P_00455,1.0,,LEFT,MLO,4,2,3,calc,LUCENT_CENTERED,N/A,N/A,N/A,BENIGN_WITHOUT_CALLBACK,0
P_00456,3.0,,RIGHT,CC,1,0,5,calc,COARSE,CLUSTERED,N/A,N/A,BENIGN,0
P_00456,3.0,,RIGHT,MLO,1,0,5,calc,COARSE,CLUSTERED,N/A,N/A,BENIGN,0
P_00458,3.0,,LEFT,CC,1,4,1,calc,PLEOMORPHIC,CLUSTERED,N/A,N/A,BENIGN,0
P_00467,3.0,,LEFT,CC,1,2,3,calc,COARSE,N/A,N/A,N/A,BENIGN_WITHOUT_CALLBACK,0
P_00467,3.0,,LEFT,MLO,1,2,3,calc,COARSE,N/A,N/A,N/A,BENIGN_WITHOUT_CALLBACK,0
P_00467,3.0,,RIGHT,CC,1,4,3,calc,PLEOMORPHIC,CLUSTERED,N/A,N/A,MALIGNANT,1
P_00467,3.0,,RIGHT,MLO,1,4,3,calc,PLEOMORPHIC,CLUSTERED,N/A,N/A,MALIGNANT,1
P_00469,3.0,,LEFT,CC,1,4,2,calc,PLEOMORPHIC,CLUSTERED,N/A,N/A,BENIGN,0
P_00469,3.0,,LEFT,MLO,1,4,2,calc,PLEOMORPHIC,CLUSTERED,N/A,N/A,BENIGN,0
P_00471,3.0,,LEFT,CC,1,2,3,calc,VASCULAR-COARSE,N/A,N/A,N/A,BENIGN_WITHOUT_CALLBACK,0
P_00471,3.0,,LEFT,CC,2,2,3,calc,VASCULAR-COARSE,N/A,N/A,N/A,BENIGN_WITHOUT_CALLBACK,0
P_00471,3.0,,LEFT,CC,3,2,3,calc,VASCULAR-COARSE,N/A,N/A,N/A,BENIGN_WITHOUT_CALLBACK,0
P_00471,3.0,,LEFT,MLO,1,2,3,calc,VASCULAR-COARSE,N/A,N/A,N/A,BENIGN_WITHOUT_CALLBACK,0
P_00471,3.0,,LEFT,MLO,2,2,3,calc,VASCULAR-COARSE,N/A,N/A,N/A,BENIGN_WITHOUT_CALLBACK,0
P_00471,3.0,,LEFT,MLO,3,2,3,calc,VASCULAR-COARSE,N/A,N/A,N/A,BENIGN_WITHOUT_CALLBACK,0
P_00473,4.0,,LEFT,CC,1,4,1,calc,PLEOMORPHIC,SEGMENTAL,N/A,N/A,MALIGNANT,1
P_00473,4.0,,LEFT,MLO,1,4,1,calc,PLEOMORPHIC,SEGMENTAL,N/A,N/A,MALIGNANT,1
P_00474,4.0,,LEFT,CC,1,5,5,calc,PLEOMORPHIC,REGIONAL,N/A,N/A,MALIGNANT,1
P_00474,4.0,,LEFT,MLO,1,5,5,calc,PLEOMORPHIC,REGIONAL,N/A,N/A,MALIGNANT,1
P_00476,2.0,,LEFT,CC,1,2,4,calc,ROUND_AND_REGULAR,N/A,N/A,N/A,BENIGN_WITHOUT_CALLBACK,0
P_00476,2.0,,LEFT,MLO,1,2,4,calc,ROUND_AND_REGULAR,N/A,N/A,N/A,BENIGN_WITHOUT_CALLBACK,0
P_00476,2.0,,RIGHT,CC,1,2,3,calc,LUCENT_CENTER,N/A,N/A,N/A,BENIGN_WITHOUT_CALLBACK,0
P_00476,2.0,,RIGHT,CC,2,2,3,calc,LUCENT_CENTER,N/A,N/A,N/A,BENIGN_WITHOUT_CALLBACK,0
P_00476,2.0,,RIGHT,CC,3,2,3,calc,LUCENT_CENTER,N/A,N/A,N/A,BENIGN_WITHOUT_CALLBACK,0
P_00476,2.0,,RIGHT,MLO,1,2,3,calc,LUCENT_CENTER,N/A,N/A,N/A,BENIGN_WITHOUT_CALLBACK,0
P_00476,2.0,,RIGHT,MLO,2,2,3,calc,LUCENT_CENTER,N/A,N/A,N/A,BENIGN_WITHOUT_CALLBACK,0
P_00476,2.0,,RIGHT,MLO,3,2,3,calc,LUCENT_CENTER,N/A,N/A,N/A,BENIGN_WITHOUT_CALLBACK,0
P_00479,3.0,,LEFT,CC,1,5,4,calc,PLEOMORPHIC-FINE_LINEAR_BRANCHING,CLUSTERED-LINEAR,N/A,N/A,MALIGNANT,1
P_00479,3.0,,LEFT,MLO,1,5,4,calc,PLEOMORPHIC-FINE_LINEAR_BRANCHING,CLUSTERED-LINEAR,N/A,N/A,MALIGNANT,1
P_00480,2.0,,LEFT,CC,1,2,5,calc,VASCULAR,N/A,N/A,N/A,BENIGN_WITHOUT_CALLBACK,0
P_00480,2.0,,LEFT,MLO,1,2,5,calc,VASCULAR,N/A,N/A,N/A,BENIGN_WITHOUT_CALLBACK,0
P_00480,2.0,,RIGHT,CC,1,2,5,calc,VASCULAR,N/A,N/A,N/A,BENIGN_WITHOUT_CALLBACK,0
P_00480,2.0,,RIGHT,CC,2,2,5,calc,VASCULAR,N/A,N/A,N/A,BENIGN_WITHOUT_CALLBACK,0
P_00480,2.0,,RIGHT,CC,3,2,5,calc,VASCULAR,N/A,N/A,N/A,BENIGN_WITHOUT_CALLBACK,0
P_00480,2.0,,RIGHT,MLO,1,2,5,calc,VASCULAR,N/A,N/A,N/A,BENIGN_WITHOUT_CALLBACK,0
P_00484,2.0,,LEFT,CC,1,4,3,calc,PLEOMORPHIC,SEGMENTAL,N/A,N/A,MALIGNANT,1
P_00484,2.0,,LEFT,MLO,1,4,3,calc,PLEOMORPHIC,SEGMENTAL,N/A,N/A,MALIGNANT,1
P_00486,1.0,,RIGHT,CC,1,4,2,calc,AMORPHOUS,REGIONAL,N/A,N/A,BENIGN,0
P_00486,1.0,,RIGHT,MLO,1,4,2,calc,AMORPHOUS,REGIONAL,N/A,N/A,BENIGN,0
P_00491,3.0,,LEFT,MLO,1,4,5,calc,PLEOMORPHIC,CLUSTERED,N/A,N/A,BENIGN,0
P_00502,4.0,,LEFT,CC,1,4,1,calc,PLEOMORPHIC,LINEAR,N/A,N/A,MALIGNANT,1
P_00502,4.0,,LEFT,MLO,1,4,1,calc,PLEOMORPHIC,LINEAR,N/A,N/A,MALIGNANT,1
P_00503,4.0,,RIGHT,CC,1,4,3,calc,PLEOMORPHIC,CLUSTERED,N/A,N/A,BENIGN,0
P_00503,4.0,,RIGHT,MLO,1,4,3,calc,PLEOMORPHIC,CLUSTERED,N/A,N/A,BENIGN,0
P_00505,1.0,,LEFT,CC,1,2,3,calc,LUCENT_CENTER,N/A,N/A,N/A,BENIGN_WITHOUT_CALLBACK,0
P_00505,1.0,,LEFT,MLO,1,2,3,calc,LUCENT_CENTER,N/A,N/A,N/A,BENIGN_WITHOUT_CALLBACK,0
P_00505,1.0,,LEFT,MLO,2,2,3,calc,LUCENT_CENTER,N/A,N/A,N/A,BENIGN_WITHOUT_CALLBACK,0
P_00505,1.0,,RIGHT,CC,1,2,3,calc,LUCENT_CENTER,N/A,N/A,N/A,BENIGN_WITHOUT_CALLBACK,0
P_00505,1.0,,RIGHT,CC,2,2,3,calc,LUCENT_CENTER,N/A,N/A,N/A,BENIGN_WITHOUT_CALLBACK,0
P_00505,1.0,,RIGHT,MLO,1,2,3,calc,LUCENT_CENTER,N/A,N/A,N/A,BENIGN_WITHOUT_CALLBACK,0
P_00505,1.0,,RIGHT,MLO,2,2,3,calc,LUCENT_CENTER,N/A,N/A,N/A,BENIGN_WITHOUT_CALLBACK,0
P_00506,2.0,,RIGHT,CC,1,2,4,calc,LUCENT_CENTER,N/A,N/A,N/A,BENIGN_WITHOUT_CALLBACK,0
P_00506,2.0,,RIGHT,MLO,1,2,4,calc,LUCENT_CENTER,N/A,N/A,N/A,BENIGN_WITHOUT_CALLBACK,0
P_00508,3.0,,LEFT,CC,1,4,2,calc,PLEOMORPHIC,SEGMENTAL,N/A,N/A,BENIGN,0
P_00508,3.0,,LEFT,MLO,1,4,2,calc,PLEOMORPHIC,SEGMENTAL,N/A,N/A,BENIGN,0
P_00510,2.0,,LEFT,CC,1,2,4,calc,ROUND_AND_REGULAR-PUNCTATE,N/A,N/A,N/A,BENIGN_WITHOUT_CALLBACK,0
P_00510,2.0,,LEFT,CC,2,2,4,calc,ROUND_AND_REGULAR-PUNCTATE,N/A,N/A,N/A,BENIGN_WITHOUT_CALLBACK,0
P_00510,2.0,,LEFT,CC,3,2,4,calc,ROUND_AND_REGULAR-PUNCTATE,N/A,N/A,N/A,BENIGN_WITHOUT_CALLBACK,0
P_00510,2.0,,LEFT,CC,5,2,4,calc,VASCULAR,N/A,N/A,N/A,BENIGN_WITHOUT_CALLBACK,0
P_00510,2.0,,LEFT,MLO,1,2,4,calc,ROUND_AND_REGULAR-PUNCTATE,N/A,N/A,N/A,BENIGN_WITHOUT_CALLBACK,0
P_00510,2.0,,LEFT,MLO,3,2,4,calc,VASCULAR,N/A,N/A,N/A,BENIGN_WITHOUT_CALLBACK,0
P_00510,2.0,,RIGHT,CC,1,2,4,calc,ROUND_AND_REGULAR-LUCENT_CENTER,N/A,N/A,N/A,BENIGN_WITHOUT_CALLBACK,0
P_00510,2.0,,RIGHT,CC,2,2,4,calc,ROUND_AND_REGULAR-LUCENT_CENTER,N/A,N/A,N/A,BENIGN_WITHOUT_CALLBACK,0
P_00510,2.0,,RIGHT,CC,3,2,4,calc,VASCULAR,N/A,N/A,N/A,BENIGN_WITHOUT_CALLBACK,0
P_00510,2.0,,RIGHT,MLO,1,2,4,calc,ROUND_AND_REGULAR-LUCENT_CENTER,N/A,N/A,N/A,BENIGN_WITHOUT_CALLBACK,0
P_00510,2.0,,RIGHT,MLO,2,2,4,calc,ROUND_AND_REGULAR-LUCENT_CENTER,N/A,N/A,N/A,BENIGN_WITHOUT_CALLBACK,0
P_00510,2.0,,RIGHT,MLO,3,2,4,calc,VASCULAR,N/A,N/A,N/A,BENIGN_WITHOUT_CALLBACK,0
P_00519,3.0,,LEFT,CC,1,2,5,calc,COARSE,N/A,N/A,N/A,BENIGN_WITHOUT_CALLBACK,0
P_00519,3.0,,LEFT,MLO,1,2,5,calc,COARSE,N/A,N/A,N/A,BENIGN_WITHOUT_CALLBACK,0
P_00520,2.0,,LEFT,CC,1,4,2,calc,PLEOMORPHIC,CLUSTERED,N/A,N/A,BENIGN,0
P_00520,2.0,,LEFT,MLO,1,4,2,calc,PLEOMORPHIC,CLUSTERED,N/A,N/A,BENIGN,0
P_00522,2.0,,RIGHT,CC,1,3,2,calc,PLEOMORPHIC,CLUSTERED,N/A,N/A,BENIGN,0
P_00522,2.0,,RIGHT,MLO,2,3,2,calc,PLEOMORPHIC,CLUSTERED,N/A,N/A,BENIGN,0
P_00523,2.0,,RIGHT,CC,1,5,4,calc,PLEOMORPHIC,CLUSTERED,N/A,N/A,MALIGNANT,1
P_00523,2.0,,RIGHT,MLO,1,5,5,calc,PLEOMORPHIC,CLUSTERED,N/A,N/A,MALIGNANT,1
P_00527,3.0,,RIGHT,MLO,1,5,5,calc,PLEOMORPHIC,CLUSTERED,N/A,N/A,MALIGNANT,1
P_00529,3.0,,LEFT,MLO,1,2,3,calc,LUCENT_CENTER,N/A,N/A,N/A,BENIGN_WITHOUT_CALLBACK,0
P_00529,3.0,,RIGHT,CC,1,2,3,calc,ROUND_AND_REGULAR-LUCENT_CENTER,N/A,N/A,N/A,BENIGN_WITHOUT_CALLBACK,0
P_00529,3.0,,RIGHT,CC,2,2,3,calc,ROUND_AND_REGULAR-LUCENT_CENTER,N/A,N/A,N/A,BENIGN_WITHOUT_CALLBACK,0
P_00529,3.0,,RIGHT,MLO,1,2,3,calc,ROUND_AND_REGULAR-LUCENT_CENTER,N/A,N/A,N/A,BENIGN_WITHOUT_CALLBACK,0
P_00529,3.0,,RIGHT,MLO,2,2,3,calc,ROUND_AND_REGULAR-LUCENT_CENTER,N/A,N/A,N/A,BENIGN_WITHOUT_CALLBACK,0
P_00530,2.0,,LEFT,CC,1,4,1,calc,PLEOMORPHIC,LINEAR,N/A,N/A,MALIGNANT,1
P_00530,2.0,,LEFT,MLO,1,4,1,calc,PLEOMORPHIC,LINEAR,N/A,N/A,MALIGNANT,1
P_00531,2.0,,RIGHT,CC,1,4,2,calc,PLEOMORPHIC,CLUSTERED,N/A,N/A,BENIGN,0
P_00531,2.0,,RIGHT,MLO,1,4,2,calc,PLEOMORPHIC,CLUSTERED,N/A,N/A,BENIGN,0
P_00534,3.0,,RIGHT,CC,1,5,5,calc,AMORPHOUS,CLUSTERED,N/A,N/A,MALIGNANT,1
P_00534,3.0,,RIGHT,MLO,1,5,5,calc,AMORPHOUS,CLUSTERED,N/A,N/A,MALIGNANT,1
P_00538,3.0,,RIGHT,CC,1,2,3,calc,COARSE,N/A,N/A,N/A,BENIGN_WITHOUT_CALLBACK,0
P_00538,3.0,,RIGHT,CC,2,2,3,calc,LUCENT_CENTER,N/A,N/A,N/A,BENIGN_WITHOUT_CALLBACK,0
P_00538,3.0,,RIGHT,MLO,1,2,3,calc,COARSE,N/A,N/A,N/A,BENIGN_WITHOUT_CALLBACK,0
P_00538,3.0,,RIGHT,MLO,2,2,3,calc,LUCENT_CENTER,N/A,N/A,N/A,BENIGN_WITHOUT_CALLBACK,0
P_00539,3.0,,RIGHT,CC,2,4,3,calc,PLEOMORPHIC,CLUSTERED,N/A,N/A,MALIGNANT,1
P_00539,3.0,,RIGHT,CC,3,4,3,calc,PLEOMORPHIC,CLUSTERED,N/A,N/A,MALIGNANT,1
P_00539,3.0,,RIGHT,CC,4,4,3,calc,PLEOMORPHIC,CLUSTERED,N/A,N/A,MALIGNANT,1
P_00539,3.0,,RIGHT,MLO,2,4,3,calc,PLEOMORPHIC,CLUSTERED,N/A,N/A,MALIGNANT,1
P_00539,3.0,,RIGHT,MLO,3,4,3,calc,PLEOMORPHIC,CLUSTERED,N/A,N/A,MALIGNANT,1
P_00539,3.0,,RIGHT,MLO,4,4,3,calc,PLEOMORPHIC,CLUSTERED,N/A,N/A,MALIGNANT,1
P_00546,3.0,,RIGHT,MLO,1,4,4,calc,PUNCTATE-PLEOMORPHIC,CLUSTERED,N/A,N/A,MALIGNANT,1
P_00548,4.0,,LEFT,CC,1,4,5,calc,PLEOMORPHIC,CLUSTERED,N/A,N/A,BENIGN,0
P_00548,4.0,,LEFT,CC,2,4,5,calc,PLEOMORPHIC,CLUSTERED,N/A,N/A,BENIGN,0
P_00548,4.0,,LEFT,CC,3,4,5,calc,PLEOMORPHIC,CLUSTERED,N/A,N/A,BENIGN,0
P_00548,4.0,,LEFT,MLO,1,4,5,calc,PLEOMORPHIC,CLUSTERED,N/A,N/A,BENIGN,0
P_00548,4.0,,LEFT,MLO,2,4,5,calc,PLEOMORPHIC,CLUSTERED,N/A,N/A,BENIGN,0
P_00548,4.0,,LEFT,MLO,3,4,5,calc,PLEOMORPHIC,CLUSTERED,N/A,N/A,BENIGN,0
P_00551,2.0,,RIGHT,CC,1,4,2,calc,PLEOMORPHIC,LINEAR,N/A,N/A,MALIGNANT,1
P_00551,2.0,,RIGHT,MLO,1,4,2,calc,PLEOMORPHIC,LINEAR,N/A,N/A,MALIGNANT,1
P_00552,4.0,,RIGHT,MLO,1,4,2,calc,PLEOMORPHIC,CLUSTERED,N/A,N/A,MALIGNANT,1
P_00555,3.0,,RIGHT,CC,1,2,4,calc,COARSE-ROUND_AND_REGULAR-LUCENT_CENTERED,N/A,N/A,N/A,BENIGN_WITHOUT_CALLBACK,0
P_00555,3.0,,RIGHT,CC,2,2,4,calc,COARSE-ROUND_AND_REGULAR-LUCENT_CENTERED,N/A,N/A,N/A,BENIGN_WITHOUT_CALLBACK,0
P_00555,3.0,,RIGHT,MLO,1,2,4,calc,COARSE-ROUND_AND_REGULAR-LUCENT_CENTERED,N/A,N/A,N/A,BENIGN_WITHOUT_CALLBACK,0
P_00555,3.0,,RIGHT,MLO,2,2,4,calc,COARSE-ROUND_AND_REGULAR-LUCENT_CENTERED,N/A,N/A,N/A,BENIGN_WITHOUT_CALLBACK,0
P_00556,4.0,,LEFT,CC,1,4,3,calc,ROUND_AND_REGULAR,CLUSTERED,N/A,N/A,BENIGN,0
P_00556,4.0,,LEFT,MLO,1,4,3,calc,ROUND_AND_REGULAR,CLUSTERED,N/A,N/A,BENIGN,0
P_00557,2.0,,LEFT,CC,1,4,3,calc,PLEOMORPHIC,CLUSTERED,N/A,N/A,BENIGN,0
P_00557,2.0,,LEFT,MLO,1,4,3,calc,PLEOMORPHIC,CLUSTERED,N/A,N/A,BENIGN,0
P_00557,2.0,,RIGHT,CC,1,2,4,calc,PLEOMORPHIC,CLUSTERED,N/A,N/A,BENIGN_WITHOUT_CALLBACK,0
P_00557,2.0,,RIGHT,CC,2,2,4,calc,PLEOMORPHIC,CLUSTERED,N/A,N/A,BENIGN_WITHOUT_CALLBACK,0
P_00557,2.0,,RIGHT,CC,3,2,4,calc,PLEOMORPHIC,CLUSTERED,N/A,N/A,BENIGN_WITHOUT_CALLBACK,0
P_00557,2.0,,RIGHT,CC,4,2,4,calc,PLEOMORPHIC,CLUSTERED,N/A,N/A,BENIGN_WITHOUT_CALLBACK,0
P_00557,2.0,,RIGHT,MLO,1,2,4,calc,PLEOMORPHIC,CLUSTERED,N/A,N/A,BENIGN_WITHOUT_CALLBACK,0
P_00557,2.0,,RIGHT,MLO,2,2,4,calc,PLEOMORPHIC,CLUSTERED,N/A,N/A,BENIGN_WITHOUT_CALLBACK,0
P_00557,2.0,,RIGHT,MLO,3,2,4,calc,PLEOMORPHIC,CLUSTERED,N/A,N/A,BENIGN_WITHOUT_CALLBACK,0
P_00558,4.0,,RIGHT,CC,1,4,3,calc,PUNCTATE-PLEOMORPHIC,N/A,N/A,N/A,BENIGN,0
P_00558,4.0,,RIGHT,MLO,1,4,3,calc,PUNCTATE-PLEOMORPHIC,CLUSTERED,N/A,N/A,BENIGN,0
P_00558,4.0,,RIGHT,MLO,2,4,3,calc,PUNCTATE-PLEOMORPHIC,CLUSTERED,N/A,N/A,BENIGN,0
P_00559,2.0,,RIGHT,CC,1,4,3,calc,PLEOMORPHIC,CLUSTERED,N/A,N/A,MALIGNANT,1
P_00559,2.0,,RIGHT,CC,2,4,3,calc,PLEOMORPHIC,CLUSTERED,N/A,N/A,MALIGNANT,1
P_00559,2.0,,RIGHT,MLO,1,4,3,calc,PLEOMORPHIC,CLUSTERED,N/A,N/A,MALIGNANT,1
P_00559,2.0,,RIGHT,MLO,2,4,3,calc,PLEOMORPHIC,CLUSTERED,N/A,N/A,MALIGNANT,1
P_00563,4.0,,RIGHT,MLO,1,4,2,calc,FINE_LINEAR_BRANCHING,LINEAR,N/A,N/A,MALIGNANT,1
P_00571,2.0,,RIGHT,CC,1,4,2,calc,AMORPHOUS,CLUSTERED,N/A,N/A,BENIGN,0
P_00571,2.0,,RIGHT,MLO,1,4,2,calc,AMORPHOUS,CLUSTERED,N/A,N/A,BENIGN,0
P_00573,1.0,,RIGHT,CC,1,5,5,calc,AMORPHOUS,CLUSTERED,N/A,N/A,MALIGNANT,1
P_00573,1.0,,RIGHT,MLO,3,5,5,calc,AMORPHOUS,CLUSTERED,N/A,N/A,MALIGNANT,1
P_00574,1.0,,RIGHT,CC,1,5,3,calc,PLEOMORPHIC-FINE_LINEAR_BRANCHING,LINEAR,N/A,N/A,MALIGNANT,1
P_00574,1.0,,RIGHT,MLO,1,5,3,calc,PLEOMORPHIC-FINE_LINEAR_BRANCHING,LINEAR,N/A,N/A,MALIGNANT,1
P_00578,4.0,,LEFT,CC,1,4,2,calc,PLEOMORPHIC,CLUSTERED,N/A,N/A,BENIGN,0
P_00578,4.0,,LEFT,MLO,1,4,2,calc,PLEOMORPHIC,CLUSTERED,N/A,N/A,BENIGN,0
P_00582,3.0,,RIGHT,MLO,1,5,5,calc,PLEOMORPHIC,SEGMENTAL,N/A,N/A,MALIGNANT,1
P_00583,4.0,,LEFT,CC,1,4,4,calc,AMORPHOUS,CLUSTERED,N/A,N/A,BENIGN,0
P_00583,4.0,,LEFT,MLO,1,4,4,calc,AMORPHOUS,CLUSTERED,N/A,N/A,BENIGN,0
P_00584,1.0,,LEFT,CC,1,5,5,calc,AMORPHOUS,CLUSTERED,N/A,N/A,MALIGNANT,1
P_00585,1.0,,LEFT,CC,1,4,4,calc,PLEOMORPHIC,CLUSTERED,N/A,N/A,BENIGN,0
P_00585,1.0,,LEFT,MLO,1,4,4,calc,PLEOMORPHIC,CLUSTERED,N/A,N/A,BENIGN,0
P_00591,1.0,,RIGHT,CC,1,5,5,calc,PLEOMORPHIC,CLUSTERED,N/A,N/A,MALIGNANT,1
P_00591,1.0,,RIGHT,CC,2,5,5,calc,PLEOMORPHIC,REGIONAL,N/A,N/A,MALIGNANT,1
P_00591,1.0,,RIGHT,MLO,1,5,5,calc,PLEOMORPHIC,CLUSTERED,N/A,N/A,MALIGNANT,1
P_00591,1.0,,RIGHT,MLO,2,5,5,calc,PLEOMORPHIC,REGIONAL,N/A,N/A,MALIGNANT,1
P_00593,4.0,,RIGHT,CC,1,4,3,calc,PLEOMORPHIC,CLUSTERED,N/A,N/A,BENIGN,0
P_00593,4.0,,RIGHT,MLO,1,4,2,calc,PLEOMORPHIC,CLUSTERED,N/A,N/A,BENIGN,0
P_00594,2.0,,LEFT,CC,2,4,4,calc,PLEOMORPHIC,CLUSTERED,N/A,N/A,MALIGNANT,1
P_00594,2.0,,LEFT,MLO,2,4,4,calc,PLEOMORPHIC,CLUSTERED,N/A,N/A,MALIGNANT,1
P_00595,4.0,,LEFT,CC,1,4,5,calc,PLEOMORPHIC,CLUSTERED,N/A,N/A,MALIGNANT,1
P_00595,4.0,,LEFT,MLO,1,4,5,calc,PLEOMORPHIC,CLUSTERED,N/A,N/A,MALIGNANT,1
P_00597,4.0,,LEFT,CC,1,3,5,calc,ROUND_AND_REGULAR,CLUSTERED,N/A,N/A,BENIGN,0
P_00597,4.0,,LEFT,MLO,1,3,5,calc,ROUND_AND_REGULAR,CLUSTERED,N/A,N/A,BENIGN,0
P_00600,3.0,,LEFT,CC,1,4,1,calc,AMORPHOUS,CLUSTERED,N/A,N/A,BENIGN,0
P_00600,3.0,,LEFT,CC,2,4,1,calc,AMORPHOUS,CLUSTERED,N/A,N/A,MALIGNANT,1
P_00600,3.0,,LEFT,MLO,1,4,1,calc,AMORPHOUS,CLUSTERED,N/A,N/A,BENIGN,0
P_00600,3.0,,LEFT,MLO,2,4,1,calc,AMORPHOUS,CLUSTERED,N/A,N/A,MALIGNANT,1
P_00601,2.0,,LEFT,CC,2,5,4,calc,FINE_LINEAR_BRANCHING,SEGMENTAL,N/A,N/A,MALIGNANT,1
P_00601,2.0,,LEFT,MLO,1,5,4,calc,FINE_LINEAR_BRANCHING,SEGMENTAL,N/A,N/A,MALIGNANT,1
P_00606,3.0,,LEFT,CC,1,4,3,calc,PLEOMORPHIC,SEGMENTAL,N/A,N/A,MALIGNANT,1
P_00606,3.0,,LEFT,MLO,1,4,3,calc,PLEOMORPHIC,SEGMENTAL,N/A,N/A,MALIGNANT,1
P_00609,3.0,,RIGHT,CC,1,4,3,calc,PLEOMORPHIC,SEGMENTAL,N/A,N/A,MALIGNANT,1
P_00609,3.0,,RIGHT,MLO,1,4,3,calc,PLEOMORPHIC,SEGMENTAL,N/A,N/A,MALIGNANT,1
P_00613,2.0,,RIGHT,CC,1,2,3,calc,SKIN,REGIONAL,N/A,N/A,BENIGN_WITHOUT_CALLBACK,0
P_00613,2.0,,RIGHT,MLO,1,2,3,calc,SKIN,REGIONAL,N/A,N/A,BENIGN_WITHOUT_CALLBACK,0
P_00621,3.0,,LEFT,CC,1,4,3,calc,PLEOMORPHIC,CLUSTERED,N/A,N/A,BENIGN,0
P_00621,3.0,,LEFT,MLO,1,4,3,calc,PLEOMORPHIC,CLUSTERED,N/A,N/A,BENIGN,0
P_00624,3.0,,LEFT,CC,1,0,1,calc,AMORPHOUS,SEGMENTAL,N/A,N/A,BENIGN,0
P_00624,3.0,,LEFT,MLO,1,0,1,calc,AMORPHOUS,SEGMENTAL,N/A,N/A,BENIGN,0
P_00624,3.0,,RIGHT,CC,1,0,3,calc,AMORPHOUS,SEGMENTAL,N/A,N/A,BENIGN,0
P_00624,3.0,,RIGHT,MLO,1,0,3,calc,AMORPHOUS,SEGMENTAL,N/A,N/A,BENIGN,0
P_00625,4.0,,RIGHT,MLO,1,4,2,calc,PLEOMORPHIC,CLUSTERED,N/A,N/A,BENIGN,0
P_00627,2.0,,LEFT,CC,1,4,1,calc,PUNCTATE,SEGMENTAL,N/A,N/A,BENIGN,0
P_00631,3.0,,RIGHT,CC,1,4,3,calc,PUNCTATE-PLEOMORPHIC,CLUSTERED,N/A,N/A,MALIGNANT,1
P_00631,3.0,,RIGHT,MLO,1,4,3,calc,PUNCTATE-PLEOMORPHIC,CLUSTERED,N/A,N/A,MALIGNANT,1
P_00633,4.0,,RIGHT,MLO,1,4,2,calc,AMORPHOUS,CLUSTERED,N/A,N/A,BENIGN,0
P_00635,3.0,,LEFT,CC,1,2,4,calc,PUNCTATE,N/A,N/A,N/A,BENIGN_WITHOUT_CALLBACK,0
P_00635,3.0,,LEFT,MLO,1,2,4,calc,PUNCTATE,N/A,N/A,N/A,BENIGN_WITHOUT_CALLBACK,0
P_00635,3.0,,RIGHT,CC,1,2,5,calc,LUCENT_CENTER,N/A,N/A,N/A,BENIGN_WITHOUT_CALLBACK,0
P_00635,3.0,,RIGHT,CC,2,2,5,calc,LUCENT_CENTER,N/A,N/A,N/A,BENIGN_WITHOUT_CALLBACK,0
P_00635,3.0,,RIGHT,MLO,1,2,5,calc,LUCENT_CENTER,N/A,N/A,N/A,BENIGN_WITHOUT_CALLBACK,0
P_00635,3.0,,RIGHT,MLO,2,2,5,calc,LUCENT_CENTER,N/A,N/A,N/A,BENIGN_WITHOUT_CALLBACK,0
P_00638,3.0,,LEFT,CC,1,4,3,calc,PLEOMORPHIC,SEGMENTAL,N/A,N/A,MALIGNANT,1
P_00638,3.0,,LEFT,MLO,1,4,3,calc,PLEOMORPHIC,SEGMENTAL,N/A,N/A,MALIGNANT,1
P_00639,2.0,,RIGHT,CC,1,4,4,calc,PLEOMORPHIC,CLUSTERED,N/A,N/A,MALIGNANT,1
P_00639,2.0,,RIGHT,MLO,1,4,4,calc,PLEOMORPHIC,CLUSTERED,N/A,N/A,MALIGNANT,1
P_00642,2.0,,LEFT,CC,1,2,5,calc,LUCENT_CENTERED,LINEAR,N/A,N/A,BENIGN,0
P_00642,2.0,,LEFT,MLO,1,2,5,calc,N/A,LINEAR,N/A,N/A,BENIGN,0
P_00642,2.0,,RIGHT,CC,1,4,5,calc,AMORPHOUS,CLUSTERED,N/A,N/A,BENIGN,0
P_00642,2.0,,RIGHT,MLO,1,4,5,calc,AMORPHOUS,CLUSTERED,N/A,N/A,BENIGN,0
P_00645,3.0,,RIGHT,MLO,1,4,2,calc,PLEOMORPHIC,LINEAR,N/A,N/A,BENIGN,0
P_00647,4.0,,RIGHT,CC,1,4,1,calc,PUNCTATE,SEGMENTAL,N/A,N/A,BENIGN,0
P_00647,4.0,,RIGHT,MLO,1,4,1,calc,PUNCTATE,SEGMENTAL,N/A,N/A,BENIGN,0
P_00652,3.0,,LEFT,CC,2,4,3,calc,PLEOMORPHIC-FINE_LINEAR_BRANCHING,CLUSTERED-LINEAR,N/A,N/A,MALIGNANT,1
P_00652,3.0,,LEFT,MLO,1,4,3,calc,PLEOMORPHIC-FINE_LINEAR_BRANCHING,CLUSTERED-LINEAR,N/A,N/A,MALIGNANT,1
P_00654,3.0,,RIGHT,CC,1,5,3,calc,PLEOMORPHIC,LINEAR,N/A,N/A,MALIGNANT,1
P_00654,3.0,,RIGHT,MLO,1,4,3,calc,PLEOMORPHIC,LINEAR,N/A,N/A,MALIGNANT,1
P_00655,2.0,,RIGHT,CC,1,4,2,calc,FINE_LINEAR_BRANCHING,LINEAR,N/A,N/A,BENIGN,0
P_00655,2.0,,RIGHT,MLO,1,4,3,calc,FINE_LINEAR_BRANCHING,LINEAR,N/A,N/A,BENIGN,0
P_00658,3.0,,LEFT,CC,1,5,3,calc,PLEOMORPHIC,SEGMENTAL,N/A,N/A,MALIGNANT,1
P_00658,3.0,,LEFT,MLO,1,5,3,calc,PLEOMORPHIC,SEGMENTAL,N/A,N/A,MALIGNANT,1
P_00664,4.0,,RIGHT,CC,1,5,5,calc,PLEOMORPHIC,CLUSTERED,N/A,N/A,MALIGNANT,1
P_00664,4.0,,RIGHT,MLO,1,5,5,calc,PLEOMORPHIC,CLUSTERED,N/A,N/A,MALIGNANT,1
P_00666,2.0,,LEFT,CC,1,3,4,calc,PUNCTATE,CLUSTERED,N/A,N/A,BENIGN,0
P_00666,2.0,,LEFT,MLO,1,3,4,calc,PUNCTATE,CLUSTERED,N/A,N/A,BENIGN,0
P_00666,2.0,,RIGHT,CC,2,3,5,calc,PLEOMORPHIC,CLUSTERED,N/A,N/A,BENIGN,0
P_00666,2.0,,RIGHT,CC,3,4,5,calc,PLEOMORPHIC,CLUSTERED,N/A,N/A,BENIGN,0
P_00666,2.0,,RIGHT,MLO,2,3,5,calc,PLEOMORPHIC,CLUSTERED,N/A,N/A,BENIGN,0
P_00666,2.0,,RIGHT,MLO,3,4,5,calc,PLEOMORPHIC,CLUSTERED,N/A,N/A,BENIGN,0
P_00667,4.0,,RIGHT,CC,1,4,4,calc,PUNCTATE,CLUSTERED,N/A,N/A,MALIGNANT,1
P_00667,4.0,,RIGHT,MLO,1,4,4,calc,PUNCTATE,CLUSTERED,N/A,N/A,MALIGNANT,1
P_00669,2.0,,RIGHT,CC,1,4,5,calc,PLEOMORPHIC,CLUSTERED,N/A,N/A,BENIGN,0
P_00669,2.0,,RIGHT,MLO,1,4,4,calc,PLEOMORPHIC,CLUSTERED,N/A,N/A,BENIGN,0
P_00673,1.0,,LEFT,MLO,1,2,4,calc,VASCULAR,N/A,N/A,N/A,BENIGN_WITHOUT_CALLBACK,0
P_00673,1.0,,RIGHT,MLO,2,2,4,calc,COARSE,N/A,N/A,N/A,BENIGN_WITHOUT_CALLBACK,0
P_00674,2.0,,RIGHT,CC,1,2,5,calc,LUCENT_CENTER,N/A,N/A,N/A,BENIGN_WITHOUT_CALLBACK,0
P_00674,2.0,,RIGHT,MLO,1,2,5,calc,LUCENT_CENTER,N/A,N/A,N/A,BENIGN_WITHOUT_CALLBACK,0
P_00680,4.0,,LEFT,CC,1,2,4,calc,PUNCTATE,DIFFUSELY_SCATTERED,N/A,N/A,BENIGN,0
P_00680,4.0,,LEFT,MLO,1,2,4,calc,PUNCTATE,DIFFUSELY_SCATTERED,N/A,N/A,BENIGN,0
P_00680,4.0,,RIGHT,CC,1,2,4,calc,PUNCTATE,DIFFUSELY_SCATTERED,N/A,N/A,BENIGN,0
P_00680,4.0,,RIGHT,MLO,1,2,4,calc,PUNCTATE,DIFFUSELY_SCATTERED,N/A,N/A,BENIGN,0
P_00682,4.0,,RIGHT,CC,1,4,3,calc,PLEOMORPHIC,CLUSTERED,N/A,N/A,BENIGN,0
P_00682,4.0,,RIGHT,MLO,1,4,3,calc,PLEOMORPHIC,CLUSTERED,N/A,N/A,BENIGN,0
P_00683,4.0,,RIGHT,CC,1,4,1,calc,PLEOMORPHIC,SEGMENTAL,N/A,N/A,MALIGNANT,1
P_00683,4.0,,RIGHT,MLO,1,4,1,calc,PLEOMORPHIC,SEGMENTAL,N/A,N/A,MALIGNANT,1
P_00684,3.0,,RIGHT,CC,1,5,4,calc,PLEOMORPHIC,CLUSTERED,N/A,N/A,MALIGNANT,1
P_00684,3.0,,RIGHT,MLO,1,5,4,calc,PLEOMORPHIC,CLUSTERED,N/A,N/A,MALIGNANT,1
P_00685,3.0,,RIGHT,CC,1,4,3,calc,PUNCTATE,CLUSTERED,N/A,N/A,MALIGNANT,1
P_00685,3.0,,RIGHT,MLO,1,5,3,calc,PUNCTATE,CLUSTERED,N/A,N/A,MALIGNANT,1
P_00693,2.0,,LEFT,CC,1,5,5,calc,PLEOMORPHIC,REGIONAL,N/A,N/A,MALIGNANT,1
P_00693,2.0,,LEFT,MLO,1,5,5,calc,PLEOMORPHIC,REGIONAL,N/A,N/A,MALIGNANT,1
P_00701,3.0,,LEFT,CC,1,4,5,calc,PLEOMORPHIC,CLUSTERED,N/A,N/A,BENIGN,0
P_00701,3.0,,LEFT,MLO,1,4,5,calc,PLEOMORPHIC,CLUSTERED,N/A,N/A,BENIGN,0
P_00704,2.0,,LEFT,CC,1,4,3,calc,PUNCTATE-PLEOMORPHIC,CLUSTERED,N/A,N/A,BENIGN,0
P_00704,2.0,,LEFT,MLO,1,4,3,calc,PUNCTATE-PLEOMORPHIC,CLUSTERED,N/A,N/A,BENIGN,0
P_00705,2.0,,LEFT,CC,1,2,5,calc,LUCENT_CENTER-PUNCTATE,N/A,N/A,N/A,BENIGN_WITHOUT_CALLBACK,0
P_00705,2.0,,LEFT,CC,2,2,5,calc,LUCENT_CENTER-PUNCTATE,N/A,N/A,N/A,BENIGN_WITHOUT_CALLBACK,0
P_00705,2.0,,LEFT,MLO,1,2,5,calc,LUCENT_CENTER-PUNCTATE,N/A,N/A,N/A,BENIGN_WITHOUT_CALLBACK,0
P_00705,2.0,,LEFT,MLO,2,2,5,calc,LUCENT_CENTER-PUNCTATE,N/A,N/A,N/A,BENIGN_WITHOUT_CALLBACK,0
P_00709,4.0,,RIGHT,CC,1,4,4,calc,PLEOMORPHIC,CLUSTERED,N/A,N/A,BENIGN,0
P_00709,4.0,,RIGHT,MLO,1,4,4,calc,PLEOMORPHIC,CLUSTERED,N/A,N/A,BENIGN,0
P_00710,2.0,,RIGHT,CC,2,4,3,calc,PLEOMORPHIC,CLUSTERED,N/A,N/A,MALIGNANT,1
P_00710,2.0,,RIGHT,MLO,2,4,3,calc,PLEOMORPHIC,CLUSTERED,N/A,N/A,MALIGNANT,1
P_00712,4.0,,RIGHT,CC,1,4,3,calc,PLEOMORPHIC,REGIONAL,N/A,N/A,BENIGN,0
P_00712,4.0,,RIGHT,MLO,1,4,3,calc,PLEOMORPHIC,REGIONAL,N/A,N/A,BENIGN,0
P_00713,1.0,,LEFT,CC,1,4,4,calc,PLEOMORPHIC,CLUSTERED,N/A,N/A,BENIGN,0
P_00725,4.0,,LEFT,CC,1,4,2,calc,PLEOMORPHIC,CLUSTERED,N/A,N/A,BENIGN,0
P_00725,4.0,,LEFT,MLO,1,4,2,calc,PLEOMORPHIC,CLUSTERED,N/A,N/A,BENIGN,0
P_00729,4.0,,LEFT,CC,1,4,3,calc,PLEOMORPHIC,CLUSTERED,N/A,N/A,MALIGNANT,1
P_00729,4.0,,LEFT,MLO,1,4,3,calc,PLEOMORPHIC,CLUSTERED,N/A,N/A,MALIGNANT,1
P_00734,2.0,,RIGHT,CC,1,4,5,calc,FINE_LINEAR_BRANCHING,LINEAR,N/A,N/A,MALIGNANT,1
P_00734,2.0,,RIGHT,MLO,2,5,5,calc,PLEOMORPHIC-FINE_LINEAR_BRANCHING,CLUSTERED-LINEAR,N/A,N/A,MALIGNANT,1
P_00735,2.0,,LEFT,CC,1,4,1,calc,PLEOMORPHIC,CLUSTERED,N/A,N/A,MALIGNANT,1
P_00735,2.0,,LEFT,MLO,1,4,1,calc,PLEOMORPHIC,CLUSTERED,N/A,N/A,MALIGNANT,1
P_00736,2.0,,LEFT,CC,1,4,1,calc,PLEOMORPHIC,CLUSTERED,N/A,N/A,MALIGNANT,1
P_00736,2.0,,LEFT,MLO,1,4,1,calc,PLEOMORPHIC,CLUSTERED,N/A,N/A,MALIGNANT,1
P_00743,3.0,,LEFT,CC,1,4,3,calc,PLEOMORPHIC,CLUSTERED,N/A,N/A,BENIGN,0
P_00743,3.0,,LEFT,MLO,1,4,3,calc,PLEOMORPHIC,CLUSTERED,N/A,N/A,BENIGN,0
P_00744,4.0,,RIGHT,CC,1,2,3,calc,LUCENT_CENTER,N/A,N/A,N/A,BENIGN_WITHOUT_CALLBACK,0
P_00744,4.0,,RIGHT,MLO,1,2,3,calc,LUCENT_CENTER,N/A,N/A,N/A,BENIGN_WITHOUT_CALLBACK,0
P_00750,3.0,,LEFT,CC,1,2,4,calc,LUCENT_CENTER,N/A,N/A,N/A,BENIGN_WITHOUT_CALLBACK,0
P_00750,3.0,,LEFT,MLO,1,2,4,calc,LUCENT_CENTER,N/A,N/A,N/A,BENIGN_WITHOUT_CALLBACK,0
P_00750,3.0,,RIGHT,CC,1,2,4,calc,ROUND_AND_REGULAR-LUCENT_CENTER,N/A,N/A,N/A,BENIGN_WITHOUT_CALLBACK,0
P_00750,3.0,,RIGHT,CC,2,2,4,calc,ROUND_AND_REGULAR-LUCENT_CENTER,N/A,N/A,N/A,BENIGN_WITHOUT_CALLBACK,0
P_00750,3.0,,RIGHT,MLO,1,2,4,calc,ROUND_AND_REGULAR-LUCENT_CENTER,N/A,N/A,N/A,BENIGN_WITHOUT_CALLBACK,0
P_00750,3.0,,RIGHT,MLO,2,2,4,calc,ROUND_AND_REGULAR-LUCENT_CENTER,N/A,N/A,N/A,BENIGN_WITHOUT_CALLBACK,0
P_00751,2.0,,LEFT,CC,1,4,1,calc,PLEOMORPHIC,CLUSTERED,N/A,N/A,BENIGN,0
P_00757,4.0,,LEFT,MLO,1,4,4,calc,PLEOMORPHIC,CLUSTERED,N/A,N/A,BENIGN,0
P_00759,4.0,,LEFT,CC,1,4,3,calc,PLEOMORPHIC,CLUSTERED,N/A,N/A,MALIGNANT,1
P_00759,4.0,,LEFT,CC,2,4,3,calc,PLEOMORPHIC,CLUSTERED,N/A,N/A,MALIGNANT,1
P_00759,4.0,,LEFT,MLO,1,4,3,calc,PLEOMORPHIC,CLUSTERED,N/A,N/A,MALIGNANT,1
P_00759,4.0,,LEFT,MLO,2,4,3,calc,PLEOMORPHIC,CLUSTERED,N/A,N/A,MALIGNANT,1
P_00761,3.0,,RIGHT,CC,1,3,2,calc,PUNCTATE,CLUSTERED,N/A,N/A,BENIGN,0
P_00761,3.0,,RIGHT,MLO,1,4,3,calc,PUNCTATE,CLUSTERED,N/A,N/A,BENIGN,0
P_00767,3.0,,LEFT,CC,1,2,3,calc,VASCULAR,N/A,N/A,N/A,BENIGN_WITHOUT_CALLBACK,0
P_00767,3.0,,LEFT,MLO,1,2,3,calc,VASCULAR,N/A,N/A,N/A,BENIGN_WITHOUT_CALLBACK,0
P_00767,3.0,,RIGHT,CC,1,2,3,calc,VASCULAR,N/A,N/A,N/A,BENIGN_WITHOUT_CALLBACK,0
P_00767,3.0,,RIGHT,MLO,1,2,3,calc,VASCULAR,N/A,N/A,N/A,BENIGN_WITHOUT_CALLBACK,0
P_00768,2.0,,LEFT,CC,1,4,5,calc,PLEOMORPHIC,CLUSTERED,N/A,N/A,BENIGN,0
P_00768,2.0,,LEFT,MLO,1,4,5,calc,PLEOMORPHIC,CLUSTERED,N/A,N/A,BENIGN,0
P_00771,2.0,,RIGHT,CC,1,4,4,calc,AMORPHOUS,CLUSTERED,N/A,N/A,BENIGN,0
P_00771,2.0,,RIGHT,MLO,1,4,4,calc,AMORPHOUS,CLUSTERED,N/A,N/A,BENIGN,0
P_00772,4.0,,RIGHT,CC,1,4,3,calc,PLEOMORPHIC,CLUSTERED,N/A,N/A,MALIGNANT,1
P_00772,4.0,,RIGHT,MLO,1,4,3,calc,PLEOMORPHIC,CLUSTERED,N/A,N/A,MALIGNANT,1
P_00778,3.0,,LEFT,CC,1,4,3,calc,PLEOMORPHIC,CLUSTERED,N/A,N/A,MALIGNANT,1
P_00778,3.0,,LEFT,MLO,1,4,3,calc,AMORPHOUS-PLEOMORPHIC,CLUSTERED,N/A,N/A,MALIGNANT,1
P_00780,1.0,,LEFT,CC,1,2,5,calc,VASCULAR,N/A,N/A,N/A,BENIGN_WITHOUT_CALLBACK,0
P_00780,1.0,,LEFT,CC,2,2,5,calc,VASCULAR,N/A,N/A,N/A,BENIGN_WITHOUT_CALLBACK,0
P_00780,1.0,,LEFT,MLO,1,2,5,calc,VASCULAR,N/A,N/A,N/A,BENIGN_WITHOUT_CALLBACK,0
P_00780,1.0,,LEFT,MLO,2,2,5,calc,VASCULAR,N/A,N/A,N/A,BENIGN_WITHOUT_CALLBACK,0
P_00780,1.0,,RIGHT,CC,1,2,4,calc,VASCULAR,N/A,N/A,N/A,BENIGN_WITHOUT_CALLBACK,0
P_00780,1.0,,RIGHT,CC,2,2,4,calc,VASCULAR,N/A,N/A,N/A,BENIGN_WITHOUT_CALLBACK,0
P_00780,1.0,,RIGHT,CC,3,2,4,calc,FINE_LINEAR_BRANCHING,N/A,N/A,N/A,BENIGN_WITHOUT_CALLBACK,0
P_00780,1.0,,RIGHT,CC,4,2,4,calc,FINE_LINEAR_BRANCHING,N/A,N/A,N/A,BENIGN_WITHOUT_CALLBACK,0
P_00780,1.0,,RIGHT,CC,5,2,4,calc,FINE_LINEAR_BRANCHING,N/A,N/A,N/A,BENIGN_WITHOUT_CALLBACK,0
P_00780,1.0,,RIGHT,MLO,1,2,4,calc,VASCULAR,N/A,N/A,N/A,BENIGN_WITHOUT_CALLBACK,0
P_00780,1.0,,RIGHT,MLO,2,2,4,calc,VASCULAR,N/A,N/A,N/A,BENIGN_WITHOUT_CALLBACK,0
P_00780,1.0,,RIGHT,MLO,3,2,4,calc,VASCULAR,N/A,N/A,N/A,BENIGN_WITHOUT_CALLBACK,0
P_00780,1.0,,RIGHT,MLO,4,2,4,calc,FINE_LINEAR_BRANCHING,N/A,N/A,N/A,BENIGN_WITHOUT_CALLBACK,0
P_00780,1.0,,RIGHT,MLO,5,2,4,calc,FINE_LINEAR_BRANCHING,N/A,N/A,N/A,BENIGN_WITHOUT_CALLBACK,0
P_00784,1.0,,RIGHT,CC,1,5,5,calc,PLEOMORPHIC,CLUSTERED,N/A,N/A,MALIGNANT,1
P_00784,1.0,,RIGHT,MLO,1,5,5,calc,PLEOMORPHIC,CLUSTERED,N/A,N/A,MALIGNANT,1
P_00787,3.0,,LEFT,CC,1,4,4,calc,PLEOMORPHIC,CLUSTERED,N/A,N/A,MALIGNANT,1
P_00787,3.0,,LEFT,MLO,1,4,4,calc,PLEOMORPHIC,CLUSTERED,N/A,N/A,MALIGNANT,1
P_00792,2.0,,LEFT,CC,1,4,2,calc,AMORPHOUS,CLUSTERED,N/A,N/A,BENIGN,0
P_00792,2.0,,LEFT,MLO,1,4,2,calc,AMORPHOUS,CLUSTERED,N/A,N/A,BENIGN,0
P_00793,4.0,,LEFT,CC,1,4,2,calc,AMORPHOUS,SEGMENTAL,N/A,N/A,BENIGN,0
P_00793,4.0,,LEFT,MLO,1,4,2,calc,AMORPHOUS,SEGMENTAL,N/A,N/A,BENIGN,0
P_00799,4.0,,LEFT,CC,1,2,5,calc,VASCULAR,N/A,N/A,N/A,BENIGN_WITHOUT_CALLBACK,0
P_00799,4.0,,LEFT,MLO,1,2,5,calc,VASCULAR,N/A,N/A,N/A,BENIGN_WITHOUT_CALLBACK,0
P_00799,4.0,,RIGHT,CC,1,2,5,calc,COARSE,N/A,N/A,N/A,BENIGN_WITHOUT_CALLBACK,0
P_00799,4.0,,RIGHT,MLO,1,2,5,calc,COARSE,N/A,N/A,N/A,BENIGN_WITHOUT_CALLBACK,0
P_00806,4.0,,LEFT,CC,1,4,2,calc,PLEOMORPHIC,CLUSTERED,N/A,N/A,BENIGN,0
P_00806,4.0,,LEFT,MLO,1,4,2,calc,PLEOMORPHIC,CLUSTERED,N/A,N/A,BENIGN,0
P_00808,4.0,,LEFT,MLO,1,4,4,calc,PLEOMORPHIC,CLUSTERED,N/A,N/A,BENIGN,0
P_00809,2.0,,LEFT,CC,1,4,2,calc,AMORPHOUS,CLUSTERED,N/A,N/A,MALIGNANT,1
P_00809,2.0,,LEFT,MLO,1,4,2,calc,AMORPHOUS,CLUSTERED,N/A,N/A,MALIGNANT,1
P_00812,2.0,,LEFT,CC,1,2,4,calc,VASCULAR,N/A,N/A,N/A,BENIGN_WITHOUT_CALLBACK,0
P_00812,2.0,,LEFT,MLO,1,2,4,calc,VASCULAR,N/A,N/A,N/A,BENIGN_WITHOUT_CALLBACK,0
P_00814,3.0,,LEFT,CC,2,3,3,calc,PLEOMORPHIC,DIFFUSELY_SCATTERED,N/A,N/A,BENIGN,0
P_00814,3.0,,LEFT,MLO,2,3,3,calc,PLEOMORPHIC,DIFFUSELY_SCATTERED,N/A,N/A,BENIGN,0
P_00814,3.0,,RIGHT,CC,1,3,3,calc,PLEOMORPHIC,DIFFUSELY_SCATTERED,N/A,N/A,BENIGN,0
P_00814,3.0,,RIGHT,MLO,1,3,3,calc,PLEOMORPHIC,DIFFUSELY_SCATTERED,N/A,N/A,BENIGN,0
P_00819,3.0,,RIGHT,CC,1,4,4,calc,PLEOMORPHIC,CLUSTERED,N/A,N/A,BENIGN,0
P_00819,3.0,,RIGHT,MLO,1,4,4,calc,PLEOMORPHIC,CLUSTERED,N/A,N/A,BENIGN,0
P_00824,2.0,,LEFT,CC,1,4,5,calc,PLEOMORPHIC,CLUSTERED,N/A,N/A,BENIGN,0
P_00824,2.0,,LEFT,MLO,1,4,4,calc,PLEOMORPHIC,CLUSTERED,N/A,N/A,BENIGN,0
P_00825,1.0,,RIGHT,MLO,1,4,1,calc,PLEOMORPHIC,CLUSTERED,N/A,N/A,BENIGN,0
P_00832,4.0,,RIGHT,CC,1,5,4,calc,PLEOMORPHIC,SEGMENTAL,N/A,N/A,MALIGNANT,1
P_00832,4.0,,RIGHT,MLO,1,5,4,calc,PLEOMORPHIC,SEGMENTAL,N/A,N/A,MALIGNANT,1
P_00833,3.0,,LEFT,CC,1,3,2,calc,AMORPHOUS,CLUSTERED,N/A,N/A,BENIGN,0
P_00833,3.0,,LEFT,MLO,1,4,4,calc,PLEOMORPHIC,CLUSTERED,N/A,N/A,BENIGN,0
P_00834,2.0,,LEFT,CC,1,4,3,calc,PUNCTATE,CLUSTERED,N/A,N/A,BENIGN,0
P_00834,2.0,,LEFT,MLO,1,4,3,calc,PUNCTATE-PLEOMORPHIC,CLUSTERED,N/A,N/A,BENIGN,0
P_00835,3.0,,LEFT,CC,1,4,1,calc,FINE_LINEAR_BRANCHING,LINEAR,N/A,N/A,MALIGNANT,1
P_00835,3.0,,LEFT,MLO,1,4,1,calc,FINE_LINEAR_BRANCHING,LINEAR,N/A,N/A,MALIGNANT,1
P_00840,4.0,,RIGHT,CC,1,2,3,calc,LUCENT_CENTER,N/A,N/A,N/A,BENIGN_WITHOUT_CALLBACK,0
P_00840,4.0,,RIGHT,MLO,1,2,3,calc,LUCENT_CENTER,N/A,N/A,N/A,BENIGN_WITHOUT_CALLBACK,0
P_00842,2.0,,LEFT,CC,1,4,3,calc,PLEOMORPHIC,CLUSTERED,N/A,N/A,BENIGN,0
P_00842,2.0,,LEFT,MLO,1,4,4,calc,PLEOMORPHIC,CLUSTERED,N/A,N/A,BENIGN,0
P_00846,4.0,,LEFT,CC,1,4,1,calc,PLEOMORPHIC,CLUSTERED,N/A,N/A,MALIGNANT,1
P_00846,4.0,,LEFT,MLO,1,4,1,calc,PLEOMORPHIC,CLUSTERED,N/A,N/A,MALIGNANT,1
P_00847,4.0,,LEFT,CC,2,4,3,calc,FINE_LINEAR_BRANCHING,CLUSTERED-LINEAR,N/A,N/A,BENIGN,0
P_00847,4.0,,LEFT,MLO,2,4,3,calc,FINE_LINEAR_BRANCHING,CLUSTERED-LINEAR,N/A,N/A,BENIGN,0
P_00852,4.0,,LEFT,CC,1,4,1,calc,PLEOMORPHIC,CLUSTERED,N/A,N/A,MALIGNANT,1
P_00852,4.0,,LEFT,MLO,1,4,1,calc,PLEOMORPHIC,CLUSTERED,N/A,N/A,MALIGNANT,1
P_00854,4.0,,RIGHT,CC,1,4,1,calc,PUNCTATE,CLUSTERED,N/A,N/A,BENIGN,0
P_00854,4.0,,RIGHT,MLO,1,4,1,calc,PUNCTATE,CLUSTERED,N/A,N/A,BENIGN,0
P_00855,3.0,,RIGHT,CC,1,2,1,calc,ROUND_AND_REGULAR-PUNCTATE,DIFFUSELY_SCATTERED,N/A,N/A,MALIGNANT,1
P_00856,2.0,,LEFT,MLO,1,4,4,calc,N/A,CLUSTERED,N/A,N/A,MALIGNANT,1
P_00858,3.0,,LEFT,CC,1,2,5,calc,LUCENT_CENTERED,N/A,N/A,N/A,BENIGN_WITHOUT_CALLBACK,0
P_00858,3.0,,LEFT,MLO,1,2,5,calc,LUCENT_CENTERED,N/A,N/A,N/A,BENIGN_WITHOUT_CALLBACK,0
P_00858,3.0,,RIGHT,CC,1,4,4,calc,PLEOMORPHIC,CLUSTERED,N/A,N/A,BENIGN,0
P_00858,3.0,,RIGHT,CC,2,3,4,calc,PUNCTATE,CLUSTERED,N/A,N/A,BENIGN_WITHOUT_CALLBACK,0
P_00858,3.0,,RIGHT,MLO,1,3,4,calc,PUNCTATE,CLUSTERED,N/A,N/A,BENIGN_WITHOUT_CALLBACK,0
P_00858,3.0,,RIGHT,MLO,2,4,4,calc,PLEOMORPHIC,CLUSTERED,N/A,N/A,BENIGN,0
P_00861,2.0,,RIGHT,CC,1,4,4,calc,PLEOMORPHIC,CLUSTERED,N/A,N/A,MALIGNANT,1
P_00861,2.0,,RIGHT,MLO,1,4,4,calc,PLEOMORPHIC,CLUSTERED,N/A,N/A,MALIGNANT,1
P_00862,4.0,,LEFT,CC,1,4,1,calc,PUNCTATE,CLUSTERED,N/A,N/A,MALIGNANT,1
P_00862,4.0,,LEFT,MLO,1,4,1,calc,PUNCTATE,CLUSTERED,N/A,N/A,MALIGNANT,1
P_00864,3.0,,LEFT,CC,1,4,3,calc,PLEOMORPHIC-FINE_LINEAR_BRANCHING,SEGMENTAL,N/A,N/A,MALIGNANT,1
P_00864,3.0,,LEFT,MLO,1,4,3,calc,PLEOMORPHIC-FINE_LINEAR_BRANCHING,SEGMENTAL,N/A,N/A,MALIGNANT,1
P_00866,2.0,,RIGHT,CC,1,4,3,calc,PLEOMORPHIC,CLUSTERED,N/A,N/A,BENIGN,0
P_00866,2.0,,RIGHT,MLO,1,4,3,calc,PLEOMORPHIC,CLUSTERED,N/A,N/A,BENIGN,0
P_00868,2.0,,RIGHT,CC,1,4,4,calc,PLEOMORPHIC,CLUSTERED,N/A,N/A,BENIGN,0
P_00868,2.0,,RIGHT,MLO,1,4,4,calc,PLEOMORPHIC,CLUSTERED,N/A,N/A,BENIGN,0
P_00877,2.0,,LEFT,CC,1,4,2,calc,PLEOMORPHIC-FINE_LINEAR_BRANCHING,CLUSTERED,N/A,N/A,BENIGN,0
P_00877,2.0,,LEFT,CC,2,4,4,calc,PLEOMORPHIC,CLUSTERED,N/A,N/A,BENIGN,0
P_00877,2.0,,LEFT,MLO,1,4,2,calc,FINE_LINEAR_BRANCHING,CLUSTERED-LINEAR,N/A,N/A,BENIGN,0
P_00877,2.0,,LEFT,MLO,2,4,4,calc,PLEOMORPHIC,CLUSTERED,N/A,N/A,BENIGN,0
P_00878,2.0,,LEFT,CC,1,2,5,calc,LUCENT_CENTER,N/A,N/A,N/A,BENIGN_WITHOUT_CALLBACK,0
P_00878,2.0,,LEFT,MLO,1,2,5,calc,LUCENT_CENTER,N/A,N/A,N/A,BENIGN_WITHOUT_CALLBACK,0
P_00880,4.0,,RIGHT,CC,1,4,2,calc,PLEOMORPHIC,CLUSTERED,N/A,N/A,MALIGNANT,1
P_00882,2.0,,LEFT,CC,1,4,4,calc,PLEOMORPHIC,CLUSTERED,N/A,N/A,BENIGN,0
P_00882,2.0,,LEFT,MLO,1,4,4,calc,PLEOMORPHIC,CLUSTERED,N/A,N/A,BENIGN,0
P_00883,3.0,,RIGHT,CC,1,5,5,calc,PLEOMORPHIC,REGIONAL,N/A,N/A,MALIGNANT,1
P_00883,3.0,,RIGHT,MLO,1,5,5,calc,PLEOMORPHIC,REGIONAL,N/A,N/A,MALIGNANT,1
P_00890,2.0,,RIGHT,MLO,1,4,2,calc,PLEOMORPHIC,CLUSTERED,N/A,N/A,MALIGNANT,1
P_00895,2.0,,RIGHT,CC,1,2,5,calc,LUCENT_CENTER,N/A,N/A,N/A,BENIGN_WITHOUT_CALLBACK,0
P_00895,2.0,,RIGHT,MLO,1,2,5,calc,LUCENT_CENTER,N/A,N/A,N/A,BENIGN_WITHOUT_CALLBACK,0
P_00897,4.0,,LEFT,CC,1,4,3,calc,PLEOMORPHIC,CLUSTERED,N/A,N/A,BENIGN,0
P_00897,4.0,,LEFT,MLO,1,4,3,calc,PLEOMORPHIC,CLUSTERED,N/A,N/A,BENIGN,0
P_00899,4.0,,RIGHT,CC,1,4,2,calc,PLEOMORPHIC,CLUSTERED,N/A,N/A,BENIGN,0
P_00899,4.0,,RIGHT,MLO,1,4,2,calc,PLEOMORPHIC,CLUSTERED,N/A,N/A,BENIGN,0
P_00909,2.0,,LEFT,MLO,1,4,3,calc,PLEOMORPHIC,CLUSTERED,N/A,N/A,BENIGN,0
P_00912,2.0,,LEFT,CC,1,4,2,calc,PUNCTATE,CLUSTERED,N/A,N/A,BENIGN,0
P_00912,2.0,,LEFT,MLO,1,4,2,calc,PUNCTATE,CLUSTERED,N/A,N/A,BENIGN,0
P_00916,4.0,,RIGHT,MLO,1,3,1,calc,PUNCTATE,CLUSTERED,N/A,N/A,MALIGNANT,1
P_00923,3.0,,RIGHT,CC,1,4,3,calc,PLEOMORPHIC,CLUSTERED,N/A,N/A,BENIGN,0
P_00923,3.0,,RIGHT,MLO,1,4,3,calc,PLEOMORPHIC,CLUSTERED,N/A,N/A,BENIGN,0
P_00924,1.0,,LEFT,CC,1,2,3,calc,SKIN-PUNCTATE,N/A,N/A,N/A,BENIGN_WITHOUT_CALLBACK,0
P_00924,1.0,,LEFT,MLO,1,2,3,calc,SKIN-PUNCTATE,N/A,N/A,N/A,BENIGN_WITHOUT_CALLBACK,0
P_00924,1.0,,LEFT,MLO,2,2,3,calc,SKIN-PUNCTATE,N/A,N/A,N/A,BENIGN_WITHOUT_CALLBACK,0
P_00924,1.0,,LEFT,MLO,3,2,3,calc,SKIN-PUNCTATE,N/A,N/A,N/A,BENIGN_WITHOUT_CALLBACK,0
P_00924,1.0,,RIGHT,CC,2,2,3,calc,SKIN-PUNCTATE-ROUND_AND_REGULAR,N/A,N/A,N/A,BENIGN_WITHOUT_CALLBACK,0
P_00924,1.0,,RIGHT,MLO,2,2,3,calc,SKIN-PUNCTATE-ROUND_AND_REGULAR,N/A,N/A,N/A,BENIGN_WITHOUT_CALLBACK,0
P_00924,1.0,,RIGHT,MLO,3,2,3,calc,SKIN-PUNCTATE-ROUND_AND_REGULAR,N/A,N/A,N/A,BENIGN_WITHOUT_CALLBACK,0
P_00924,1.0,,RIGHT,MLO,4,2,3,calc,SKIN-PUNCTATE-ROUND_AND_REGULAR,N/A,N/A,N/A,BENIGN_WITHOUT_CALLBACK,0
P_00925,3.0,,RIGHT,CC,1,5,5,calc,AMORPHOUS,CLUSTERED,N/A,N/A,MALIGNANT,1
P_00925,3.0,,RIGHT,MLO,1,5,5,calc,AMORPHOUS,CLUSTERED,N/A,N/A,MALIGNANT,1
P_00926,2.0,,LEFT,CC,1,4,4,calc,PLEOMORPHIC,CLUSTERED,N/A,N/A,BENIGN,0
P_00926,2.0,,LEFT,MLO,1,4,4,calc,PLEOMORPHIC,CLUSTERED,N/A,N/A,BENIGN,0
P_00930,3.0,,LEFT,CC,1,4,3,calc,PLEOMORPHIC,CLUSTERED,N/A,N/A,MALIGNANT,1
P_00930,3.0,,LEFT,MLO,1,4,3,calc,PLEOMORPHIC,CLUSTERED,N/A,N/A,MALIGNANT,1
P_00933,3.0,,LEFT,CC,1,4,1,calc,PLEOMORPHIC,CLUSTERED,N/A,N/A,MALIGNANT,1
P_00933,3.0,,LEFT,MLO,1,4,1,calc,PLEOMORPHIC,CLUSTERED,N/A,N/A,MALIGNANT,1
P_00937,3.0,,LEFT,CC,1,5,5,calc,PLEOMORPHIC,SEGMENTAL,N/A,N/A,MALIGNANT,1
P_00937,3.0,,LEFT,MLO,1,5,5,calc,PLEOMORPHIC,SEGMENTAL,N/A,N/A,MALIGNANT,1
P_00937,3.0,,RIGHT,CC,1,4,3,calc,AMORPHOUS,CLUSTERED,N/A,N/A,MALIGNANT,1
P_00937,3.0,,RIGHT,CC,2,4,3,calc,AMORPHOUS,CLUSTERED,N/A,N/A,BENIGN,0
P_00937,3.0,,RIGHT,MLO,1,4,3,calc,AMORPHOUS,CLUSTERED,N/A,N/A,MALIGNANT,1
P_00937,3.0,,RIGHT,MLO,2,4,3,calc,AMORPHOUS,CLUSTERED,N/A,N/A,BENIGN,0
P_00944,1.0,,LEFT,CC,1,3,3,calc,PLEOMORPHIC,CLUSTERED,N/A,N/A,BENIGN,0
P_00944,1.0,,LEFT,MLO,1,3,3,calc,PLEOMORPHIC,CLUSTERED,N/A,N/A,BENIGN,0
P_00945,3.0,,RIGHT,CC,1,4,2,calc,PLEOMORPHIC,CLUSTERED,N/A,N/A,MALIGNANT,1
P_00945,3.0,,RIGHT,MLO,1,4,2,calc,PLEOMORPHIC,CLUSTERED,N/A,N/A,MALIGNANT,1
P_00953,2.0,,LEFT,CC,1,3,2,calc,AMORPHOUS,CLUSTERED,N/A,N/A,BENIGN,0
P_00953,2.0,,LEFT,MLO,1,3,3,calc,PUNCTATE,CLUSTERED,N/A,N/A,BENIGN,0
P_00954,4.0,,RIGHT,CC,1,5,3,calc,PLEOMORPHIC,CLUSTERED,N/A,N/A,MALIGNANT,1
P_00954,4.0,,RIGHT,MLO,1,5,3,calc,PLEOMORPHIC,CLUSTERED,N/A,N/A,MALIGNANT,1
P_00955,2.0,,RIGHT,CC,1,4,2,calc,PLEOMORPHIC,CLUSTERED,N/A,N/A,BENIGN,0
P_00955,2.0,,RIGHT,MLO,1,4,2,calc,AMORPHOUS-PLEOMORPHIC,CLUSTERED,N/A,N/A,BENIGN,0
P_00956,3.0,,LEFT,MLO,1,4,2,calc,PLEOMORPHIC,CLUSTERED,N/A,N/A,BENIGN,0
P_00960,2.0,,LEFT,CC,1,4,2,calc,PLEOMORPHIC,CLUSTERED,N/A,N/A,BENIGN,0
P_00960,2.0,,LEFT,MLO,1,4,2,calc,PLEOMORPHIC,CLUSTERED,N/A,N/A,BENIGN,0
P_00965,2.0,,LEFT,CC,1,4,2,calc,PLEOMORPHIC,CLUSTERED,N/A,N/A,BENIGN,0
P_00965,2.0,,LEFT,MLO,1,4,2,calc,PLEOMORPHIC,CLUSTERED,N/A,N/A,BENIGN,0
P_00967,2.0,,RIGHT,CC,1,5,5,calc,PLEOMORPHIC,CLUSTERED,N/A,N/A,MALIGNANT,1
P_00967,2.0,,RIGHT,MLO,1,5,5,calc,PLEOMORPHIC,SEGMENTAL,N/A,N/A,MALIGNANT,1
P_00969,3.0,,LEFT,CC,2,4,3,calc,PLEOMORPHIC,LINEAR-SEGMENTAL,N/A,N/A,MALIGNANT,1
P_00969,3.0,,LEFT,MLO,2,4,3,calc,PLEOMORPHIC,LINEAR-SEGMENTAL,N/A,N/A,MALIGNANT,1
P_00969,3.0,,LEFT,MLO,3,4,3,calc,PLEOMORPHIC,LINEAR-SEGMENTAL,N/A,N/A,MALIGNANT,1
P_00969,3.0,,LEFT,MLO,5,4,3,calc,PLEOMORPHIC,LINEAR-SEGMENTAL,N/A,N/A,MALIGNANT,1
P_00971,2.0,,RIGHT,MLO,1,4,4,calc,PLEOMORPHIC,CLUSTERED,N/A,N/A,MALIGNANT,1
P_00973,4.0,,RIGHT,CC,1,4,3,calc,AMORPHOUS,SEGMENTAL,N/A,N/A,BENIGN,0
P_00973,4.0,,RIGHT,MLO,1,4,3,calc,AMORPHOUS,SEGMENTAL,N/A,N/A,BENIGN,0
P_00977,4.0,,LEFT,MLO,1,4,2,calc,AMORPHOUS,CLUSTERED,N/A,N/A,BENIGN,0
P_00978,3.0,,LEFT,CC,1,4,2,calc,AMORPHOUS-PLEOMORPHIC,CLUSTERED,N/A,N/A,MALIGNANT,1
P_00978,3.0,,LEFT,MLO,1,4,3,calc,PLEOMORPHIC,CLUSTERED,N/A,N/A,MALIGNANT,1
P_00981,3.0,,LEFT,CC,1,4,3,calc,PLEOMORPHIC,SEGMENTAL,N/A,N/A,MALIGNANT,1
P_00981,3.0,,LEFT,MLO,1,4,3,calc,PLEOMORPHIC,SEGMENTAL,N/A,N/A,MALIGNANT,1
P_00983,3.0,,LEFT,CC,1,4,2,calc,PLEOMORPHIC,SEGMENTAL,N/A,N/A,MALIGNANT,1
P_00989,3.0,,RIGHT,CC,1,3,2,calc,PUNCTATE-PLEOMORPHIC,CLUSTERED,N/A,N/A,MALIGNANT,1
P_00989,3.0,,RIGHT,CC,2,3,2,calc,PUNCTATE-PLEOMORPHIC,CLUSTERED,N/A,N/A,MALIGNANT,1
P_00989,3.0,,RIGHT,MLO,1,3,2,calc,PUNCTATE-PLEOMORPHIC,CLUSTERED,N/A,N/A,MALIGNANT,1
P_00991,2.0,,LEFT,CC,1,2,4,calc,LUCENT_CENTER,N/A,N/A,N/A,BENIGN_WITHOUT_CALLBACK,0
P_00991,2.0,,LEFT,MLO,1,2,4,calc,LUCENT_CENTER,N/A,N/A,N/A,BENIGN_WITHOUT_CALLBACK,0
P_00992,3.0,,LEFT,CC,1,2,5,calc,DYSTROPHIC,CLUSTERED,N/A,N/A,BENIGN_WITHOUT_CALLBACK,0
P_00992,3.0,,LEFT,MLO,1,2,5,calc,DYSTROPHIC,CLUSTERED,N/A,N/A,BENIGN_WITHOUT_CALLBACK,0
P_00992,3.0,,RIGHT,CC,1,5,5,calc,FINE_LINEAR_BRANCHING,SEGMENTAL,N/A,N/A,MALIGNANT,1
P_00992,3.0,,RIGHT,MLO,1,5,5,calc,FINE_LINEAR_BRANCHING,SEGMENTAL,N/A,N/A,MALIGNANT,1
P_00993,3.0,,RIGHT,CC,1,4,4,calc,PLEOMORPHIC,LINEAR,N/A,N/A,MALIGNANT,1
P_00993,3.0,,RIGHT,MLO,1,4,4,calc,PLEOMORPHIC,LINEAR,N/A,N/A,MALIGNANT,1
P_00998,4.0,,LEFT,CC,1,4,1,calc,PLEOMORPHIC,LINEAR,N/A,N/A,MALIGNANT,1
P_01002,3.0,,LEFT,CC,1,5,5,calc,FINE_LINEAR_BRANCHING,REGIONAL,N/A,N/A,MALIGNANT,1
P_01002,3.0,,LEFT,MLO,1,5,5,calc,FINE_LINEAR_BRANCHING,REGIONAL,N/A,N/A,MALIGNANT,1
P_01003,1.0,,LEFT,CC,1,2,5,calc,COARSE,N/A,N/A,N/A,BENIGN_WITHOUT_CALLBACK,0
P_01003,1.0,,LEFT,MLO,1,2,5,calc,COARSE,N/A,N/A,N/A,BENIGN_WITHOUT_CALLBACK,0
P_01010,3.0,,RIGHT,MLO,1,4,1,calc,PUNCTATE,CLUSTERED,N/A,N/A,BENIGN,0
P_01015,2.0,,LEFT,CC,1,4,2,calc,PLEOMORPHIC,LINEAR,N/A,N/A,MALIGNANT,1
P_01015,2.0,,LEFT,MLO,1,4,2,calc,PLEOMORPHIC,LINEAR,N/A,N/A,MALIGNANT,1
P_01016,4.0,,RIGHT,MLO,1,4,3,calc,AMORPHOUS,CLUSTERED,N/A,N/A,BENIGN,0
P_01019,2.0,,LEFT,CC,1,0,3,calc,MILK_OF_CALCIUM,CLUSTERED,N/A,N/A,BENIGN,0
P_01019,2.0,,LEFT,MLO,1,0,3,calc,MILK_OF_CALCIUM,CLUSTERED,N/A,N/A,BENIGN,0
P_01029,2.0,,LEFT,CC,1,2,3,calc,PUNCTATE,N/A,N/A,N/A,BENIGN_WITHOUT_CALLBACK,0
P_01029,2.0,,LEFT,CC,2,2,3,calc,PUNCTATE,N/A,N/A,N/A,BENIGN_WITHOUT_CALLBACK,0
P_01029,2.0,,LEFT,CC,3,2,3,calc,PUNCTATE,N/A,N/A,N/A,BENIGN_WITHOUT_CALLBACK,0
P_01029,2.0,,LEFT,MLO,1,2,3,calc,PUNCTATE,N/A,N/A,N/A,BENIGN_WITHOUT_CALLBACK,0
P_01029,2.0,,LEFT,MLO,2,2,3,calc,PUNCTATE,N/A,N/A,N/A,BENIGN_WITHOUT_CALLBACK,0
P_01029,2.0,,LEFT,MLO,3,2,3,calc,PUNCTATE,N/A,N/A,N/A,BENIGN_WITHOUT_CALLBACK,0
P_01029,2.0,,RIGHT,CC,1,2,3,calc,PUNCTATE,N/A,N/A,N/A,BENIGN_WITHOUT_CALLBACK,0
P_01029,2.0,,RIGHT,MLO,1,2,3,calc,PUNCTATE,N/A,N/A,N/A,BENIGN_WITHOUT_CALLBACK,0
P_01033,2.0,,LEFT,CC,1,4,1,calc,AMORPHOUS,CLUSTERED,N/A,N/A,BENIGN,0
P_01033,2.0,,LEFT,MLO,1,4,1,calc,AMORPHOUS,CLUSTERED,N/A,N/A,BENIGN,0
P_01034,2.0,,LEFT,CC,1,4,4,calc,PLEOMORPHIC-PLEOMORPHIC,REGIONAL-REGIONAL,N/A,N/A,BENIGN,0
P_01034,2.0,,LEFT,CC,2,4,4,calc,PLEOMORPHIC,REGIONAL,N/A,N/A,BENIGN,0
P_01034,2.0,,LEFT,MLO,1,4,4,calc,PLEOMORPHIC,REGIONAL,N/A,N/A,BENIGN,0
P_01034,2.0,,LEFT,MLO,2,4,4,calc,PLEOMORPHIC,REGIONAL,N/A,N/A,BENIGN,0
P_01034,2.0,,LEFT,MLO,3,4,4,calc,PLEOMORPHIC,REGIONAL,N/A,N/A,BENIGN,0
P_01037,4.0,,LEFT,CC,1,4,2,calc,PLEOMORPHIC,CLUSTERED,N/A,N/A,BENIGN,0
P_01037,4.0,,LEFT,MLO,1,4,2,calc,PLEOMORPHIC,CLUSTERED,N/A,N/A,BENIGN,0
P_01040,3.0,,RIGHT,CC,1,4,2,calc,PLEOMORPHIC,CLUSTERED,N/A,N/A,BENIGN,0
P_01040,3.0,,RIGHT,MLO,1,4,2,calc,PLEOMORPHIC,CLUSTERED,N/A,N/A,BENIGN,0
P_01041,4.0,,RIGHT,CC,1,4,3,calc,PUNCTATE-PLEOMORPHIC,CLUSTERED,N/A,N/A,MALIGNANT,1
P_01041,4.0,,RIGHT,MLO,1,4,3,calc,PUNCTATE-PLEOMORPHIC,CLUSTERED,N/A,N/A,MALIGNANT,1
P_01043,2.0,,RIGHT,CC,1,4,3,calc,PLEOMORPHIC,CLUSTERED,N/A,N/A,MALIGNANT,1
P_01043,2.0,,RIGHT,MLO,1,4,3,calc,PLEOMORPHIC,CLUSTERED,N/A,N/A,MALIGNANT,1
P_01045,2.0,,RIGHT,CC,1,4,2,calc,PLEOMORPHIC,LINEAR,N/A,N/A,MALIGNANT,1
P_01045,2.0,,RIGHT,MLO,1,4,2,calc,PLEOMORPHIC,LINEAR,N/A,N/A,MALIGNANT,1
P_01046,2.0,,LEFT,CC,1,4,1,calc,PLEOMORPHIC,CLUSTERED,N/A,N/A,BENIGN,0
P_01046,2.0,,LEFT,MLO,1,4,1,calc,PLEOMORPHIC,CLUSTERED,N/A,N/A,BENIGN,0
P_01049,3.0,,LEFT,CC,1,2,3,calc,LUCENT_CENTER,N/A,N/A,N/A,BENIGN_WITHOUT_CALLBACK,0
P_01049,3.0,,LEFT,MLO,1,2,3,calc,LUCENT_CENTER,N/A,N/A,N/A,BENIGN_WITHOUT_CALLBACK,0
P_01053,2.0,,LEFT,CC,1,4,3,calc,PLEOMORPHIC,CLUSTERED,N/A,N/A,BENIGN,0
P_01053,2.0,,LEFT,MLO,1,4,2,calc,AMORPHOUS,CLUSTERED,N/A,N/A,BENIGN,0
P_01056,4.0,,RIGHT,CC,1,4,1,calc,PLEOMORPHIC,CLUSTERED,N/A,N/A,BENIGN,0
P_01056,4.0,,RIGHT,MLO,1,4,1,calc,PLEOMORPHIC,CLUSTERED,N/A,N/A,BENIGN,0
P_01059,4.0,,LEFT,CC,1,4,3,calc,PLEOMORPHIC,SEGMENTAL,N/A,N/A,MALIGNANT,1
P_01059,4.0,,LEFT,MLO,1,4,3,calc,PLEOMORPHIC,SEGMENTAL,N/A,N/A,MALIGNANT,1
P_01060,1.0,,RIGHT,CC,1,4,3,calc,PLEOMORPHIC,LINEAR,N/A,N/A,MALIGNANT,1
P_01060,1.0,,RIGHT,MLO,1,4,3,calc,PLEOMORPHIC,LINEAR,N/A,N/A,MALIGNANT,1
P_01063,4.0,,RIGHT,MLO,1,4,1,calc,PUNCTATE,CLUSTERED,N/A,N/A,BENIGN,0
P_01064,2.0,,LEFT,MLO,1,4,3,calc,PLEOMORPHIC,CLUSTERED,N/A,N/A,MALIGNANT,1
P_01065,4.0,,LEFT,CC,1,5,5,calc,AMORPHOUS-PLEOMORPHIC,SEGMENTAL,N/A,N/A,MALIGNANT,1
P_01065,4.0,,LEFT,MLO,1,5,5,calc,AMORPHOUS-PLEOMORPHIC,SEGMENTAL,N/A,N/A,MALIGNANT,1
P_01066,3.0,,RIGHT,CC,1,4,2,calc,PLEOMORPHIC,CLUSTERED,N/A,N/A,BENIGN,0
P_01066,3.0,,RIGHT,MLO,1,4,2,calc,PLEOMORPHIC,CLUSTERED,N/A,N/A,BENIGN,0
P_01069,2.0,,LEFT,CC,1,2,4,calc,ROUND_AND_REGULAR,N/A,N/A,N/A,BENIGN_WITHOUT_CALLBACK,0
P_01069,2.0,,LEFT,MLO,1,2,4,calc,ROUND_AND_REGULAR,N/A,N/A,N/A,BENIGN_WITHOUT_CALLBACK,0
P_01069,2.0,,RIGHT,CC,1,2,3,calc,ROUND_AND_REGULAR,N/A,N/A,N/A,BENIGN_WITHOUT_CALLBACK,0
P_01069,2.0,,RIGHT,MLO,1,2,3,calc,SKIN-COARSE-ROUND_AND_REGULAR,N/A,N/A,N/A,BENIGN_WITHOUT_CALLBACK,0
P_01072,3.0,,LEFT,CC,1,4,3,calc,PLEOMORPHIC,CLUSTERED,N/A,N/A,MALIGNANT,1
P_01072,3.0,,LEFT,MLO,1,4,3,calc,PLEOMORPHIC,CLUSTERED,N/A,N/A,MALIGNANT,1
P_01073,4.0,,RIGHT,CC,1,3,5,calc,DYSTROPHIC,CLUSTERED,N/A,N/A,BENIGN,0
P_01073,4.0,,RIGHT,MLO,1,3,5,calc,DYSTROPHIC,CLUSTERED,N/A,N/A,BENIGN,0
P_01084,3.0,,LEFT,CC,2,4,4,calc,AMORPHOUS-ROUND_AND_REGULAR,CLUSTERED,N/A,N/A,MALIGNANT,1
P_01084,3.0,,LEFT,MLO,2,4,4,calc,AMORPHOUS-ROUND_AND_REGULAR,CLUSTERED,N/A,N/A,MALIGNANT,1
P_01084,3.0,,LEFT,MLO,3,4,4,calc,AMORPHOUS-ROUND_AND_REGULAR,CLUSTERED,N/A,N/A,MALIGNANT,1
P_01087,2.0,,LEFT,CC,1,5,4,calc,PLEOMORPHIC,REGIONAL,N/A,N/A,MALIGNANT,1
P_01091,3.0,,RIGHT,MLO,1,5,4,calc,PLEOMORPHIC,CLUSTERED-LINEAR,N/A,N/A,MALIGNANT,1
P_01094,3.0,,RIGHT,CC,1,0,1,calc,PUNCTATE,CLUSTERED,N/A,N/A,BENIGN,0
P_01094,3.0,,RIGHT,MLO,1,0,1,calc,PUNCTATE,CLUSTERED,N/A,N/A,BENIGN,0
P_01095,3.0,,LEFT,CC,1,4,2,calc,PLEOMORPHIC,CLUSTERED,N/A,N/A,BENIGN,0
P_01095,3.0,,LEFT,MLO,1,4,2,calc,PLEOMORPHIC,CLUSTERED,N/A,N/A,BENIGN,0
P_01099,2.0,,LEFT,CC,1,2,4,calc,PUNCTATE,N/A,N/A,N/A,BENIGN_WITHOUT_CALLBACK,0
P_01099,2.0,,LEFT,CC,2,2,4,calc,PUNCTATE,N/A,N/A,N/A,BENIGN_WITHOUT_CALLBACK,0
P_01099,2.0,,LEFT,CC,3,2,4,calc,VASCULAR,N/A,N/A,N/A,BENIGN_WITHOUT_CALLBACK,0
P_01099,2.0,,LEFT,CC,4,2,4,calc,VASCULAR,N/A,N/A,N/A,BENIGN_WITHOUT_CALLBACK,0
P_01099,2.0,,LEFT,CC,5,2,4,calc,VASCULAR,N/A,N/A,N/A,BENIGN_WITHOUT_CALLBACK,0
P_01099,2.0,,LEFT,CC,6,2,4,calc,VASCULAR,N/A,N/A,N/A,BENIGN_WITHOUT_CALLBACK,0
P_01099,2.0,,LEFT,MLO,1,2,4,calc,PUNCTATE,N/A,N/A,N/A,BENIGN_WITHOUT_CALLBACK,0
P_01099,2.0,,LEFT,MLO,2,2,4,calc,PUNCTATE,N/A,N/A,N/A,BENIGN_WITHOUT_CALLBACK,0
P_01099,2.0,,LEFT,MLO,3,2,4,calc,PUNCTATE,N/A,N/A,N/A,BENIGN_WITHOUT_CALLBACK,0
P_01099,2.0,,LEFT,MLO,4,2,4,calc,VASCULAR,N/A,N/A,N/A,BENIGN_WITHOUT_CALLBACK,0
P_01099,2.0,,RIGHT,CC,1,2,4,calc,LUCENT_CENTER,N/A,N/A,N/A,BENIGN_WITHOUT_CALLBACK,0
P_01099,2.0,,RIGHT,CC,2,2,4,calc,VASCULAR,N/A,N/A,N/A,BENIGN_WITHOUT_CALLBACK,0
P_01099,2.0,,RIGHT,CC,3,2,4,calc,VASCULAR,N/A,N/A,N/A,BENIGN_WITHOUT_CALLBACK,0
P_01099,2.0,,RIGHT,CC,4,2,4,calc,VASCULAR,N/A,N/A,N/A,BENIGN_WITHOUT_CALLBACK,0
P_01099,2.0,,RIGHT,MLO,1,2,4,calc,LUCENT_CENTER,N/A,N/A,N/A,BENIGN_WITHOUT_CALLBACK,0
P_01099,2.0,,RIGHT,MLO,2,2,4,calc,VASCULAR,N/A,N/A,N/A,BENIGN_WITHOUT_CALLBACK,0
P_01100,4.0,,RIGHT,CC,1,4,3,calc,PLEOMORPHIC,CLUSTERED,N/A,N/A,MALIGNANT,1
P_01100,4.0,,RIGHT,MLO,1,4,3,calc,PLEOMORPHIC,CLUSTERED,N/A,N/A,MALIGNANT,1
P_01102,3.0,,LEFT,CC,1,2,5,calc,AMORPHOUS,N/A,N/A,N/A,BENIGN,0
P_01102,3.0,,LEFT,MLO,1,2,5,calc,AMORPHOUS,N/A,N/A,N/A,BENIGN,0
P_01107,2.0,,LEFT,CC,1,4,2,calc,PLEOMORPHIC,CLUSTERED,N/A,N/A,BENIGN,0
P_01108,4.0,,LEFT,CC,1,5,4,calc,PLEOMORPHIC-FINE_LINEAR_BRANCHING,REGIONAL,N/A,N/A,MALIGNANT,1
P_01108,4.0,,LEFT,MLO,1,5,4,calc,PLEOMORPHIC-FINE_LINEAR_BRANCHING,REGIONAL,N/A,N/A,MALIGNANT,1
P_01111,2.0,,RIGHT,CC,1,4,3,calc,PLEOMORPHIC,CLUSTERED,N/A,N/A,BENIGN,0
P_01111,2.0,,RIGHT,MLO,1,4,3,calc,ROUND_AND_REGULAR-PLEOMORPHIC,CLUSTERED,N/A,N/A,BENIGN,0
P_01116,1.0,,LEFT,CC,1,4,5,calc,PLEOMORPHIC,CLUSTERED,N/A,N/A,MALIGNANT,1
P_01116,1.0,,LEFT,MLO,1,4,4,calc,PLEOMORPHIC,CLUSTERED,N/A,N/A,MALIGNANT,1
P_01121,3.0,,RIGHT,CC,1,4,4,calc,PLEOMORPHIC,CLUSTERED,N/A,N/A,BENIGN,0
P_01122,2.0,,LEFT,MLO,1,5,5,calc,PLEOMORPHIC,SEGMENTAL,N/A,N/A,MALIGNANT,1
P_01126,4.0,,LEFT,CC,1,4,4,calc,PLEOMORPHIC,CLUSTERED,N/A,N/A,MALIGNANT,1
P_01126,4.0,,LEFT,MLO,1,4,4,calc,PLEOMORPHIC,CLUSTERED,N/A,N/A,MALIGNANT,1
P_01127,2.0,,RIGHT,CC,1,4,2,calc,PLEOMORPHIC,SEGMENTAL,N/A,N/A,MALIGNANT,1
P_01127,2.0,,RIGHT,MLO,1,4,2,calc,PLEOMORPHIC,SEGMENTAL,N/A,N/A,MALIGNANT,1
P_01128,3.0,,RIGHT,CC,1,4,2,calc,PLEOMORPHIC,CLUSTERED,N/A,N/A,MALIGNANT,1
P_01128,3.0,,RIGHT,MLO,1,4,2,calc,PLEOMORPHIC,CLUSTERED,N/A,N/A,MALIGNANT,1
P_01129,1.0,,RIGHT,CC,1,4,3,calc,PLEOMORPHIC,CLUSTERED,N/A,N/A,MALIGNANT,1
P_01129,1.0,,RIGHT,MLO,1,4,3,calc,PLEOMORPHIC,CLUSTERED,N/A,N/A,MALIGNANT,1
P_01135,3.0,,RIGHT,CC,1,3,5,calc,FINE_LINEAR_BRANCHING,CLUSTERED,N/A,N/A,MALIGNANT,1
P_01135,3.0,,RIGHT,MLO,1,3,5,calc,FINE_LINEAR_BRANCHING,CLUSTERED,N/A,N/A,MALIGNANT,1
P_01136,2.0,,RIGHT,CC,1,5,5,calc,PLEOMORPHIC,CLUSTERED,N/A,N/A,MALIGNANT,1
P_01136,2.0,,RIGHT,MLO,1,5,5,calc,PLEOMORPHIC,CLUSTERED,N/A,N/A,MALIGNANT,1
P_01137,4.0,,LEFT,CC,1,4,3,calc,PLEOMORPHIC,CLUSTERED,N/A,N/A,BENIGN,0
P_01137,4.0,,LEFT,MLO,1,4,3,calc,PLEOMORPHIC,CLUSTERED,N/A,N/A,BENIGN,0
P_01139,3.0,,RIGHT,CC,1,4,2,calc,PLEOMORPHIC,CLUSTERED,N/A,N/A,BENIGN,0
P_01139,3.0,,RIGHT,MLO,1,4,2,calc,PLEOMORPHIC,CLUSTERED,N/A,N/A,BENIGN,0
P_01143,3.0,,RIGHT,CC,1,4,2,calc,PLEOMORPHIC,SEGMENTAL,N/A,N/A,MALIGNANT,1
P_01156,3.0,,LEFT,CC,1,4,2,calc,PUNCTATE,SEGMENTAL,N/A,N/A,MALIGNANT,1
P_01156,3.0,,LEFT,MLO,1,4,2,calc,PUNCTATE,SEGMENTAL,N/A,N/A,MALIGNANT,1
P_01156,3.0,,RIGHT,CC,1,4,3,calc,PLEOMORPHIC-FINE_LINEAR_BRANCHING,CLUSTERED,N/A,N/A,BENIGN,0
P_01156,3.0,,RIGHT,MLO,1,4,3,calc,PLEOMORPHIC,CLUSTERED-LINEAR,N/A,N/A,BENIGN,0
P_01159,4.0,,LEFT,CC,1,3,3,calc,ROUND_AND_REGULAR-PUNCTATE-AMORPHOUS,REGIONAL,N/A,N/A,BENIGN,0
P_01159,4.0,,LEFT,MLO,1,4,3,calc,ROUND_AND_REGULAR-PUNCTATE-AMORPHOUS,REGIONAL,N/A,N/A,BENIGN,0
P_01160,2.0,,LEFT,CC,1,4,4,calc,FINE_LINEAR_BRANCHING,LINEAR,N/A,N/A,BENIGN,0
P_01160,2.0,,LEFT,CC,2,4,4,calc,FINE_LINEAR_BRANCHING,LINEAR,N/A,N/A,BENIGN,0
P_01160,2.0,,LEFT,MLO,1,4,4,calc,FINE_LINEAR_BRANCHING,LINEAR,N/A,N/A,BENIGN,0
P_01160,2.0,,RIGHT,CC,1,4,4,calc,FINE_LINEAR_BRANCHING,LINEAR,N/A,N/A,BENIGN,0
P_01160,2.0,,RIGHT,MLO,1,4,4,calc,FINE_LINEAR_BRANCHING,LINEAR,N/A,N/A,BENIGN,0
P_01161,2.0,,LEFT,CC,1,4,2,calc,FINE_LINEAR_BRANCHING,LINEAR,N/A,N/A,MALIGNANT,1
P_01161,2.0,,LEFT,MLO,1,4,2,calc,FINE_LINEAR_BRANCHING,LINEAR,N/A,N/A,MALIGNANT,1
P_01166,3.0,,RIGHT,CC,1,4,2,calc,PLEOMORPHIC,CLUSTERED,N/A,N/A,MALIGNANT,1
P_01166,3.0,,RIGHT,MLO,1,4,2,calc,PLEOMORPHIC,CLUSTERED,N/A,N/A,MALIGNANT,1
P_01169,2.0,,LEFT,CC,1,2,5,calc,LUCENT_CENTER,N/A,N/A,N/A,BENIGN_WITHOUT_CALLBACK,0
P_01169,2.0,,LEFT,CC,2,2,5,calc,LUCENT_CENTER,N/A,N/A,N/A,BENIGN_WITHOUT_CALLBACK,0
P_01169,2.0,,LEFT,CC,3,2,5,calc,LUCENT_CENTER,N/A,N/A,N/A,BENIGN_WITHOUT_CALLBACK,0
P_01169,2.0,,LEFT,MLO,1,2,5,calc,LUCENT_CENTER,N/A,N/A,N/A,BENIGN_WITHOUT_CALLBACK,0
P_01169,2.0,,LEFT,MLO,2,2,5,calc,LUCENT_CENTER,N/A,N/A,N/A,BENIGN_WITHOUT_CALLBACK,0
P_01169,2.0,,LEFT,MLO,3,2,5,calc,LUCENT_CENTER,N/A,N/A,N/A,BENIGN_WITHOUT_CALLBACK,0
P_01170,3.0,,RIGHT,CC,1,4,2,calc,AMORPHOUS,CLUSTERED,N/A,N/A,BENIGN,0
P_01170,3.0,,RIGHT,MLO,1,4,2,calc,AMORPHOUS,CLUSTERED,N/A,N/A,BENIGN,0
P_01172,4.0,,LEFT,CC,1,4,2,calc,PLEOMORPHIC,SEGMENTAL,N/A,N/A,BENIGN,0
P_01172,4.0,,LEFT,MLO,1,4,2,calc,PLEOMORPHIC,SEGMENTAL,N/A,N/A,BENIGN,0
P_01180,3.0,,LEFT,CC,1,5,5,calc,PLEOMORPHIC,CLUSTERED-LINEAR,N/A,N/A,MALIGNANT,1
P_01180,3.0,,LEFT,MLO,1,5,5,calc,PLEOMORPHIC,CLUSTERED-LINEAR,N/A,N/A,MALIGNANT,1
P_01184,2.0,,LEFT,CC,1,4,2,calc,AMORPHOUS,CLUSTERED,N/A,N/A,BENIGN,0
P_01184,2.0,,LEFT,MLO,1,4,2,calc,AMORPHOUS,CLUSTERED,N/A,N/A,BENIGN,0
P_01186,2.0,,LEFT,CC,1,4,5,calc,FINE_LINEAR_BRANCHING,LINEAR,N/A,N/A,BENIGN,0
P_01186,2.0,,LEFT,MLO,1,4,5,calc,FINE_LINEAR_BRANCHING,LINEAR,N/A,N/A,BENIGN,0
P_01188,4.0,,RIGHT,CC,1,5,5,calc,PLEOMORPHIC,SEGMENTAL,N/A,N/A,MALIGNANT,1
P_01188,4.0,,RIGHT,MLO,1,5,5,calc,PLEOMORPHIC,SEGMENTAL,N/A,N/A,MALIGNANT,1
P_01193,1.0,,LEFT,CC,1,4,4,calc,FINE_LINEAR_BRANCHING,CLUSTERED,N/A,N/A,MALIGNANT,1
P_01196,4.0,,LEFT,MLO,1,4,2,calc,PLEOMORPHIC,SEGMENTAL,N/A,N/A,MALIGNANT,1
P_01197,3.0,,LEFT,CC,1,0,4,calc,PLEOMORPHIC,CLUSTERED,N/A,N/A,MALIGNANT,1
P_01197,3.0,,LEFT,MLO,1,0,4,calc,PLEOMORPHIC,CLUSTERED,N/A,N/A,MALIGNANT,1
P_01198,2.0,,RIGHT,CC,1,5,4,calc,PLEOMORPHIC,CLUSTERED,N/A,N/A,MALIGNANT,1
P_01198,2.0,,RIGHT,MLO,1,5,5,calc,PLEOMORPHIC,CLUSTERED,N/A,N/A,MALIGNANT,1
P_01200,3.0,,LEFT,CC,1,2,5,calc,COARSE,N/A,N/A,N/A,BENIGN_WITHOUT_CALLBACK,0
P_01200,3.0,,LEFT,MLO,1,2,5,calc,COARSE,N/A,N/A,N/A,BENIGN,0
P_01200,3.0,,RIGHT,MLO,1,4,4,calc,PLEOMORPHIC,CLUSTERED,N/A,N/A,BENIGN_WITHOUT_CALLBACK,0
P_01205,2.0,,RIGHT,CC,1,4,4,calc,PUNCTATE,SEGMENTAL,N/A,N/A,BENIGN,0
P_01205,2.0,,RIGHT,MLO,1,4,4,calc,PUNCTATE,SEGMENTAL,N/A,N/A,BENIGN,0
P_01219,2.0,,LEFT,CC,1,4,3,calc,PLEOMORPHIC,CLUSTERED,N/A,N/A,BENIGN,0
P_01219,2.0,,LEFT,MLO,1,4,3,calc,PLEOMORPHIC,CLUSTERED,N/A,N/A,BENIGN,0
P_01220,4.0,,RIGHT,CC,1,4,1,calc,PLEOMORPHIC,CLUSTERED,N/A,N/A,MALIGNANT,1
P_01220,4.0,,RIGHT,MLO,1,4,1,calc,PLEOMORPHIC,CLUSTERED,N/A,N/A,MALIGNANT,1
P_01227,3.0,,RIGHT,CC,1,4,3,calc,PLEOMORPHIC,CLUSTERED,N/A,N/A,BENIGN,0
P_01227,3.0,,RIGHT,MLO,1,4,3,calc,PLEOMORPHIC,CLUSTERED,N/A,N/A,BENIGN,0
P_01229,4.0,,RIGHT,CC,1,4,1,calc,PLEOMORPHIC,CLUSTERED,N/A,N/A,MALIGNANT,1
P_01229,4.0,,RIGHT,MLO,1,4,1,calc,PLEOMORPHIC,CLUSTERED,N/A,N/A,MALIGNANT,1
P_01234,4.0,,RIGHT,CC,1,4,2,calc,PLEOMORPHIC,CLUSTERED,N/A,N/A,MALIGNANT,1
P_01234,4.0,,RIGHT,MLO,1,4,2,calc,PLEOMORPHIC,CLUSTERED,N/A,N/A,MALIGNANT,1
P_01240,4.0,,RIGHT,MLO,1,4,3,calc,PLEOMORPHIC,CLUSTERED,N/A,N/A,BENIGN,0
P_01246,4.0,,RIGHT,MLO,1,4,2,calc,PLEOMORPHIC,CLUSTERED,N/A,N/A,BENIGN,0
P_01249,4.0,,LEFT,CC,1,4,3,calc,AMORPHOUS,CLUSTERED,N/A,N/A,BENIGN,0
P_01249,4.0,,LEFT,MLO,1,4,3,calc,AMORPHOUS,CLUSTERED,N/A,N/A,BENIGN,0
P_01250,2.0,,LEFT,CC,1,4,2,calc,PLEOMORPHIC,REGIONAL,N/A,N/A,MALIGNANT,1
P_01250,2.0,,LEFT,MLO,1,4,2,calc,PLEOMORPHIC,REGIONAL,N/A,N/A,MALIGNANT,1
P_01252,3.0,,RIGHT,CC,1,5,5,calc,PLEOMORPHIC,REGIONAL,N/A,N/A,MALIGNANT,1
P_01252,3.0,,RIGHT,MLO,1,5,5,calc,PLEOMORPHIC,REGIONAL,N/A,N/A,MALIGNANT,1
P_01255,4.0,,RIGHT,CC,1,4,4,calc,PLEOMORPHIC,CLUSTERED,N/A,N/A,BENIGN,0
P_01255,4.0,,RIGHT,MLO,1,4,4,calc,PLEOMORPHIC,CLUSTERED,N/A,N/A,BENIGN,0
P_01256,4.0,,RIGHT,CC,1,4,2,calc,PUNCTATE-PLEOMORPHIC,CLUSTERED,N/A,N/A,BENIGN,0
P_01256,4.0,,RIGHT,MLO,1,4,2,calc,PUNCTATE-PLEOMORPHIC,CLUSTERED,N/A,N/A,BENIGN,0
P_01259,2.0,,RIGHT,CC,1,4,2,calc,PLEOMORPHIC,CLUSTERED,N/A,N/A,MALIGNANT,1
P_01259,2.0,,RIGHT,MLO,1,4,2,calc,PLEOMORPHIC,CLUSTERED,N/A,N/A,MALIGNANT,1
P_01262,2.0,,RIGHT,CC,3,5,5,calc,PLEOMORPHIC-FINE_LINEAR_BRANCHING,SEGMENTAL,N/A,N/A,MALIGNANT,1
P_01262,2.0,,RIGHT,CC,4,5,5,calc,PLEOMORPHIC-FINE_LINEAR_BRANCHING,SEGMENTAL,N/A,N/A,MALIGNANT,1
P_01262,2.0,,RIGHT,MLO,2,5,5,calc,PLEOMORPHIC-FINE_LINEAR_BRANCHING,SEGMENTAL,N/A,N/A,MALIGNANT,1
P_01262,2.0,,RIGHT,MLO,3,5,5,calc,PLEOMORPHIC-FINE_LINEAR_BRANCHING,SEGMENTAL,N/A,N/A,MALIGNANT,1
P_01262,2.0,,RIGHT,MLO,4,5,5,calc,PLEOMORPHIC-FINE_LINEAR_BRANCHING,SEGMENTAL,N/A,N/A,MALIGNANT,1
P_01264,2.0,,RIGHT,MLO,1,4,5,calc,PLEOMORPHIC,CLUSTERED,N/A,N/A,MALIGNANT,1
P_01274,2.0,,LEFT,CC,1,2,5,calc,VASCULAR,N/A,N/A,N/A,BENIGN_WITHOUT_CALLBACK,0
P_01274,2.0,,LEFT,CC,2,2,5,calc,VASCULAR,N/A,N/A,N/A,BENIGN_WITHOUT_CALLBACK,0
P_01274,2.0,,LEFT,MLO,1,2,5,calc,VASCULAR,N/A,N/A,N/A,BENIGN_WITHOUT_CALLBACK,0
P_01274,2.0,,LEFT,MLO,2,2,5,calc,VASCULAR,N/A,N/A,N/A,BENIGN_WITHOUT_CALLBACK,0
P_01274,2.0,,RIGHT,CC,1,2,4,calc,VASCULAR,N/A,N/A,N/A,BENIGN_WITHOUT_CALLBACK,0
P_01274,2.0,,RIGHT,MLO,2,2,3,calc,VASCULAR,N/A,N/A,N/A,BENIGN_WITHOUT_CALLBACK,0
P_01275,2.0,,LEFT,CC,1,4,3,calc,PLEOMORPHIC,CLUSTERED,N/A,N/A,BENIGN,0
P_01275,2.0,,LEFT,MLO,1,4,3,calc,PLEOMORPHIC,CLUSTERED,N/A,N/A,BENIGN,0
P_01276,3.0,,LEFT,CC,1,2,5,calc,DYSTROPHIC,SEGMENTAL,N/A,N/A,BENIGN_WITHOUT_CALLBACK,0
P_01276,3.0,,LEFT,MLO,1,2,5,calc,DYSTROPHIC,SEGMENTAL,N/A,N/A,BENIGN_WITHOUT_CALLBACK,0
P_01276,3.0,,RIGHT,CC,1,4,3,calc,AMORPHOUS,CLUSTERED,N/A,N/A,BENIGN,0
P_01276,3.0,,RIGHT,CC,2,3,3,calc,PLEOMORPHIC,SEGMENTAL,N/A,N/A,BENIGN,0
P_01276,3.0,,RIGHT,MLO,1,4,3,calc,AMORPHOUS,CLUSTERED,N/A,N/A,BENIGN,0
P_01276,3.0,,RIGHT,MLO,2,3,3,calc,PLEOMORPHIC,SEGMENTAL,N/A,N/A,BENIGN,0
P_01284,3.0,,RIGHT,MLO,1,5,3,calc,PLEOMORPHIC,CLUSTERED,N/A,N/A,MALIGNANT,1
P_01284,3.0,,RIGHT,MLO,2,4,3,calc,AMORPHOUS,CLUSTERED,N/A,N/A,BENIGN,0
P_01286,3.0,,LEFT,CC,1,4,3,calc,PLEOMORPHIC,SEGMENTAL,N/A,N/A,MALIGNANT,1
P_01286,3.0,,LEFT,MLO,1,4,3,calc,PLEOMORPHIC,SEGMENTAL,N/A,N/A,MALIGNANT,1
P_01288,3.0,,RIGHT,MLO,1,4,2,calc,PLEOMORPHIC,CLUSTERED,N/A,N/A,BENIGN,0
P_01291,3.0,,RIGHT,CC,1,5,4,calc,FINE_LINEAR_BRANCHING,SEGMENTAL,N/A,N/A,MALIGNANT,1
P_01291,3.0,,RIGHT,MLO,1,5,4,calc,FINE_LINEAR_BRANCHING,SEGMENTAL,N/A,N/A,MALIGNANT,1
P_01292,3.0,,RIGHT,CC,1,3,4,calc,DYSTROPHIC,CLUSTERED,N/A,N/A,BENIGN,0
P_01292,3.0,,RIGHT,CC,2,3,4,calc,DYSTROPHIC,CLUSTERED,N/A,N/A,BENIGN,0
P_01292,3.0,,RIGHT,CC,3,3,4,calc,DYSTROPHIC,CLUSTERED,N/A,N/A,BENIGN,0
P_01292,3.0,,RIGHT,MLO,1,3,4,calc,DYSTROPHIC,CLUSTERED,N/A,N/A,BENIGN,0
P_01292,3.0,,RIGHT,MLO,2,3,4,calc,DYSTROPHIC,CLUSTERED,N/A,N/A,BENIGN,0
P_01292,3.0,,RIGHT,MLO,3,3,4,calc,DYSTROPHIC,CLUSTERED,N/A,N/A,BENIGN,0
P_01293,2.0,,RIGHT,CC,1,4,4,calc,PLEOMORPHIC,SEGMENTAL,N/A,N/A,BENIGN,0
P_01293,2.0,,RIGHT,MLO,1,4,4,calc,PLEOMORPHIC,SEGMENTAL,N/A,N/A,BENIGN,0
P_01296,2.0,,RIGHT,CC,1,5,4,calc,PLEOMORPHIC,CLUSTERED,N/A,N/A,MALIGNANT,1
P_01296,2.0,,RIGHT,MLO,1,5,4,calc,PLEOMORPHIC,CLUSTERED,N/A,N/A,MALIGNANT,1
P_01297,4.0,,LEFT,CC,2,4,3,calc,PLEOMORPHIC,CLUSTERED,N/A,N/A,MALIGNANT,1
P_01297,4.0,,LEFT,MLO,2,3,3,calc,PLEOMORPHIC,CLUSTERED,N/A,N/A,MALIGNANT,1
P_01300,2.0,,LEFT,CC,1,5,5,calc,PLEOMORPHIC,CLUSTERED,N/A,N/A,MALIGNANT,1
P_01300,2.0,,LEFT,CC,2,5,5,calc,PLEOMORPHIC,CLUSTERED,N/A,N/A,MALIGNANT,1
P_01300,2.0,,LEFT,MLO,1,5,5,calc,PLEOMORPHIC,CLUSTERED,N/A,N/A,MALIGNANT,1
P_01300,2.0,,LEFT,MLO,2,5,5,calc,PLEOMORPHIC,CLUSTERED,N/A,N/A,MALIGNANT,1
P_01300,2.0,,LEFT,MLO,3,5,5,calc,PLEOMORPHIC,CLUSTERED,N/A,N/A,MALIGNANT,1
P_01306,3.0,,LEFT,CC,1,2,3,calc,VASCULAR,N/A,N/A,N/A,BENIGN_WITHOUT_CALLBACK,0
P_01306,3.0,,LEFT,MLO,1,2,3,calc,VASCULAR,N/A,N/A,N/A,BENIGN_WITHOUT_CALLBACK,0
P_01306,3.0,,RIGHT,CC,1,2,3,calc,PUNCTATE,N/A,N/A,N/A,BENIGN_WITHOUT_CALLBACK,0
P_01306,3.0,,RIGHT,CC,2,2,3,calc,VASCULAR,N/A,N/A,N/A,BENIGN_WITHOUT_CALLBACK,0
P_01306,3.0,,RIGHT,MLO,1,2,3,calc,VASCULAR,N/A,N/A,N/A,BENIGN_WITHOUT_CALLBACK,0
P_01306,3.0,,RIGHT,MLO,2,2,3,calc,LUCENT_CENTER,N/A,N/A,N/A,BENIGN_WITHOUT_CALLBACK,0
P_01307,3.0,,LEFT,CC,1,4,2,calc,AMORPHOUS,CLUSTERED,N/A,N/A,MALIGNANT,1
P_01307,3.0,,LEFT,MLO,1,4,2,calc,AMORPHOUS,CLUSTERED,N/A,N/A,MALIGNANT,1
P_01309,1.0,,RIGHT,CC,1,4,3,calc,PLEOMORPHIC,CLUSTERED,N/A,N/A,MALIGNANT,1
P_01309,1.0,,RIGHT,MLO,1,4,3,calc,PLEOMORPHIC,CLUSTERED,N/A,N/A,MALIGNANT,1
P_01313,2.0,,LEFT,CC,1,4,3,calc,AMORPHOUS,REGIONAL,N/A,N/A,MALIGNANT,1
P_01313,2.0,,LEFT,MLO,1,4,3,calc,AMORPHOUS,REGIONAL,N/A,N/A,MALIGNANT,1
P_01314,1.0,,LEFT,CC,1,4,3,calc,ROUND_AND_REGULAR-AMORPHOUS,N/A,N/A,N/A,BENIGN,0
P_01314,1.0,,LEFT,MLO,1,4,3,calc,PLEOMORPHIC,CLUSTERED,N/A,N/A,BENIGN,0
P_01315,4.0,,LEFT,CC,1,4,4,calc,PLEOMORPHIC,CLUSTERED,N/A,N/A,MALIGNANT,1
P_01315,4.0,,LEFT,MLO,1,4,4,calc,PLEOMORPHIC,CLUSTERED,N/A,N/A,MALIGNANT,1
P_01319,3.0,,RIGHT,CC,1,4,4,calc,ROUND_AND_REGULAR,CLUSTERED,N/A,N/A,BENIGN,0
P_01319,3.0,,RIGHT,MLO,1,4,4,calc,ROUND_AND_REGULAR,CLUSTERED,N/A,N/A,BENIGN,0
P_01321,1.0,,RIGHT,CC,1,5,4,calc,FINE_LINEAR_BRANCHING,CLUSTERED-LINEAR,N/A,N/A,MALIGNANT,1
P_01321,1.0,,RIGHT,CC,2,5,4,calc,FINE_LINEAR_BRANCHING,CLUSTERED-LINEAR,N/A,N/A,MALIGNANT,1
P_01321,1.0,,RIGHT,MLO,1,5,4,calc,FINE_LINEAR_BRANCHING,CLUSTERED-LINEAR,N/A,N/A,MALIGNANT,1
P_01321,1.0,,RIGHT,MLO,2,5,4,calc,FINE_LINEAR_BRANCHING,CLUSTERED-LINEAR,N/A,N/A,MALIGNANT,1
P_01321,1.0,,RIGHT,MLO,3,5,4,calc,FINE_LINEAR_BRANCHING,CLUSTERED-LINEAR,N/A,N/A,MALIGNANT,1
P_01334,3.0,,RIGHT,CC,1,4,2,calc,AMORPHOUS-PLEOMORPHIC,CLUSTERED,N/A,N/A,BENIGN,0
P_01334,3.0,,RIGHT,CC,2,4,2,calc,AMORPHOUS-PLEOMORPHIC,CLUSTERED,N/A,N/A,BENIGN,0
P_01334,3.0,,RIGHT,MLO,1,4,2,calc,AMORPHOUS-PLEOMORPHIC,CLUSTERED,N/A,N/A,BENIGN,0
P_01334,3.0,,RIGHT,MLO,2,4,2,calc,AMORPHOUS-PLEOMORPHIC,CLUSTERED,N/A,N/A,BENIGN,0
P_01336,2.0,,LEFT,CC,1,2,4,calc,COARSE-ROUND_AND_REGULAR-LUCENT_CENTER,N/A,N/A,N/A,BENIGN_WITHOUT_CALLBACK,0
P_01336,2.0,,LEFT,CC,2,2,4,calc,COARSE-ROUND_AND_REGULAR-LUCENT_CENTER,N/A,N/A,N/A,BENIGN_WITHOUT_CALLBACK,0
P_01336,2.0,,LEFT,MLO,1,2,4,calc,COARSE-ROUND_AND_REGULAR-LUCENT_CENTER,N/A,N/A,N/A,BENIGN_WITHOUT_CALLBACK,0
P_01336,2.0,,LEFT,MLO,2,2,4,calc,COARSE-ROUND_AND_REGULAR-LUCENT_CENTER,N/A,N/A,N/A,BENIGN_WITHOUT_CALLBACK,0
P_01336,2.0,,RIGHT,CC,1,2,4,calc,COARSE-ROUND_AND_REGULAR-LUCENT_CENTER,N/A,N/A,N/A,BENIGN_WITHOUT_CALLBACK,0
P_01336,2.0,,RIGHT,CC,2,2,5,calc,COARSE-ROUND_AND_REGULAR-LUCENT_CENTER,N/A,N/A,N/A,BENIGN_WITHOUT_CALLBACK,0
P_01336,2.0,,RIGHT,CC,3,2,5,calc,COARSE-ROUND_AND_REGULAR-LUCENT_CENTER,N/A,N/A,N/A,BENIGN_WITHOUT_CALLBACK,0
P_01336,2.0,,RIGHT,MLO,1,2,5,calc,COARSE-ROUND_AND_REGULAR-LUCENT_CENTER,N/A,N/A,N/A,BENIGN_WITHOUT_CALLBACK,0
P_01336,2.0,,RIGHT,MLO,2,2,5,calc,COARSE-ROUND_AND_REGULAR-LUCENT_CENTER,N/A,N/A,N/A,BENIGN_WITHOUT_CALLBACK,0
P_01336,2.0,,RIGHT,MLO,3,2,5,calc,COARSE-ROUND_AND_REGULAR-LUCENT_CENTER,N/A,N/A,N/A,BENIGN_WITHOUT_CALLBACK,0
P_01337,4.0,,LEFT,CC,1,2,5,calc,AMORPHOUS,CLUSTERED,N/A,N/A,BENIGN,0
P_01337,4.0,,LEFT,MLO,1,2,5,calc,AMORPHOUS,CLUSTERED,N/A,N/A,BENIGN,0
P_01338,4.0,,LEFT,CC,1,4,2,calc,PLEOMORPHIC,CLUSTERED,N/A,N/A,BENIGN,0
P_01338,4.0,,LEFT,MLO,1,4,2,calc,PLEOMORPHIC,CLUSTERED,N/A,N/A,BENIGN,0
P_01339,4.0,,LEFT,CC,1,4,3,calc,PLEOMORPHIC,CLUSTERED,N/A,N/A,MALIGNANT,1
P_01339,4.0,,LEFT,MLO,1,4,3,calc,PLEOMORPHIC,CLUSTERED,N/A,N/A,MALIGNANT,1
P_01342,2.0,,LEFT,CC,1,4,2,calc,PLEOMORPHIC,CLUSTERED,N/A,N/A,MALIGNANT,1
P_01342,2.0,,LEFT,MLO,1,4,2,calc,PLEOMORPHIC,CLUSTERED,N/A,N/A,MALIGNANT,1
P_01345,3.0,,LEFT,CC,1,4,2,calc,PLEOMORPHIC,LINEAR,N/A,N/A,MALIGNANT,1
P_01346,2.0,,LEFT,CC,1,5,5,calc,PLEOMORPHIC,SEGMENTAL,N/A,N/A,MALIGNANT,1
P_01346,2.0,,LEFT,MLO,1,5,5,calc,PLEOMORPHIC,SEGMENTAL,N/A,N/A,MALIGNANT,1
P_01358,2.0,,RIGHT,CC,1,5,5,calc,PLEOMORPHIC,REGIONAL,N/A,N/A,MALIGNANT,1
P_01358,2.0,,RIGHT,MLO,1,5,5,calc,PLEOMORPHIC,REGIONAL,N/A,N/A,MALIGNANT,1
P_01359,3.0,,LEFT,CC,1,5,5,calc,PLEOMORPHIC,REGIONAL,N/A,N/A,MALIGNANT,1
P_01359,3.0,,LEFT,MLO,1,5,5,calc,PLEOMORPHIC,REGIONAL,N/A,N/A,MALIGNANT,1
P_01361,4.0,,LEFT,CC,1,5,5,calc,PLEOMORPHIC,SEGMENTAL,N/A,N/A,MALIGNANT,1
P_01361,4.0,,LEFT,MLO,1,5,5,calc,PLEOMORPHIC,SEGMENTAL,N/A,N/A,MALIGNANT,1
P_01362,3.0,,RIGHT,CC,1,4,2,calc,PLEOMORPHIC,CLUSTERED,N/A,N/A,BENIGN,0
P_01362,3.0,,RIGHT,MLO,1,4,2,calc,PLEOMORPHIC,CLUSTERED,N/A,N/A,BENIGN,0
P_01365,4.0,,LEFT,CC,1,4,3,calc,PLEOMORPHIC,SEGMENTAL,N/A,N/A,MALIGNANT,1
P_01365,4.0,,LEFT,MLO,1,4,3,calc,PLEOMORPHIC,SEGMENTAL,N/A,N/A,MALIGNANT,1
P_01366,4.0,,LEFT,MLO,1,3,2,calc,PLEOMORPHIC,CLUSTERED,N/A,N/A,BENIGN,0
P_01369,4.0,,RIGHT,MLO,1,4,3,calc,PLEOMORPHIC,CLUSTERED,N/A,N/A,BENIGN,0
P_01370,3.0,,LEFT,CC,1,5,4,calc,PLEOMORPHIC,LINEAR,N/A,N/A,MALIGNANT,1
P_01370,3.0,,LEFT,MLO,1,5,4,calc,PLEOMORPHIC,LINEAR,N/A,N/A,MALIGNANT,1
P_01375,1.0,,LEFT,CC,1,4,4,calc,PLEOMORPHIC,CLUSTERED,N/A,N/A,BENIGN,0
P_01375,1.0,,LEFT,MLO,1,4,4,calc,PLEOMORPHIC,CLUSTERED,N/A,N/A,BENIGN,0
P_01384,4.0,,LEFT,MLO,1,4,2,calc,PLEOMORPHIC,CLUSTERED,N/A,N/A,MALIGNANT,1
P_01385,2.0,,RIGHT,CC,1,4,2,calc,PLEOMORPHIC,CLUSTERED,N/A,N/A,BENIGN,0
P_01385,2.0,,RIGHT,MLO,1,4,2,calc,PLEOMORPHIC,CLUSTERED,N/A,N/A,BENIGN,0
P_01387,4.0,,LEFT,CC,1,4,2,calc,AMORPHOUS,CLUSTERED,N/A,N/A,BENIGN,0
P_01387,4.0,,LEFT,MLO,1,4,2,calc,AMORPHOUS,CLUSTERED,N/A,N/A,BENIGN,0
P_01392,1.0,,LEFT,CC,1,3,5,calc,PLEOMORPHIC-FINE_LINEAR_BRANCHING,CLUSTERED,N/A,N/A,BENIGN,0
P_01392,1.0,,LEFT,MLO,1,3,5,calc,PLEOMORPHIC,CLUSTERED,N/A,N/A,BENIGN,0
P_01397,4.0,,LEFT,CC,1,5,3,calc,PLEOMORPHIC,CLUSTERED,N/A,N/A,MALIGNANT,1
P_01397,4.0,,LEFT,MLO,1,5,3,calc,PLEOMORPHIC,CLUSTERED,N/A,N/A,MALIGNANT,1
P_01400,2.0,,LEFT,CC,1,4,3,calc,PLEOMORPHIC,CLUSTERED,N/A,N/A,MALIGNANT,1
P_01400,2.0,,LEFT,MLO,1,4,3,calc,PLEOMORPHIC,CLUSTERED,N/A,N/A,MALIGNANT,1
P_01401,2.0,,LEFT,CC,1,4,4,calc,PLEOMORPHIC,CLUSTERED,N/A,N/A,BENIGN,0
P_01401,2.0,,LEFT,MLO,1,4,4,calc,PLEOMORPHIC,CLUSTERED,N/A,N/A,BENIGN,0
P_01406,3.0,,RIGHT,CC,1,4,3,calc,PLEOMORPHIC,CLUSTERED,N/A,N/A,BENIGN,0
P_01406,3.0,,RIGHT,MLO,1,4,3,calc,PLEOMORPHIC,CLUSTERED,N/A,N/A,BENIGN,0
P_01408,3.0,,LEFT,CC,1,2,5,calc,LARGE_RODLIKE-ROUND_AND_REGULAR,REGIONAL,N/A,N/A,BENIGN_WITHOUT_CALLBACK,0
P_01408,3.0,,LEFT,CC,2,2,5,calc,LARGE_RODLIKE-ROUND_AND_REGULAR,REGIONAL,N/A,N/A,BENIGN_WITHOUT_CALLBACK,0
P_01408,3.0,,LEFT,CC,3,2,5,calc,LARGE_RODLIKE-ROUND_AND_REGULAR,REGIONAL,N/A,N/A,BENIGN_WITHOUT_CALLBACK,0
P_01408,3.0,,LEFT,CC,4,2,5,calc,LARGE_RODLIKE-ROUND_AND_REGULAR,REGIONAL,N/A,N/A,BENIGN_WITHOUT_CALLBACK,0
P_01408,3.0,,LEFT,CC,5,2,5,calc,LARGE_RODLIKE-ROUND_AND_REGULAR,REGIONAL,N/A,N/A,BENIGN_WITHOUT_CALLBACK,0
P_01408,3.0,,LEFT,CC,6,2,5,calc,LARGE_RODLIKE-ROUND_AND_REGULAR,REGIONAL,N/A,N/A,BENIGN_WITHOUT_CALLBACK,0
P_01408,3.0,,LEFT,MLO,1,2,5,calc,LARGE_RODLIKE-ROUND_AND_REGULAR,REGIONAL,N/A,N/A,BENIGN_WITHOUT_CALLBACK,0
P_01408,3.0,,LEFT,MLO,2,2,5,calc,LARGE_RODLIKE-ROUND_AND_REGULAR,REGIONAL,N/A,N/A,BENIGN_WITHOUT_CALLBACK,0
P_01408,3.0,,LEFT,MLO,3,2,5,calc,LARGE_RODLIKE-ROUND_AND_REGULAR,REGIONAL,N/A,N/A,BENIGN_WITHOUT_CALLBACK,0
P_01408,3.0,,LEFT,MLO,4,2,5,calc,LARGE_RODLIKE-ROUND_AND_REGULAR,REGIONAL,N/A,N/A,BENIGN_WITHOUT_CALLBACK,0
P_01408,3.0,,LEFT,MLO,5,2,5,calc,LARGE_RODLIKE-ROUND_AND_REGULAR,REGIONAL,N/A,N/A,BENIGN_WITHOUT_CALLBACK,0
P_01409,2.0,,LEFT,CC,1,4,2,calc,PLEOMORPHIC,CLUSTERED,N/A,N/A,BENIGN,0
P_01409,2.0,,LEFT,CC,2,4,2,calc,PLEOMORPHIC,CLUSTERED,N/A,N/A,BENIGN,0
P_01409,2.0,,LEFT,MLO,1,4,2,calc,PLEOMORPHIC,CLUSTERED,N/A,N/A,BENIGN,0
P_01409,2.0,,LEFT,MLO,2,4,2,calc,PLEOMORPHIC,CLUSTERED,N/A,N/A,BENIGN,0
P_01409,2.0,,RIGHT,CC,1,2,5,calc,VASCULAR,N/A,N/A,N/A,BENIGN_WITHOUT_CALLBACK,0
P_01409,2.0,,RIGHT,MLO,1,2,5,calc,VASCULAR,N/A,N/A,N/A,BENIGN_WITHOUT_CALLBACK,0
P_01410,4.0,,LEFT,CC,1,4,3,calc,AMORPHOUS,CLUSTERED,N/A,N/A,BENIGN,0
P_01410,4.0,,LEFT,MLO,1,4,2,calc,AMORPHOUS,CLUSTERED,N/A,N/A,BENIGN,0
P_01420,3.0,,RIGHT,CC,1,4,2,calc,PLEOMORPHIC,LINEAR,N/A,N/A,MALIGNANT,1
P_01420,3.0,,RIGHT,MLO,1,4,2,calc,PLEOMORPHIC,LINEAR,N/A,N/A,MALIGNANT,1
P_01422,3.0,,RIGHT,CC,1,4,2,calc,PLEOMORPHIC,CLUSTERED,N/A,N/A,BENIGN,0
P_01422,3.0,,RIGHT,MLO,1,4,2,calc,PLEOMORPHIC,CLUSTERED,N/A,N/A,BENIGN,0
P_01424,4.0,,LEFT,CC,1,4,4,calc,PLEOMORPHIC,CLUSTERED,N/A,N/A,MALIGNANT,1
P_01424,4.0,,LEFT,MLO,1,4,4,calc,PLEOMORPHIC,CLUSTERED,N/A,N/A,MALIGNANT,1
P_01435,4.0,,RIGHT,CC,1,2,4,calc,LUCENT_CENTER,N/A,N/A,N/A,BENIGN_WITHOUT_CALLBACK,0
P_01435,4.0,,RIGHT,CC,2,2,4,calc,LUCENT_CENTER,N/A,N/A,N/A,BENIGN_WITHOUT_CALLBACK,0
P_01435,4.0,,RIGHT,MLO,1,2,4,calc,LUCENT_CENTER,N/A,N/A,N/A,BENIGN_WITHOUT_CALLBACK,0
P_01435,4.0,,RIGHT,MLO,2,2,4,calc,LUCENT_CENTER,N/A,N/A,N/A,BENIGN_WITHOUT_CALLBACK,0
P_01435,4.0,,RIGHT,MLO,3,2,4,calc,LUCENT_CENTER,N/A,N/A,N/A,BENIGN_WITHOUT_CALLBACK,0
P_01436,3.0,,RIGHT,CC,1,4,3,calc,PLEOMORPHIC,CLUSTERED,N/A,N/A,BENIGN,0
P_01436,3.0,,RIGHT,MLO,1,4,3,calc,PLEOMORPHIC,CLUSTERED,N/A,N/A,BENIGN,0
P_01437,4.0,,LEFT,CC,1,2,5,calc,ROUND_AND_REGULAR-LUCENT_CENTER-PUNCTATE,DIFFUSELY_SCATTERED,N/A,N/A,BENIGN_WITHOUT_CALLBACK,0
P_01437,4.0,,LEFT,CC,2,2,5,calc,ROUND_AND_REGULAR-LUCENT_CENTER-PUNCTATE,DIFFUSELY_SCATTERED,N/A,N/A,BENIGN_WITHOUT_CALLBACK,0
P_01437,4.0,,LEFT,CC,3,2,5,calc,ROUND_AND_REGULAR-LUCENT_CENTER-PUNCTATE,DIFFUSELY_SCATTERED,N/A,N/A,BENIGN_WITHOUT_CALLBACK,0
P_01437,4.0,,LEFT,CC,4,2,5,calc,ROUND_AND_REGULAR-LUCENT_CENTER-PUNCTATE,DIFFUSELY_SCATTERED,N/A,N/A,BENIGN_WITHOUT_CALLBACK,0
P_01437,4.0,,LEFT,CC,5,2,5,calc,ROUND_AND_REGULAR-LUCENT_CENTER-PUNCTATE,DIFFUSELY_SCATTERED,N/A,N/A,BENIGN_WITHOUT_CALLBACK,0
P_01437,4.0,,LEFT,CC,6,2,5,calc,ROUND_AND_REGULAR-LUCENT_CENTER-PUNCTATE,DIFFUSELY_SCATTERED,N/A,N/A,BENIGN_WITHOUT_CALLBACK,0
P_01437,4.0,,LEFT,MLO,1,2,5,calc,ROUND_AND_REGULAR-LUCENT_CENTER-PUNCTATE,DIFFUSELY_SCATTERED,N/A,N/A,BENIGN_WITHOUT_CALLBACK,0
P_01437,4.0,,LEFT,MLO,2,2,5,calc,ROUND_AND_REGULAR-LUCENT_CENTER-PUNCTATE,DIFFUSELY_SCATTERED,N/A,N/A,BENIGN_WITHOUT_CALLBACK,0
P_01437,4.0,,LEFT,MLO,3,2,5,calc,ROUND_AND_REGULAR-LUCENT_CENTER-PUNCTATE,DIFFUSELY_SCATTERED,N/A,N/A,BENIGN_WITHOUT_CALLBACK,0
P_01437,4.0,,LEFT,MLO,4,2,5,calc,ROUND_AND_REGULAR-LUCENT_CENTER-PUNCTATE,DIFFUSELY_SCATTERED,N/A,N/A,BENIGN_WITHOUT_CALLBACK,0
P_01437,4.0,,LEFT,MLO,5,2,5,calc,ROUND_AND_REGULAR-LUCENT_CENTER-PUNCTATE,DIFFUSELY_SCATTERED,N/A,N/A,BENIGN_WITHOUT_CALLBACK,0
P_01437,4.0,,LEFT,MLO,6,2,5,calc,ROUND_AND_REGULAR-LUCENT_CENTER-PUNCTATE,DIFFUSELY_SCATTERED,N/A,N/A,BENIGN_WITHOUT_CALLBACK,0
P_01437,4.0,,RIGHT,CC,1,2,5,calc,ROUND_AND_REGULAR-LUCENT_CENTER-PUNCTATE,DIFFUSELY_SCATTERED,N/A,N/A,BENIGN_WITHOUT_CALLBACK,0
P_01437,4.0,,RIGHT,CC,2,2,5,calc,ROUND_AND_REGULAR-LUCENT_CENTER-PUNCTATE,DIFFUSELY_SCATTERED,N/A,N/A,BENIGN_WITHOUT_CALLBACK,0
P_01437,4.0,,RIGHT,CC,3,2,5,calc,ROUND_AND_REGULAR-LUCENT_CENTER-PUNCTATE,DIFFUSELY_SCATTERED,N/A,N/A,BENIGN_WITHOUT_CALLBACK,0
P_01437,4.0,,RIGHT,CC,4,2,5,calc,ROUND_AND_REGULAR-LUCENT_CENTER-PUNCTATE,DIFFUSELY_SCATTERED,N/A,N/A,BENIGN_WITHOUT_CALLBACK,0
P_01437,4.0,,RIGHT,CC,5,2,5,calc,ROUND_AND_REGULAR-LUCENT_CENTER-PUNCTATE,DIFFUSELY_SCATTERED,N/A,N/A,BENIGN_WITHOUT_CALLBACK,0
P_01437,4.0,,RIGHT,CC,6,2,5,calc,ROUND_AND_REGULAR-LUCENT_CENTER-PUNCTATE,DIFFUSELY_SCATTERED,N/A,N/A,BENIGN_WITHOUT_CALLBACK,0
P_01437,4.0,,RIGHT,MLO,1,2,5,calc,ROUND_AND_REGULAR-LUCENT_CENTER-PUNCTATE,DIFFUSELY_SCATTERED,N/A,N/A,BENIGN_WITHOUT_CALLBACK,0
P_01437,4.0,,RIGHT,MLO,2,2,5,calc,ROUND_AND_REGULAR-LUCENT_CENTER-PUNCTATE,DIFFUSELY_SCATTERED,N/A,N/A,BENIGN_WITHOUT_CALLBACK,0
P_01437,4.0,,RIGHT,MLO,3,2,5,calc,ROUND_AND_REGULAR-LUCENT_CENTER-PUNCTATE,DIFFUSELY_SCATTERED,N/A,N/A,BENIGN_WITHOUT_CALLBACK,0
P_01437,4.0,,RIGHT,MLO,4,2,5,calc,ROUND_AND_REGULAR-LUCENT_CENTER-PUNCTATE,DIFFUSELY_SCATTERED,N/A,N/A,BENIGN_WITHOUT_CALLBACK,0
P_01437,4.0,,RIGHT,MLO,5,2,5,calc,ROUND_AND_REGULAR-LUCENT_CENTER-PUNCTATE,DIFFUSELY_SCATTERED,N/A,N/A,BENIGN_WITHOUT_CALLBACK,0
P_01437,4.0,,RIGHT,MLO,6,2,5,calc,ROUND_AND_REGULAR-LUCENT_CENTER-PUNCTATE,DIFFUSELY_SCATTERED,N/A,N/A,BENIGN_WITHOUT_CALLBACK,0
P_01440,3.0,,LEFT,CC,1,2,3,calc,COARSE-LUCENT_CENTER,N/A,N/A,N/A,BENIGN_WITHOUT_CALLBACK,0
P_01440,3.0,,LEFT,MLO,1,2,3,calc,COARSE-LUCENT_CENTER,N/A,N/A,N/A,BENIGN_WITHOUT_CALLBACK,0
P_01440,3.0,,RIGHT,CC,1,2,5,calc,COARSE,N/A,N/A,N/A,BENIGN_WITHOUT_CALLBACK,0
P_01440,3.0,,RIGHT,CC,2,2,5,calc,COARSE,N/A,N/A,N/A,BENIGN_WITHOUT_CALLBACK,0
P_01440,3.0,,RIGHT,MLO,1,2,4,calc,COARSE,N/A,N/A,N/A,BENIGN_WITHOUT_CALLBACK,0
P_01440,3.0,,RIGHT,MLO,2,2,4,calc,COARSE,N/A,N/A,N/A,BENIGN_WITHOUT_CALLBACK,0
P_01443,3.0,,RIGHT,CC,1,4,4,calc,PLEOMORPHIC,CLUSTERED,N/A,N/A,MALIGNANT,1
P_01443,3.0,,RIGHT,MLO,1,4,4,calc,PLEOMORPHIC,CLUSTERED,N/A,N/A,MALIGNANT,1
P_01446,1.0,,LEFT,MLO,1,4,3,calc,PLEOMORPHIC,CLUSTERED,N/A,N/A,BENIGN,0
P_01451,1.0,,RIGHT,CC,1,4,4,calc,PLEOMORPHIC,CLUSTERED,N/A,N/A,BENIGN,0
P_01451,1.0,,RIGHT,MLO,1,4,4,calc,PLEOMORPHIC,CLUSTERED,N/A,N/A,BENIGN,0
P_01454,2.0,,LEFT,MLO,2,4,4,calc,FINE_LINEAR_BRANCHING,LINEAR,N/A,N/A,MALIGNANT,1
P_01455,1.0,,RIGHT,CC,1,5,5,calc,ROUND_AND_REGULAR,CLUSTERED,N/A,N/A,MALIGNANT,1
P_01455,1.0,,RIGHT,MLO,1,5,5,calc,ROUND_AND_REGULAR,CLUSTERED,N/A,N/A,MALIGNANT,1
P_01456,2.0,,LEFT,CC,1,5,3,calc,PLEOMORPHIC-FINE_LINEAR_BRANCHING,REGIONAL,N/A,N/A,MALIGNANT,1
P_01456,2.0,,LEFT,CC,2,5,3,calc,PLEOMORPHIC-FINE_LINEAR_BRANCHING,REGIONAL,N/A,N/A,MALIGNANT,1
P_01456,2.0,,LEFT,MLO,1,5,3,calc,PLEOMORPHIC-FINE_LINEAR_BRANCHING,REGIONAL,N/A,N/A,MALIGNANT,1
P_01456,2.0,,LEFT,MLO,2,5,3,calc,PLEOMORPHIC-FINE_LINEAR_BRANCHING,REGIONAL,N/A,N/A,MALIGNANT,1
P_01457,2.0,,LEFT,CC,1,2,3,calc,COARSE,N/A,N/A,N/A,BENIGN_WITHOUT_CALLBACK,0
P_01457,2.0,,LEFT,CC,2,2,3,calc,COARSE,N/A,N/A,N/A,BENIGN_WITHOUT_CALLBACK,0
P_01457,2.0,,LEFT,MLO,1,2,3,calc,COARSE,N/A,N/A,N/A,BENIGN_WITHOUT_CALLBACK,0
P_01457,2.0,,LEFT,MLO,2,2,3,calc,COARSE,N/A,N/A,N/A,BENIGN_WITHOUT_CALLBACK,0
P_01457,2.0,,RIGHT,CC,1,2,3,calc,COARSE,N/A,N/A,N/A,BENIGN_WITHOUT_CALLBACK,0
P_01457,2.0,,RIGHT,MLO,1,2,3,calc,COARSE,N/A,N/A,N/A,BENIGN_WITHOUT_CALLBACK,0
P_01458,3.0,,LEFT,CC,1,3,5,calc,DYSTROPHIC,CLUSTERED,N/A,N/A,BENIGN_WITHOUT_CALLBACK,0
P_01458,3.0,,LEFT,MLO,1,3,5,calc,DYSTROPHIC,CLUSTERED,N/A,N/A,BENIGN_WITHOUT_CALLBACK,0
P_01459,4.0,,LEFT,CC,1,5,4,calc,PLEOMORPHIC,SEGMENTAL,N/A,N/A,MALIGNANT,1
P_01459,4.0,,LEFT,MLO,1,5,4,calc,PLEOMORPHIC,SEGMENTAL,N/A,N/A,MALIGNANT,1
P_01462,2.0,,LEFT,CC,1,2,5,calc,LUCENT_CENTER,N/A,N/A,N/A,BENIGN_WITHOUT_CALLBACK,0
P_01462,2.0,,LEFT,MLO,1,2,5,calc,LUCENT_CENTER,N/A,N/A,N/A,BENIGN_WITHOUT_CALLBACK,0
P_01467,3.0,,RIGHT,CC,1,4,4,calc,PLEOMORPHIC,REGIONAL,N/A,N/A,MALIGNANT,1
P_01467,3.0,,RIGHT,MLO,1,4,4,calc,PLEOMORPHIC,REGIONAL,N/A,N/A,MALIGNANT,1
P_01472,4.0,,RIGHT,MLO,1,4,3,calc,PLEOMORPHIC,CLUSTERED,N/A,N/A,MALIGNANT,1
P_01478,2.0,,RIGHT,CC,1,4,2,calc,PLEOMORPHIC,CLUSTERED,N/A,N/A,BENIGN,0
P_01478,2.0,,RIGHT,MLO,1,4,3,calc,PLEOMORPHIC,CLUSTERED,N/A,N/A,BENIGN,0
P_01487,2.0,,RIGHT,MLO,1,2,3,calc,LUCENT_CENTER,N/A,N/A,N/A,BENIGN_WITHOUT_CALLBACK,0
P_01488,3.0,,LEFT,CC,1,3,2,calc,PUNCTATE,CLUSTERED,N/A,N/A,BENIGN,0
P_01488,3.0,,LEFT,MLO,1,4,2,calc,PUNCTATE-PLEOMORPHIC,CLUSTERED,N/A,N/A,BENIGN,0
P_01497,4.0,,LEFT,CC,1,4,3,calc,PUNCTATE-AMORPHOUS,REGIONAL,N/A,N/A,BENIGN,0
P_01497,4.0,,LEFT,MLO,1,4,3,calc,PUNCTATE-AMORPHOUS,REGIONAL,N/A,N/A,BENIGN,0
P_01497,4.0,,RIGHT,MLO,1,4,3,calc,PUNCTATE-AMORPHOUS,REGIONAL,N/A,N/A,BENIGN,0
P_01505,3.0,,RIGHT,CC,1,4,3,calc,PLEOMORPHIC,REGIONAL,N/A,N/A,MALIGNANT,1
P_01505,3.0,,RIGHT,MLO,1,5,3,calc,PLEOMORPHIC,REGIONAL,N/A,N/A,MALIGNANT,1
P_01513,2.0,,LEFT,CC,1,4,4,calc,PLEOMORPHIC,CLUSTERED,N/A,N/A,BENIGN,0
P_01513,2.0,,LEFT,MLO,1,4,4,calc,PLEOMORPHIC,CLUSTERED,N/A,N/A,BENIGN,0
P_01517,4.0,,LEFT,MLO,2,4,2,calc,PLEOMORPHIC,CLUSTERED,N/A,N/A,MALIGNANT,1
P_01522,2.0,,RIGHT,CC,1,4,3,calc,PLEOMORPHIC,CLUSTERED,N/A,N/A,BENIGN,0
P_01522,2.0,,RIGHT,MLO,1,4,3,calc,PLEOMORPHIC,CLUSTERED,N/A,N/A,BENIGN,0
P_01524,3.0,,LEFT,CC,1,4,3,calc,PLEOMORPHIC,SEGMENTAL,N/A,N/A,MALIGNANT,1
P_01524,3.0,,LEFT,MLO,1,4,3,calc,PLEOMORPHIC,SEGMENTAL,N/A,N/A,MALIGNANT,1
P_01526,2.0,,RIGHT,CC,1,5,5,calc,PLEOMORPHIC,REGIONAL,N/A,N/A,MALIGNANT,1
P_01526,2.0,,RIGHT,MLO,1,5,5,calc,PLEOMORPHIC,REGIONAL,N/A,N/A,MALIGNANT,1
P_01537,4.0,,RIGHT,CC,1,5,4,calc,PLEOMORPHIC,CLUSTERED,N/A,N/A,MALIGNANT,1
P_01545,3.0,,RIGHT,CC,1,5,4,calc,PLEOMORPHIC,CLUSTERED,N/A,N/A,MALIGNANT,1
P_01545,3.0,,RIGHT,MLO,1,5,4,calc,PLEOMORPHIC,CLUSTERED,N/A,N/A,MALIGNANT,1
P_01548,3.0,,LEFT,CC,1,4,2,calc,PLEOMORPHIC,CLUSTERED,N/A,N/A,MALIGNANT,1
P_01548,3.0,,LEFT,MLO,1,4,2,calc,PLEOMORPHIC,CLUSTERED,N/A,N/A,MALIGNANT,1
P_01549,3.0,,LEFT,CC,1,4,2,calc,PLEOMORPHIC,CLUSTERED,N/A,N/A,MALIGNANT,1
P_01549,3.0,,LEFT,MLO,1,4,2,calc,PLEOMORPHIC,CLUSTERED,N/A,N/A,MALIGNANT,1
P_01561,2.0,,LEFT,CC,1,4,4,calc,AMORPHOUS,CLUSTERED,N/A,N/A,MALIGNANT,1
P_01561,2.0,,LEFT,MLO,1,4,3,calc,AMORPHOUS,CLUSTERED,N/A,N/A,MALIGNANT,1
P_01563,3.0,,LEFT,CC,1,2,3,calc,ROUND_AND_REGULAR-LUCENT_CENTERED,N/A,N/A,N/A,BENIGN_WITHOUT_CALLBACK,0
P_01563,3.0,,LEFT,CC,2,2,3,calc,ROUND_AND_REGULAR-LUCENT_CENTERED,N/A,N/A,N/A,BENIGN_WITHOUT_CALLBACK,0
P_01563,3.0,,LEFT,MLO,1,2,3,calc,ROUND_AND_REGULAR-LUCENT_CENTERED,N/A,N/A,N/A,BENIGN_WITHOUT_CALLBACK,0
P_01563,3.0,,LEFT,MLO,2,2,3,calc,ROUND_AND_REGULAR-LUCENT_CENTERED,N/A,N/A,N/A,BENIGN_WITHOUT_CALLBACK,0
P_01563,3.0,,LEFT,MLO,3,2,3,calc,ROUND_AND_REGULAR-LUCENT_CENTERED,N/A,N/A,N/A,BENIGN_WITHOUT_CALLBACK,0
P_01563,3.0,,LEFT,MLO,4,2,3,calc,ROUND_AND_REGULAR-LUCENT_CENTERED,N/A,N/A,N/A,BENIGN_WITHOUT_CALLBACK,0
P_01563,3.0,,RIGHT,CC,1,2,3,calc,ROUND_AND_REGULAR-LUCENT_CENTERED,N/A,N/A,N/A,BENIGN_WITHOUT_CALLBACK,0
P_01563,3.0,,RIGHT,CC,2,2,3,calc,ROUND_AND_REGULAR-LUCENT_CENTERED,N/A,N/A,N/A,BENIGN_WITHOUT_CALLBACK,0
P_01563,3.0,,RIGHT,MLO,1,2,3,calc,LUCENT_CENTERED,N/A,N/A,N/A,BENIGN_WITHOUT_CALLBACK,0
P_01563,3.0,,RIGHT,MLO,2,2,3,calc,LUCENT_CENTERED,N/A,N/A,N/A,BENIGN_WITHOUT_CALLBACK,0
P_01563,3.0,,RIGHT,MLO,3,2,3,calc,LUCENT_CENTERED,N/A,N/A,N/A,BENIGN_WITHOUT_CALLBACK,0
P_01566,3.0,,LEFT,CC,1,4,3,calc,PUNCTATE-PLEOMORPHIC,CLUSTERED,N/A,N/A,BENIGN,0
P_01566,3.0,,LEFT,MLO,1,4,3,calc,PLEOMORPHIC,CLUSTERED,N/A,N/A,BENIGN,0
P_01567,3.0,,LEFT,CC,2,3,3,calc,DYSTROPHIC,CLUSTERED,N/A,N/A,BENIGN,0
P_01567,3.0,,LEFT,MLO,2,3,3,calc,DYSTROPHIC,CLUSTERED,N/A,N/A,BENIGN,0
P_01569,4.0,,RIGHT,CC,1,4,4,calc,PUNCTATE-AMORPHOUS,REGIONAL,N/A,N/A,BENIGN,0
P_01569,4.0,,RIGHT,CC,2,4,4,calc,PUNCTATE-AMORPHOUS,CLUSTERED,N/A,N/A,BENIGN,0
P_01569,4.0,,RIGHT,MLO,1,4,4,calc,PUNCTATE-AMORPHOUS,REGIONAL,N/A,N/A,BENIGN,0
P_01570,2.0,,RIGHT,CC,1,4,2,calc,AMORPHOUS,CLUSTERED,N/A,N/A,BENIGN,0
P_01570,2.0,,RIGHT,MLO,2,4,2,calc,AMORPHOUS,CLUSTERED,N/A,N/A,BENIGN,0
P_01571,4.0,,RIGHT,CC,1,4,4,calc,PLEOMORPHIC,SEGMENTAL,N/A,N/A,BENIGN,0
P_01571,4.0,,RIGHT,MLO,1,4,4,calc,PLEOMORPHIC,SEGMENTAL,N/A,N/A,BENIGN,0
P_01573,3.0,,RIGHT,CC,2,4,4,calc,PLEOMORPHIC,CLUSTERED,N/A,N/A,MALIGNANT,1
P_01573,3.0,,RIGHT,CC,3,4,4,calc,PLEOMORPHIC,CLUSTERED,N/A,N/A,MALIGNANT,1
P_01573,3.0,,RIGHT,MLO,2,4,4,calc,PLEOMORPHIC,CLUSTERED,N/A,N/A,MALIGNANT,1
P_01573,3.0,,RIGHT,MLO,3,4,4,calc,PLEOMORPHIC,CLUSTERED,N/A,N/A,MALIGNANT,1
P_01574,2.0,,RIGHT,CC,1,4,3,calc,AMORPHOUS,CLUSTERED,N/A,N/A,BENIGN,0
P_01574,2.0,,RIGHT,MLO,1,4,3,calc,AMORPHOUS,CLUSTERED,N/A,N/A,BENIGN,0
P_01575,4.0,,RIGHT,MLO,1,4,3,calc,PLEOMORPHIC,CLUSTERED,N/A,N/A,MALIGNANT,1
P_01576,2.0,,RIGHT,CC,1,4,2,calc,AMORPHOUS,CLUSTERED,N/A,N/A,MALIGNANT,1
P_01576,2.0,,RIGHT,MLO,1,4,2,calc,AMORPHOUS,CLUSTERED,N/A,N/A,MALIGNANT,1
P_01577,3.0,,RIGHT,CC,1,2,3,calc,LUCENT_CENTER,N/A,N/A,N/A,BENIGN_WITHOUT_CALLBACK,0
P_01577,3.0,,RIGHT,MLO,1,2,3,calc,LUCENT_CENTER,N/A,N/A,N/A,BENIGN_WITHOUT_CALLBACK,0
P_01579,1.0,,RIGHT,CC,1,4,5,calc,PUNCTATE,CLUSTERED,N/A,N/A,BENIGN,0
P_01579,1.0,,RIGHT,MLO,1,4,5,calc,PUNCTATE,CLUSTERED,N/A,N/A,BENIGN,0
P_01582,2.0,,LEFT,CC,1,5,5,calc,AMORPHOUS,REGIONAL,N/A,N/A,MALIGNANT,1
P_01582,2.0,,LEFT,MLO,1,5,5,calc,AMORPHOUS,REGIONAL,N/A,N/A,MALIGNANT,1
P_01582,2.0,,RIGHT,CC,1,4,2,calc,AMORPHOUS,CLUSTERED,N/A,N/A,BENIGN,0
P_01582,2.0,,RIGHT,MLO,1,4,2,calc,AMORPHOUS,CLUSTERED,N/A,N/A,BENIGN,0
P_01585,2.0,,RIGHT,CC,1,4,4,calc,PLEOMORPHIC,SEGMENTAL,N/A,N/A,MALIGNANT,1
P_01585,2.0,,RIGHT,MLO,1,4,4,calc,PLEOMORPHIC,SEGMENTAL,N/A,N/A,MALIGNANT,1
P_01596,2.0,,LEFT,CC,1,4,4,calc,PLEOMORPHIC,LINEAR,N/A,N/A,MALIGNANT,1
P_01596,2.0,,LEFT,MLO,1,4,4,calc,PLEOMORPHIC,LINEAR,N/A,N/A,MALIGNANT,1
P_01605,3.0,,LEFT,CC,1,4,1,calc,PLEOMORPHIC,CLUSTERED,N/A,N/A,MALIGNANT,1
P_01605,3.0,,LEFT,MLO,2,4,1,calc,PLEOMORPHIC,CLUSTERED,N/A,N/A,MALIGNANT,1
P_01609,4.0,,LEFT,CC,1,4,1,calc,PLEOMORPHIC,CLUSTERED,N/A,N/A,BENIGN,0
P_01609,4.0,,LEFT,MLO,1,4,1,calc,PLEOMORPHIC,CLUSTERED,N/A,N/A,BENIGN,0
P_01610,1.0,,RIGHT,MLO,1,4,4,calc,AMORPHOUS,CLUSTERED,N/A,N/A,MALIGNANT,1
P_01616,4.0,,RIGHT,CC,1,4,3,calc,AMORPHOUS,SEGMENTAL,N/A,N/A,BENIGN,0
P_01616,4.0,,RIGHT,MLO,1,4,3,calc,AMORPHOUS,SEGMENTAL,N/A,N/A,BENIGN,0
P_01625,2.0,,RIGHT,CC,1,4,4,calc,PLEOMORPHIC,SEGMENTAL,N/A,N/A,MALIGNANT,1
P_01625,2.0,,RIGHT,MLO,1,4,4,calc,PLEOMORPHIC,SEGMENTAL,N/A,N/A,MALIGNANT,1
P_01626,2.0,,LEFT,CC,1,5,4,calc,PLEOMORPHIC,CLUSTERED,N/A,N/A,MALIGNANT,1
P_01626,2.0,,LEFT,MLO,1,5,4,calc,PLEOMORPHIC,CLUSTERED,N/A,N/A,MALIGNANT,1
P_01628,3.0,,LEFT,CC,1,2,5,calc,ROUND_AND_REGULAR-LUCENT_CENTER,N/A,N/A,N/A,BENIGN_WITHOUT_CALLBACK,0
P_01628,3.0,,LEFT,CC,2,2,5,calc,ROUND_AND_REGULAR-LUCENT_CENTER,N/A,N/A,N/A,BENIGN_WITHOUT_CALLBACK,0
P_01628,3.0,,LEFT,CC,3,2,5,calc,ROUND_AND_REGULAR-LUCENT_CENTER,N/A,N/A,N/A,BENIGN_WITHOUT_CALLBACK,0
P_01628,3.0,,LEFT,MLO,1,2,5,calc,ROUND_AND_REGULAR-LUCENT_CENTER,N/A,N/A,N/A,BENIGN_WITHOUT_CALLBACK,0
P_01628,3.0,,LEFT,MLO,2,2,5,calc,ROUND_AND_REGULAR-LUCENT_CENTER,N/A,N/A,N/A,BENIGN_WITHOUT_CALLBACK,0
P_01628,3.0,,LEFT,MLO,3,2,5,calc,ROUND_AND_REGULAR-LUCENT_CENTER,N/A,N/A,N/A,BENIGN_WITHOUT_CALLBACK,0
P_01628,3.0,,RIGHT,CC,1,2,5,calc,LUCENT_CENTER,N/A,N/A,N/A,BENIGN_WITHOUT_CALLBACK,0
P_01628,3.0,,RIGHT,CC,2,2,5,calc,LUCENT_CENTER,N/A,N/A,N/A,BENIGN_WITHOUT_CALLBACK,0
P_01628,3.0,,RIGHT,MLO,1,2,5,calc,LUCENT_CENTER,N/A,N/A,N/A,BENIGN_WITHOUT_CALLBACK,0
P_01628,3.0,,RIGHT,MLO,2,2,5,calc,LUCENT_CENTER,N/A,N/A,N/A,BENIGN_WITHOUT_CALLBACK,0
P_01629,3.0,,LEFT,CC,1,4,3,calc,PUNCTATE-AMORPHOUS,CLUSTERED-LINEAR,N/A,N/A,BENIGN,0
P_01629,3.0,,LEFT,MLO,1,4,3,calc,PUNCTATE-AMORPHOUS,CLUSTERED,N/A,N/A,BENIGN,0
P_01639,4.0,,RIGHT,CC,1,4,3,calc,PLEOMORPHIC,CLUSTERED,N/A,N/A,BENIGN,0
P_01639,4.0,,RIGHT,MLO,1,4,3,calc,PLEOMORPHIC,CLUSTERED,N/A,N/A,BENIGN,0
P_01647,4.0,,RIGHT,CC,1,4,3,calc,PLEOMORPHIC,SEGMENTAL,N/A,N/A,BENIGN,0
P_01647,4.0,,RIGHT,MLO,1,4,3,calc,PLEOMORPHIC,SEGMENTAL,N/A,N/A,BENIGN,0
P_01655,3.0,,RIGHT,CC,1,4,1,calc,PLEOMORPHIC,CLUSTERED,N/A,N/A,MALIGNANT,1
P_01655,3.0,,RIGHT,MLO,1,4,1,calc,PLEOMORPHIC,CLUSTERED,N/A,N/A,MALIGNANT,1
P_01659,4.0,,LEFT,CC,1,4,2,calc,PUNCTATE,SEGMENTAL,N/A,N/A,MALIGNANT,1
P_01659,4.0,,LEFT,MLO,1,4,2,calc,PUNCTATE,SEGMENTAL,N/A,N/A,MALIGNANT,1
P_01660,2.0,,RIGHT,CC,1,3,1,calc,PUNCTATE,LINEAR,N/A,N/A,BENIGN,0
P_01660,2.0,,RIGHT,MLO,1,3,1,calc,PUNCTATE,LINEAR,N/A,N/A,BENIGN,0
P_01664,3.0,,LEFT,CC,1,2,3,calc,PUNCTATE,CLUSTERED,N/A,N/A,BENIGN_WITHOUT_CALLBACK,0
P_01664,3.0,,LEFT,MLO,1,2,3,calc,PUNCTATE,SEGMENTAL,N/A,N/A,BENIGN_WITHOUT_CALLBACK,0
P_01664,3.0,,RIGHT,CC,1,2,3,calc,PUNCTATE-ROUND_AND_REGULAR,REGIONAL,N/A,N/A,BENIGN_WITHOUT_CALLBACK,0
P_01664,3.0,,RIGHT,CC,2,2,3,calc,PUNCTATE-ROUND_AND_REGULAR,REGIONAL,N/A,N/A,BENIGN_WITHOUT_CALLBACK,0
P_01664,3.0,,RIGHT,MLO,1,2,3,calc,PUNCTATE-ROUND_AND_REGULAR,REGIONAL,N/A,N/A,BENIGN_WITHOUT_CALLBACK,0
P_01664,3.0,,RIGHT,MLO,2,2,3,calc,PUNCTATE-ROUND_AND_REGULAR,REGIONAL,N/A,N/A,BENIGN_WITHOUT_CALLBACK,0
P_01676,4.0,,RIGHT,MLO,1,4,4,calc,PLEOMORPHIC,CLUSTERED,N/A,N/A,BENIGN,0
P_01678,4.0,,RIGHT,CC,1,4,5,calc,DYSTROPHIC,CLUSTERED,N/A,N/A,BENIGN,0
P_01678,4.0,,RIGHT,MLO,1,4,5,calc,DYSTROPHIC,CLUSTERED,N/A,N/A,BENIGN,0
P_01679,3.0,,RIGHT,CC,1,4,1,calc,PLEOMORPHIC,LINEAR,N/A,N/A,MALIGNANT,1
P_01679,3.0,,RIGHT,MLO,1,4,1,calc,PLEOMORPHIC,LINEAR,N/A,N/A,MALIGNANT,1
P_01683,4.0,,LEFT,CC,1,5,4,calc,PLEOMORPHIC,SEGMENTAL,N/A,N/A,MALIGNANT,1
P_01688,3.0,,RIGHT,MLO,1,4,4,calc,PLEOMORPHIC,SEGMENTAL,N/A,N/A,BENIGN,0
P_01691,3.0,,RIGHT,CC,1,2,3,calc,ROUND_AND_REGULAR-LUCENT_CENTERED,N/A,N/A,N/A,BENIGN_WITHOUT_CALLBACK,0
P_01691,3.0,,RIGHT,CC,2,2,3,calc,ROUND_AND_REGULAR-LUCENT_CENTERED,N/A,N/A,N/A,BENIGN_WITHOUT_CALLBACK,0
P_01691,3.0,,RIGHT,CC,3,2,3,calc,ROUND_AND_REGULAR-LUCENT_CENTERED,N/A,N/A,N/A,BENIGN_WITHOUT_CALLBACK,0
P_01691,3.0,,RIGHT,MLO,1,2,3,calc,ROUND_AND_REGULAR-LUCENT_CENTERED,N/A,N/A,N/A,BENIGN_WITHOUT_CALLBACK,0
P_01691,3.0,,RIGHT,MLO,2,2,3,calc,ROUND_AND_REGULAR-LUCENT_CENTERED,N/A,N/A,N/A,BENIGN_WITHOUT_CALLBACK,0
P_01691,3.0,,RIGHT,MLO,3,2,3,calc,ROUND_AND_REGULAR-LUCENT_CENTERED,N/A,N/A,N/A,BENIGN_WITHOUT_CALLBACK,0
P_01700,1.0,,LEFT,CC,1,2,5,calc,COARSE,N/A,N/A,N/A,BENIGN_WITHOUT_CALLBACK,0
P_01700,1.0,,LEFT,MLO,1,2,5,calc,COARSE,N/A,N/A,N/A,BENIGN_WITHOUT_CALLBACK,0
P_01700,1.0,,RIGHT,CC,1,2,5,calc,COARSE,N/A,N/A,N/A,BENIGN_WITHOUT_CALLBACK,0
P_01700,1.0,,RIGHT,MLO,1,2,5,calc,COARSE,N/A,N/A,N/A,BENIGN_WITHOUT_CALLBACK,0
P_01703,4.0,,RIGHT,MLO,1,4,2,calc,PLEOMORPHIC,CLUSTERED,N/A,N/A,BENIGN,0
P_01705,4.0,,LEFT,CC,1,4,1,calc,PUNCTATE,LINEAR,N/A,N/A,BENIGN,0
P_01705,4.0,,LEFT,MLO,1,4,1,calc,PUNCTATE,LINEAR,N/A,N/A,BENIGN,0
P_01709,2.0,,RIGHT,CC,1,4,2,calc,PLEOMORPHIC,LINEAR,N/A,N/A,MALIGNANT,1
P_01709,2.0,,RIGHT,MLO,1,4,2,calc,PLEOMORPHIC,LINEAR,N/A,N/A,MALIGNANT,1
P_01718,4.0,,RIGHT,MLO,1,4,2,calc,PLEOMORPHIC,CLUSTERED,N/A,N/A,MALIGNANT,1
P_01721,3.0,,RIGHT,CC,1,4,4,calc,PLEOMORPHIC,CLUSTERED,N/A,N/A,BENIGN,0
P_01723,4.0,,RIGHT,CC,1,4,3,calc,PLEOMORPHIC,CLUSTERED,N/A,N/A,MALIGNANT,1
P_01723,4.0,,RIGHT,MLO,1,4,3,calc,PLEOMORPHIC,CLUSTERED,N/A,N/A,MALIGNANT,1
P_01724,4.0,,LEFT,CC,1,4,4,calc,PLEOMORPHIC,SEGMENTAL,N/A,N/A,BENIGN,0
P_01724,4.0,,LEFT,MLO,1,4,4,calc,PLEOMORPHIC,SEGMENTAL,N/A,N/A,BENIGN,0
P_01725,3.0,,RIGHT,CC,2,4,5,calc,PUNCTATE,CLUSTERED,N/A,N/A,BENIGN,0
P_01725,3.0,,RIGHT,MLO,2,4,5,calc,PUNCTATE,CLUSTERED,N/A,N/A,BENIGN,0
P_01729,3.0,,LEFT,CC,1,4,3,calc,PLEOMORPHIC,LINEAR,N/A,N/A,MALIGNANT,1
P_01729,3.0,,LEFT,MLO,1,4,3,calc,PLEOMORPHIC,LINEAR,N/A,N/A,MALIGNANT,1
P_01730,3.0,,LEFT,CC,1,4,4,calc,PLEOMORPHIC,CLUSTERED,N/A,N/A,MALIGNANT,1
P_01730,3.0,,LEFT,MLO,1,4,4,calc,PLEOMORPHIC,CLUSTERED,N/A,N/A,MALIGNANT,1
P_01732,4.0,,LEFT,CC,1,4,2,calc,PLEOMORPHIC,CLUSTERED,N/A,N/A,BENIGN,0
P_01732,4.0,,LEFT,MLO,1,4,2,calc,PLEOMORPHIC,CLUSTERED,N/A,N/A,BENIGN,0
P_01736,4.0,,LEFT,CC,1,4,4,calc,PLEOMORPHIC,CLUSTERED,N/A,N/A,BENIGN,0
P_01736,4.0,,LEFT,MLO,1,4,4,calc,PLEOMORPHIC,CLUSTERED,N/A,N/A,BENIGN,0
P_01736,4.0,,RIGHT,CC,1,4,2,calc,PLEOMORPHIC,SEGMENTAL,N/A,N/A,BENIGN,0
P_01736,4.0,,RIGHT,MLO,1,4,2,calc,PLEOMORPHIC,SEGMENTAL,N/A,N/A,BENIGN,0
P_01740,2.0,,LEFT,CC,1,2,5,calc,LUCENT_CENTER,N/A,N/A,N/A,BENIGN_WITHOUT_CALLBACK,0
P_01740,2.0,,LEFT,MLO,1,2,5,calc,LUCENT_CENTER,N/A,N/A,N/A,BENIGN_WITHOUT_CALLBACK,0
P_01740,2.0,,RIGHT,CC,1,2,5,calc,ROUND_AND_REGULAR-LUCENT_CENTER,N/A,N/A,N/A,BENIGN_WITHOUT_CALLBACK,0
P_01740,2.0,,RIGHT,CC,2,2,5,calc,ROUND_AND_REGULAR-LUCENT_CENTER,N/A,N/A,N/A,BENIGN_WITHOUT_CALLBACK,0
P_01740,2.0,,RIGHT,MLO,1,2,5,calc,ROUND_AND_REGULAR-LUCENT_CENTER,N/A,N/A,N/A,BENIGN_WITHOUT_CALLBACK,0
P_01740,2.0,,RIGHT,MLO,2,2,5,calc,ROUND_AND_REGULAR-LUCENT_CENTER,N/A,N/A,N/A,BENIGN_WITHOUT_CALLBACK,0
P_01741,2.0,,RIGHT,CC,1,4,4,calc,PLEOMORPHIC,CLUSTERED-LINEAR,N/A,N/A,BENIGN,0
P_01741,2.0,,RIGHT,MLO,1,4,4,calc,PLEOMORPHIC,CLUSTERED,N/A,N/A,BENIGN,0
P_01748,3.0,,RIGHT,CC,1,4,3,calc,PLEOMORPHIC,SEGMENTAL,N/A,N/A,BENIGN,0
P_01748,3.0,,RIGHT,MLO,1,4,3,calc,PLEOMORPHIC,SEGMENTAL,N/A,N/A,BENIGN,0
P_01750,4.0,,LEFT,CC,1,5,4,calc,FINE_LINEAR_BRANCHING,LINEAR,N/A,N/A,MALIGNANT,1
P_01750,4.0,,LEFT,MLO,1,5,4,calc,FINE_LINEAR_BRANCHING,LINEAR,N/A,N/A,MALIGNANT,1
P_01756,4.0,,LEFT,CC,1,4,2,calc,PLEOMORPHIC,CLUSTERED,N/A,N/A,MALIGNANT,1
P_01756,4.0,,LEFT,MLO,1,4,2,calc,PLEOMORPHIC,CLUSTERED,N/A,N/A,MALIGNANT,1
P_01759,4.0,,RIGHT,CC,1,4,3,calc,PLEOMORPHIC,CLUSTERED,N/A,N/A,BENIGN,0
P_01759,4.0,,RIGHT,MLO,1,4,3,calc,PLEOMORPHIC,CLUSTERED,N/A,N/A,BENIGN,0
P_01760,4.0,,RIGHT,CC,1,2,3,calc,LUCENT_CENTER,N/A,N/A,N/A,BENIGN_WITHOUT_CALLBACK,0
P_01760,4.0,,RIGHT,MLO,1,2,3,calc,LUCENT_CENTER,N/A,N/A,N/A,BENIGN_WITHOUT_CALLBACK,0
P_01766,3.0,,LEFT,CC,1,4,3,calc,PUNCTATE,CLUSTERED,N/A,N/A,BENIGN,0
P_01766,3.0,,LEFT,MLO,1,4,3,calc,PUNCTATE,CLUSTERED,N/A,N/A,BENIGN,0
P_01767,4.0,,LEFT,CC,1,4,1,calc,PLEOMORPHIC,CLUSTERED,N/A,N/A,BENIGN,0
P_01767,4.0,,LEFT,MLO,1,4,1,calc,PLEOMORPHIC,CLUSTERED,N/A,N/A,BENIGN,0
P_01769,3.0,,LEFT,CC,1,2,3,calc,N/A,LINEAR,N/A,N/A,BENIGN_WITHOUT_CALLBACK,0
P_01769,3.0,,LEFT,MLO,1,2,3,calc,N/A,LINEAR,N/A,N/A,BENIGN_WITHOUT_CALLBACK,0
P_01769,3.0,,RIGHT,CC,1,2,5,calc,ROUND_AND_REGULAR-LUCENT_CENTER,N/A,N/A,N/A,BENIGN_WITHOUT_CALLBACK,0
P_01769,3.0,,RIGHT,CC,2,2,5,calc,ROUND_AND_REGULAR-LUCENT_CENTER,N/A,N/A,N/A,BENIGN_WITHOUT_CALLBACK,0
P_01769,3.0,,RIGHT,CC,3,2,5,calc,ROUND_AND_REGULAR-LUCENT_CENTER,N/A,N/A,N/A,BENIGN_WITHOUT_CALLBACK,0
P_01769,3.0,,RIGHT,CC,4,2,5,calc,ROUND_AND_REGULAR-LUCENT_CENTER,N/A,N/A,N/A,BENIGN_WITHOUT_CALLBACK,0
P_01769,3.0,,RIGHT,CC,5,2,5,calc,ROUND_AND_REGULAR-LUCENT_CENTER,N/A,N/A,N/A,BENIGN_WITHOUT_CALLBACK,0
P_01769,3.0,,RIGHT,MLO,1,2,4,calc,ROUND_AND_REGULAR-LUCENT_CENTER,N/A,N/A,N/A,BENIGN_WITHOUT_CALLBACK,0
P_01769,3.0,,RIGHT,MLO,2,2,4,calc,ROUND_AND_REGULAR-LUCENT_CENTER,N/A,N/A,N/A,BENIGN_WITHOUT_CALLBACK,0
P_01769,3.0,,RIGHT,MLO,3,2,4,calc,ROUND_AND_REGULAR-LUCENT_CENTER,N/A,N/A,N/A,BENIGN_WITHOUT_CALLBACK,0
P_01769,3.0,,RIGHT,MLO,4,2,4,calc,ROUND_AND_REGULAR-LUCENT_CENTER,N/A,N/A,N/A,BENIGN_WITHOUT_CALLBACK,0
P_01770,2.0,,LEFT,MLO,1,4,4,calc,PLEOMORPHIC,CLUSTERED,N/A,N/A,MALIGNANT,1
P_01777,3.0,,LEFT,CC,1,4,3,calc,PLEOMORPHIC,SEGMENTAL,N/A,N/A,BENIGN,0
P_01777,3.0,,LEFT,CC,2,4,3,calc,PLEOMORPHIC,SEGMENTAL,N/A,N/A,BENIGN,0
P_01777,3.0,,LEFT,MLO,1,4,3,calc,PUNCTATE,SEGMENTAL,N/A,N/A,BENIGN,0
P_01777,3.0,,LEFT,MLO,2,4,3,calc,PUNCTATE,SEGMENTAL,N/A,N/A,BENIGN,0
P_01783,4.0,,LEFT,MLO,1,4,2,calc,PLEOMORPHIC,SEGMENTAL,N/A,N/A,BENIGN,0
P_01784,3.0,,LEFT,CC,1,2,4,calc,LUCENT_CENTER,N/A,N/A,N/A,BENIGN_WITHOUT_CALLBACK,0
P_01784,3.0,,LEFT,MLO,1,2,4,calc,LUCENT_CENTER,N/A,N/A,N/A,BENIGN_WITHOUT_CALLBACK,0
P_01786,2.0,,RIGHT,CC,1,5,5,calc,PLEOMORPHIC,SEGMENTAL,N/A,N/A,MALIGNANT,1
P_01786,2.0,,RIGHT,MLO,1,5,5,calc,PLEOMORPHIC,SEGMENTAL,N/A,N/A,MALIGNANT,1
P_01791,2.0,,LEFT,CC,1,4,3,calc,PLEOMORPHIC,CLUSTERED,N/A,N/A,BENIGN,0
P_01791,2.0,,LEFT,MLO,1,4,3,calc,PLEOMORPHIC,CLUSTERED,N/A,N/A,BENIGN,0
P_01792,4.0,,RIGHT,CC,1,4,4,calc,PLEOMORPHIC,CLUSTERED,N/A,N/A,MALIGNANT,1
P_01792,4.0,,RIGHT,MLO,1,4,4,calc,PLEOMORPHIC,CLUSTERED,N/A,N/A,MALIGNANT,1
P_01793,4.0,,LEFT,CC,1,4,1,calc,AMORPHOUS,CLUSTERED,N/A,N/A,MALIGNANT,1
P_01793,4.0,,LEFT,MLO,1,4,1,calc,PLEOMORPHIC,CLUSTERED,N/A,N/A,MALIGNANT,1
P_01809,2.0,,LEFT,MLO,1,4,3,calc,PLEOMORPHIC,SEGMENTAL,N/A,N/A,MALIGNANT,1
P_01810,3.0,,LEFT,CC,1,4,4,calc,PLEOMORPHIC,CLUSTERED,N/A,N/A,BENIGN,0
P_01810,3.0,,LEFT,MLO,1,4,4,calc,PLEOMORPHIC,CLUSTERED,N/A,N/A,BENIGN,0
P_01818,4.0,,LEFT,CC,1,4,1,calc,PLEOMORPHIC,CLUSTERED,N/A,N/A,MALIGNANT,1
P_01818,4.0,,LEFT,MLO,1,4,1,calc,PLEOMORPHIC,CLUSTERED,N/A,N/A,MALIGNANT,1
P_01819,2.0,,LEFT,CC,1,4,2,calc,PLEOMORPHIC,CLUSTERED,N/A,N/A,MALIGNANT,1
P_01819,2.0,,LEFT,CC,2,2,5,calc,EGGSHELL,SEGMENTAL,N/A,N/A,BENIGN_WITHOUT_CALLBACK,0
P_01819,2.0,,LEFT,MLO,1,4,3,calc,PLEOMORPHIC,CLUSTERED,N/A,N/A,MALIGNANT,1
P_01819,2.0,,LEFT,MLO,2,2,5,calc,EGGSHELL,SEGMENTAL,N/A,N/A,BENIGN_WITHOUT_CALLBACK,0
P_01823,3.0,,LEFT,CC,1,2,3,calc,LUCENT_CENTER,N/A,N/A,N/A,BENIGN_WITHOUT_CALLBACK,0
P_01823,3.0,,LEFT,CC,2,2,3,calc,LUCENT_CENTER,N/A,N/A,N/A,BENIGN_WITHOUT_CALLBACK,0
P_01823,3.0,,LEFT,MLO,1,2,3,calc,LUCENT_CENTER,N/A,N/A,N/A,BENIGN_WITHOUT_CALLBACK,0
P_01823,3.0,,LEFT,MLO,2,2,3,calc,LUCENT_CENTER,N/A,N/A,N/A,BENIGN_WITHOUT_CALLBACK,0
P_01823,3.0,,RIGHT,CC,2,2,5,calc,LUCENT_CENTER,N/A,N/A,N/A,BENIGN_WITHOUT_CALLBACK,0
P_01823,3.0,,RIGHT,CC,3,2,5,calc,LUCENT_CENTER,N/A,N/A,N/A,BENIGN_WITHOUT_CALLBACK,0
P_01823,3.0,,RIGHT,MLO,2,2,4,calc,LUCENT_CENTER,N/A,N/A,N/A,BENIGN_WITHOUT_CALLBACK,0
P_01823,3.0,,RIGHT,MLO,3,2,4,calc,LUCENT_CENTER,N/A,N/A,N/A,BENIGN_WITHOUT_CALLBACK,0
P_01830,3.0,,LEFT,CC,1,2,5,calc,LUCENT_CENTER-PUNCTATE,N/A,N/A,N/A,BENIGN_WITHOUT_CALLBACK,0
P_01830,3.0,,LEFT,CC,2,2,5,calc,LUCENT_CENTER-PUNCTATE,N/A,N/A,N/A,BENIGN_WITHOUT_CALLBACK,0
P_01830,3.0,,LEFT,MLO,1,2,5,calc,LUCENT_CENTER-PUNCTATE,N/A,N/A,N/A,BENIGN_WITHOUT_CALLBACK,0
P_01830,3.0,,LEFT,MLO,2,2,5,calc,LUCENT_CENTER-PUNCTATE,N/A,N/A,N/A,BENIGN_WITHOUT_CALLBACK,0
P_01830,3.0,,RIGHT,CC,1,2,5,calc,PUNCTATE,REGIONAL,N/A,N/A,BENIGN_WITHOUT_CALLBACK,0
P_01830,3.0,,RIGHT,MLO,1,2,5,calc,PUNCTATE,REGIONAL,N/A,N/A,BENIGN_WITHOUT_CALLBACK,0
P_01830,3.0,,RIGHT,MLO,2,2,5,calc,PUNCTATE,REGIONAL,N/A,N/A,BENIGN_WITHOUT_CALLBACK,0
P_01830,3.0,,RIGHT,MLO,3,2,5,calc,PUNCTATE,REGIONAL,N/A,N/A,BENIGN_WITHOUT_CALLBACK,0
P_01832,1.0,,LEFT,CC,1,4,5,calc,PLEOMORPHIC,CLUSTERED,N/A,N/A,BENIGN,0
P_01832,1.0,,LEFT,MLO,1,4,5,calc,PLEOMORPHIC,CLUSTERED,N/A,N/A,BENIGN,0
P_01838,1.0,,LEFT,CC,1,2,5,calc,EGGSHELL,N/A,N/A,N/A,BENIGN_WITHOUT_CALLBACK,0
P_01838,1.0,,LEFT,CC,2,2,5,calc,LUCENT_CENTER,N/A,N/A,N/A,BENIGN_WITHOUT_CALLBACK,0
P_01838,1.0,,LEFT,CC,3,2,5,calc,LUCENT_CENTER,N/A,N/A,N/A,BENIGN_WITHOUT_CALLBACK,0
P_01838,1.0,,LEFT,CC,4,2,5,calc,LUCENT_CENTER,N/A,N/A,N/A,BENIGN_WITHOUT_CALLBACK,0
P_01838,1.0,,LEFT,CC,5,2,5,calc,LUCENT_CENTER,N/A,N/A,N/A,BENIGN_WITHOUT_CALLBACK,0
P_01838,1.0,,LEFT,MLO,1,2,5,calc,EGGSHELL,N/A,N/A,N/A,BENIGN_WITHOUT_CALLBACK,0
P_01838,1.0,,LEFT,MLO,2,2,5,calc,LUCENT_CENTER,N/A,N/A,N/A,BENIGN_WITHOUT_CALLBACK,0
P_01838,1.0,,LEFT,MLO,3,2,5,calc,LUCENT_CENTER,N/A,N/A,N/A,BENIGN_WITHOUT_CALLBACK,0
P_01838,1.0,,LEFT,MLO,4,2,5,calc,LUCENT_CENTER,N/A,N/A,N/A,BENIGN_WITHOUT_CALLBACK,0
P_01838,1.0,,LEFT,MLO,5,2,5,calc,LUCENT_CENTER,N/A,N/A,N/A,BENIGN_WITHOUT_CALLBACK,0
P_01838,1.0,,LEFT,MLO,6,2,5,calc,LUCENT_CENTER,N/A,N/A,N/A,BENIGN_WITHOUT_CALLBACK,0
P_01838,1.0,,LEFT,MLO,7,2,5,calc,LUCENT_CENTER,N/A,N/A,N/A,BENIGN_WITHOUT_CALLBACK,0
P_01838,1.0,,RIGHT,CC,1,2,5,calc,EGGSHELL,N/A,N/A,N/A,BENIGN_WITHOUT_CALLBACK,0
P_01838,1.0,,RIGHT,CC,2,2,5,calc,LUCENT_CENTER,N/A,N/A,N/A,BENIGN_WITHOUT_CALLBACK,0
P_01838,1.0,,RIGHT,CC,3,2,5,calc,LUCENT_CENTER,N/A,N/A,N/A,BENIGN_WITHOUT_CALLBACK,0
P_01838,1.0,,RIGHT,MLO,1,2,5,calc,EGGSHELL,N/A,N/A,N/A,BENIGN_WITHOUT_CALLBACK,0
P_01838,1.0,,RIGHT,MLO,2,2,5,calc,EGGSHELL,N/A,N/A,N/A,BENIGN_WITHOUT_CALLBACK,0
P_01839,4.0,,LEFT,CC,1,4,3,calc,PLEOMORPHIC,SEGMENTAL,N/A,N/A,MALIGNANT,1
P_01839,4.0,,LEFT,MLO,1,4,3,calc,PLEOMORPHIC,SEGMENTAL,N/A,N/A,MALIGNANT,1
P_01840,3.0,,RIGHT,MLO,2,4,3,calc,PLEOMORPHIC,CLUSTERED,N/A,N/A,MALIGNANT,1
P_01846,3.0,,RIGHT,CC,1,5,3,calc,FINE_LINEAR_BRANCHING,LINEAR-SEGMENTAL,N/A,N/A,MALIGNANT,1
P_01846,3.0,,RIGHT,MLO,1,5,3,calc,FINE_LINEAR_BRANCHING,SEGMENTAL,N/A,N/A,MALIGNANT,1
P_01847,4.0,,LEFT,CC,1,4,2,calc,PLEOMORPHIC,LINEAR,N/A,N/A,MALIGNANT,1
P_01847,4.0,,LEFT,MLO,1,4,2,calc,PLEOMORPHIC,LINEAR,N/A,N/A,MALIGNANT,1
P_01856,3.0,,LEFT,CC,1,4,2,calc,PLEOMORPHIC,CLUSTERED,N/A,N/A,MALIGNANT,1
P_01856,3.0,,LEFT,MLO,1,4,2,calc,PLEOMORPHIC,CLUSTERED,N/A,N/A,MALIGNANT,1
P_01858,2.0,,LEFT,CC,1,4,4,calc,PUNCTATE,CLUSTERED,N/A,N/A,BENIGN,0
P_01858,2.0,,LEFT,MLO,1,4,4,calc,PUNCTATE,CLUSTERED,N/A,N/A,BENIGN,0
P_01864,2.0,,LEFT,CC,2,2,4,calc,VASCULAR,LINEAR,N/A,N/A,BENIGN_WITHOUT_CALLBACK,0
P_01864,2.0,,LEFT,CC,3,2,4,calc,VASCULAR,LINEAR,N/A,N/A,BENIGN_WITHOUT_CALLBACK,0
P_01864,2.0,,LEFT,CC,4,2,4,calc,VASCULAR,LINEAR,N/A,N/A,BENIGN_WITHOUT_CALLBACK,0
P_01864,2.0,,LEFT,MLO,2,2,4,calc,VASCULAR,LINEAR,N/A,N/A,BENIGN_WITHOUT_CALLBACK,0
P_01864,2.0,,LEFT,MLO,3,2,4,calc,VASCULAR,LINEAR,N/A,N/A,BENIGN_WITHOUT_CALLBACK,0
P_01864,2.0,,LEFT,MLO,4,2,4,calc,VASCULAR,LINEAR,N/A,N/A,BENIGN_WITHOUT_CALLBACK,0
P_01864,2.0,,LEFT,MLO,5,2,4,calc,VASCULAR,LINEAR,N/A,N/A,BENIGN_WITHOUT_CALLBACK,0
P_01864,2.0,,RIGHT,CC,1,2,4,calc,LUCENT_CENTER,N/A,N/A,N/A,BENIGN_WITHOUT_CALLBACK,0
P_01864,2.0,,RIGHT,CC,2,2,4,calc,VASCULAR,N/A,N/A,N/A,BENIGN_WITHOUT_CALLBACK,0
P_01864,2.0,,RIGHT,CC,3,2,4,calc,VASCULAR,N/A,N/A,N/A,BENIGN_WITHOUT_CALLBACK,0
P_01864,2.0,,RIGHT,MLO,1,2,4,calc,LUCENT_CENTER,N/A,N/A,N/A,BENIGN_WITHOUT_CALLBACK,0
P_01864,2.0,,RIGHT,MLO,2,2,4,calc,VASCULAR,N/A,N/A,N/A,BENIGN_WITHOUT_CALLBACK,0
P_01864,2.0,,RIGHT,MLO,3,2,4,calc,VASCULAR,N/A,N/A,N/A,BENIGN_WITHOUT_CALLBACK,0
P_01875,1.0,,LEFT,CC,1,2,4,calc,VASCULAR,N/A,N/A,N/A,BENIGN_WITHOUT_CALLBACK,0
P_01875,1.0,,LEFT,MLO,1,2,4,calc,VASCULAR,N/A,N/A,N/A,BENIGN_WITHOUT_CALLBACK,0
P_01875,1.0,,RIGHT,CC,1,2,4,calc,VASCULAR,N/A,N/A,N/A,BENIGN_WITHOUT_CALLBACK,0
P_01875,1.0,,RIGHT,CC,2,2,4,calc,VASCULAR,N/A,N/A,N/A,BENIGN_WITHOUT_CALLBACK,0
P_01875,1.0,,RIGHT,MLO,1,2,4,calc,VASCULAR,N/A,N/A,N/A,BENIGN_WITHOUT_CALLBACK,0
P_01884,2.0,,RIGHT,CC,1,3,2,calc,PLEOMORPHIC,CLUSTERED,N/A,N/A,BENIGN,0
P_01884,2.0,,RIGHT,MLO,1,3,2,calc,PLEOMORPHIC,CLUSTERED,N/A,N/A,BENIGN,0
P_01885,1.0,,LEFT,CC,1,2,3,calc,LUCENT_CENTERED,N/A,N/A,N/A,BENIGN_WITHOUT_CALLBACK,0
P_01885,1.0,,LEFT,MLO,1,2,3,calc,LUCENT_CENTERED,N/A,N/A,N/A,BENIGN_WITHOUT_CALLBACK,0
P_01885,1.0,,RIGHT,CC,1,2,3,calc,LUCENT_CENTERED,N/A,N/A,N/A,BENIGN_WITHOUT_CALLBACK,0
P_01885,1.0,,RIGHT,MLO,1,2,3,calc,LUCENT_CENTERED,N/A,N/A,N/A,BENIGN_WITHOUT_CALLBACK,0
P_02105,2.0,,LEFT,CC,1,5,5,calc,AMORPHOUS,LINEAR,N/A,N/A,MALIGNANT,1
P_02105,2.0,,LEFT,MLO,1,5,5,calc,AMORPHOUS,LINEAR,N/A,N/A,MALIGNANT,1
P_02115,3.0,,LEFT,CC,1,0,3,calc,AMORPHOUS,CLUSTERED,N/A,N/A,BENIGN,0
P_02115,3.0,,LEFT,MLO,1,0,3,calc,AMORPHOUS,CLUSTERED,N/A,N/A,BENIGN,0
P_02133,3.0,,LEFT,CC,1,3,3,calc,FINE_LINEAR_BRANCHING,LINEAR,N/A,N/A,MALIGNANT,1
P_02133,3.0,,LEFT,MLO,1,3,3,calc,FINE_LINEAR_BRANCHING,LINEAR,N/A,N/A,MALIGNANT,1
P_02154,4.0,,LEFT,CC,1,0,3,calc,PLEOMORPHIC,CLUSTERED,N/A,N/A,MALIGNANT,1
P_02154,4.0,,LEFT,MLO,1,0,3,calc,PLEOMORPHIC,CLUSTERED,N/A,N/A,MALIGNANT,1
P_02190,3.0,,RIGHT,CC,1,3,1,calc,AMORPHOUS,CLUSTERED,N/A,N/A,MALIGNANT,1
P_02190,3.0,,RIGHT,MLO,1,3,1,calc,AMORPHOUS,CLUSTERED,N/A,N/A,MALIGNANT,1
P_02195,4.0,,RIGHT,CC,1,3,2,calc,PLEOMORPHIC,CLUSTERED,N/A,N/A,MALIGNANT,1
P_02195,4.0,,RIGHT,MLO,1,0,4,calc,PLEOMORPHIC,CLUSTERED,N/A,N/A,MALIGNANT,1
P_02218,2.0,,LEFT,CC,1,3,2,calc,AMORPHOUS,LINEAR,N/A,N/A,MALIGNANT,1
P_02218,2.0,,LEFT,MLO,1,3,2,calc,AMORPHOUS,LINEAR,N/A,N/A,MALIGNANT,1
P_02220,2.0,,LEFT,CC,1,0,2,calc,PUNCTATE-FINE_LINEAR_BRANCHING,CLUSTERED,N/A,N/A,MALIGNANT,1
P_02220,2.0,,LEFT,MLO,1,0,2,calc,PUNCTATE-FINE_LINEAR_BRANCHING,CLUSTERED,N/A,N/A,MALIGNANT,1
P_02226,3.0,,LEFT,CC,1,5,4,calc,FINE_LINEAR_BRANCHING,CLUSTERED,N/A,N/A,MALIGNANT,1
P_02226,3.0,,LEFT,MLO,1,5,4,calc,FINE_LINEAR_BRANCHING,CLUSTERED,N/A,N/A,MALIGNANT,1
P_02232,2.0,,LEFT,CC,1,3,4,calc,FINE_LINEAR_BRANCHING,CLUSTERED,N/A,N/A,MALIGNANT,1
P_02232,2.0,,LEFT,MLO,1,3,4,calc,FINE_LINEAR_BRANCHING,CLUSTERED,N/A,N/A,MALIGNANT,1
P_02234,3.0,,LEFT,CC,1,0,3,calc,ROUND_AND_REGULAR-PLEOMORPHIC,CLUSTERED,N/A,N/A,BENIGN,0
P_02234,3.0,,LEFT,MLO,1,0,3,calc,ROUND_AND_REGULAR-PLEOMORPHIC,CLUSTERED,N/A,N/A,BENIGN,0
P_02259,2.0,,LEFT,CC,1,0,3,calc,FINE_LINEAR_BRANCHING,CLUSTERED,N/A,N/A,MALIGNANT,1
P_02259,2.0,,LEFT,MLO,1,0,3,calc,FINE_LINEAR_BRANCHING,CLUSTERED,N/A,N/A,MALIGNANT,1
P_02270,3.0,,RIGHT,CC,1,0,5,calc,PUNCTATE-FINE_LINEAR_BRANCHING,CLUSTERED,N/A,N/A,MALIGNANT,1
P_02270,3.0,,RIGHT,MLO,1,0,5,calc,PUNCTATE-FINE_LINEAR_BRANCHING,CLUSTERED,N/A,N/A,MALIGNANT,1
P_02285,2.0,,LEFT,CC,1,0,2,calc,PLEOMORPHIC,CLUSTERED,N/A,N/A,MALIGNANT,1
P_02285,2.0,,LEFT,MLO,1,0,2,calc,PLEOMORPHIC,CLUSTERED,N/A,N/A,MALIGNANT,1
P_02313,2.0,,LEFT,CC,1,0,4,calc,ROUND_AND_REGULAR-PLEOMORPHIC,CLUSTERED,N/A,N/A,BENIGN,0
P_02313,2.0,,LEFT,MLO,1,0,4,calc,ROUND_AND_REGULAR-PLEOMORPHIC,CLUSTERED,N/A,N/A,BENIGN,0
P_02316,2.0,,RIGHT,CC,1,0,5,calc,PLEOMORPHIC,CLUSTERED,N/A,N/A,BENIGN,0
P_02316,2.0,,RIGHT,MLO,1,0,5,calc,PLEOMORPHIC,CLUSTERED,N/A,N/A,BENIGN,0
P_02318,2.0,,RIGHT,CC,1,0,2,calc,PUNCTATE,CLUSTERED,N/A,N/A,BENIGN,0
P_02318,2.0,,RIGHT,MLO,1,0,2,calc,PUNCTATE,CLUSTERED,N/A,N/A,BENIGN,0
P_02323,3.0,,LEFT,CC,1,0,4,calc,PUNCTATE-FINE_LINEAR_BRANCHING,CLUSTERED,N/A,N/A,MALIGNANT,1
P_02323,3.0,,LEFT,MLO,1,0,4,calc,PUNCTATE-FINE_LINEAR_BRANCHING,CLUSTERED,N/A,N/A,MALIGNANT,1
P_02348,2.0,,RIGHT,CC,1,0,2,calc,PLEOMORPHIC,CLUSTERED,N/A,N/A,MALIGNANT,1
P_02348,2.0,,RIGHT,MLO,1,0,2,calc,PLEOMORPHIC,CLUSTERED,N/A,N/A,MALIGNANT,1
P_02368,3.0,,RIGHT,CC,1,0,2,calc,PUNCTATE,CLUSTERED,N/A,N/A,MALIGNANT,1
P_02368,3.0,,RIGHT,MLO,1,0,2,calc,PUNCTATE,CLUSTERED,N/A,N/A,MALIGNANT,1
P_02380,2.0,,LEFT,CC,1,3,3,calc,PLEOMORPHIC,CLUSTERED,N/A,N/A,MALIGNANT,1
P_02380,2.0,,LEFT,MLO,1,3,3,calc,PLEOMORPHIC,CLUSTERED,N/A,N/A,MALIGNANT,1
P_02393,3.0,,LEFT,CC,1,3,2,calc,AMORPHOUS,CLUSTERED,N/A,N/A,MALIGNANT,1
P_02393,3.0,,LEFT,MLO,1,3,2,calc,AMORPHOUS,CLUSTERED,N/A,N/A,MALIGNANT,1
P_02400,1.0,,LEFT,CC,1,3,2,calc,FINE_LINEAR_BRANCHING,CLUSTERED,N/A,N/A,MALIGNANT,1
P_02400,1.0,,LEFT,MLO,1,3,2,calc,FINE_LINEAR_BRANCHING,CLUSTERED,N/A,N/A,MALIGNANT,1
P_02402,3.0,,RIGHT,CC,1,3,2,calc,AMORPHOUS,CLUSTERED,N/A,N/A,MALIGNANT,1
P_02402,3.0,,RIGHT,MLO,1,3,2,calc,AMORPHOUS,CLUSTERED,N/A,N/A,MALIGNANT,1
P_02405,3.0,,RIGHT,CC,1,0,4,calc,PLEOMORPHIC,CLUSTERED,N/A,N/A,MALIGNANT,1
P_02405,3.0,,RIGHT,MLO,1,0,4,calc,PLEOMORPHIC,CLUSTERED,N/A,N/A,MALIGNANT,1
P_02409,2.0,,RIGHT,CC,1,0,2,calc,AMORPHOUS,CLUSTERED,N/A,N/A,BENIGN,0
P_02409,2.0,,RIGHT,MLO,1,0,2,calc,AMORPHOUS,CLUSTERED,N/A,N/A,BENIGN,0
P_02419,3.0,,LEFT,CC,1,0,4,calc,PLEOMORPHIC,CLUSTERED,N/A,N/A,MALIGNANT,1
P_02419,3.0,,LEFT,MLO,1,0,4,calc,PLEOMORPHIC,CLUSTERED,N/A,N/A,MALIGNANT,1
P_02424,2.0,,RIGHT,CC,1,4,3,calc,FINE_LINEAR_BRANCHING,SEGMENTAL,N/A,N/A,MALIGNANT,1
P_02424,2.0,,RIGHT,MLO,1,4,3,calc,FINE_LINEAR_BRANCHING,SEGMENTAL,N/A,N/A,MALIGNANT,1
P_02434,3.0,,LEFT,CC,1,0,3,calc,ROUND_AND_REGULAR-PLEOMORPHIC,CLUSTERED,N/A,N/A,BENIGN,0
P_02434,3.0,,LEFT,MLO,1,0,3,calc,ROUND_AND_REGULAR-PLEOMORPHIC,CLUSTERED,N/A,N/A,BENIGN,0
P_02437,3.0,,LEFT,CC,1,5,5,calc,PLEOMORPHIC,REGIONAL,N/A,N/A,MALIGNANT,1
P_02437,3.0,,LEFT,MLO,1,5,5,calc,PLEOMORPHIC,REGIONAL,N/A,N/A,MALIGNANT,1
P_02442,1.0,,LEFT,CC,1,5,5,calc,PLEOMORPHIC,LINEAR,N/A,N/A,MALIGNANT,1
P_02442,1.0,,LEFT,MLO,1,5,5,calc,PLEOMORPHIC,LINEAR,N/A,N/A,MALIGNANT,1
P_02456,1.0,,LEFT,MLO,1,3,5,calc,PLEOMORPHIC,CLUSTERED,N/A,N/A,MALIGNANT,1
P_02459,2.0,,RIGHT,CC,1,3,3,calc,AMORPHOUS,CLUSTERED,N/A,N/A,MALIGNANT,1
P_02459,2.0,,RIGHT,MLO,1,3,3,calc,AMORPHOUS,CLUSTERED,N/A,N/A,MALIGNANT,1
P_02460,4.0,,RIGHT,CC,1,5,5,calc,PLEOMORPHIC,SEGMENTAL,N/A,N/A,MALIGNANT,1
P_02460,4.0,,RIGHT,MLO,1,5,5,calc,PLEOMORPHIC,SEGMENTAL,N/A,N/A,MALIGNANT,1
P_02468,3.0,,LEFT,CC,1,0,4,calc,AMORPHOUS,SEGMENTAL,N/A,N/A,BENIGN,0
P_02468,3.0,,LEFT,MLO,1,0,4,calc,AMORPHOUS,SEGMENTAL,N/A,N/A,BENIGN,0
P_02475,1.0,,LEFT,CC,1,0,4,calc,FINE_LINEAR_BRANCHING,CLUSTERED,N/A,N/A,MALIGNANT,1
P_02475,1.0,,LEFT,MLO,1,0,4,calc,FINE_LINEAR_BRANCHING,CLUSTERED,N/A,N/A,MALIGNANT,1
P_02489,2.0,,RIGHT,CC,1,0,4,calc,PLEOMORPHIC,CLUSTERED,N/A,N/A,MALIGNANT,1
P_02489,2.0,,RIGHT,MLO,1,0,4,calc,PLEOMORPHIC,CLUSTERED,N/A,N/A,MALIGNANT,1
P_02508,2.0,,LEFT,CC,1,4,3,calc,AMORPHOUS,SEGMENTAL,N/A,N/A,MALIGNANT,1
P_02508,2.0,,LEFT,MLO,1,4,3,calc,AMORPHOUS,SEGMENTAL,N/A,N/A,MALIGNANT,1
P_02518,3.0,,RIGHT,CC,1,5,3,calc,AMORPHOUS,SEGMENTAL,N/A,N/A,MALIGNANT,1
P_02518,3.0,,RIGHT,MLO,1,5,3,calc,AMORPHOUS,SEGMENTAL,N/A,N/A,MALIGNANT,1
P_02522,2.0,,RIGHT,CC,1,0,3,calc,AMORPHOUS,SEGMENTAL,N/A,N/A,MALIGNANT,1
P_02522,2.0,,RIGHT,MLO,1,0,3,calc,AMORPHOUS,SEGMENTAL,N/A,N/A,MALIGNANT,1
P_02559,3.0,,RIGHT,CC,1,3,4,calc,FINE_LINEAR_BRANCHING,LINEAR,N/A,N/A,MALIGNANT,1
P_02559,3.0,,RIGHT,MLO,1,3,4,calc,FINE_LINEAR_BRANCHING,LINEAR,N/A,N/A,MALIGNANT,1
P_02563,3.0,,RIGHT,CC,1,0,2,calc,PUNCTATE-AMORPHOUS,CLUSTERED,N/A,N/A,BENIGN,0
P_02563,3.0,,RIGHT,MLO,1,0,2,calc,PUNCTATE-AMORPHOUS,CLUSTERED,N/A,N/A,BENIGN,0
P_02566,2.0,,RIGHT,CC,1,5,5,calc,AMORPHOUS-PLEOMORPHIC,SEGMENTAL,N/A,N/A,MALIGNANT,1
P_02566,2.0,,RIGHT,MLO,1,5,5,calc,AMORPHOUS-PLEOMORPHIC,SEGMENTAL,N/A,N/A,MALIGNANT,1
P_02572,2.0,,LEFT,CC,1,0,2,calc,AMORPHOUS,CLUSTERED,N/A,N/A,MALIGNANT,1
P_02572,2.0,,LEFT,MLO,1,0,2,calc,AMORPHOUS,CLUSTERED,N/A,N/A,MALIGNANT,1
P_02584,1.0,,LEFT,CC,1,0,4,calc,PLEOMORPHIC,SEGMENTAL,N/A,N/A,BENIGN,0
P_02584,1.0,,LEFT,MLO,1,0,4,calc,PLEOMORPHIC,SEGMENTAL,N/A,N/A,BENIGN,0
P_00038,2.0,,LEFT,CC,1,4,2,calc,PUNCTATE-PLEOMORPHIC,CLUSTERED,N/A,N/A,BENIGN,0
P_00038,2.0,,LEFT,MLO,1,4,2,calc,PUNCTATE-PLEOMORPHIC,CLUSTERED,N/A,N/A,BENIGN,0
P_00038,2.0,,RIGHT,CC,1,2,5,calc,VASCULAR,N/A,N/A,N/A,BENIGN_WITHOUT_CALLBACK,0
P_00038,2.0,,RIGHT,CC,2,2,5,calc,VASCULAR,N/A,N/A,N/A,BENIGN_WITHOUT_CALLBACK,0
P_00038,2.0,,RIGHT,MLO,1,2,5,calc,VASCULAR,N/A,N/A,N/A,BENIGN_WITHOUT_CALLBACK,0
P_00038,2.0,,RIGHT,MLO,2,2,5,calc,VASCULAR,N/A,N/A,N/A,BENIGN_WITHOUT_CALLBACK,0
P_00041,1.0,,LEFT,CC,2,2,5,calc,LUCENT_CENTER,N/A,N/A,N/A,BENIGN_WITHOUT_CALLBACK,0
P_00041,1.0,,LEFT,MLO,2,2,5,calc,LUCENT_CENTER,N/A,N/A,N/A,BENIGN_WITHOUT_CALLBACK,0
P_00077,2.0,,LEFT,CC,1,2,3,calc,ROUND_AND_REGULAR,N/A,N/A,N/A,BENIGN_WITHOUT_CALLBACK,0
P_00077,2.0,,LEFT,MLO,1,2,3,calc,ROUND_AND_REGULAR,N/A,N/A,N/A,BENIGN_WITHOUT_CALLBACK,0
P_00077,2.0,,RIGHT,CC,1,2,3,calc,PUNCTATE,N/A,N/A,N/A,BENIGN_WITHOUT_CALLBACK,0
P_00077,2.0,,RIGHT,CC,2,2,4,calc,EGGSHELL,N/A,N/A,N/A,BENIGN_WITHOUT_CALLBACK,0
P_00077,2.0,,RIGHT,MLO,1,2,4,calc,EGGSHELL,N/A,N/A,N/A,BENIGN_WITHOUT_CALLBACK,0
P_00077,2.0,,RIGHT,MLO,2,2,3,calc,PUNCTATE,N/A,N/A,N/A,BENIGN_WITHOUT_CALLBACK,0
P_00100,4.0,,RIGHT,CC,1,4,4,calc,PLEOMORPHIC,CLUSTERED,N/A,N/A,BENIGN,0
P_00100,4.0,,RIGHT,MLO,1,4,4,calc,PLEOMORPHIC,CLUSTERED,N/A,N/A,BENIGN,0
P_00127,2.0,,RIGHT,CC,1,4,3,calc,PLEOMORPHIC,CLUSTERED,N/A,N/A,MALIGNANT,1
P_00127,2.0,,RIGHT,MLO,1,4,3,calc,PLEOMORPHIC,CLUSTERED,N/A,N/A,MALIGNANT,1
P_00132,4.0,,LEFT,MLO,1,4,2,calc,AMORPHOUS,SEGMENTAL,N/A,N/A,BENIGN,0
P_00140,2.0,,LEFT,CC,1,2,5,calc,PUNCTATE,N/A,N/A,N/A,BENIGN_WITHOUT_CALLBACK,0
P_00140,2.0,,LEFT,CC,2,2,5,calc,PUNCTATE,N/A,N/A,N/A,BENIGN_WITHOUT_CALLBACK,0
P_00140,2.0,,LEFT,MLO,1,2,5,calc,PUNCTATE,N/A,N/A,N/A,BENIGN_WITHOUT_CALLBACK,0
P_00140,2.0,,LEFT,MLO,2,2,5,calc,PUNCTATE,N/A,N/A,N/A,BENIGN_WITHOUT_CALLBACK,0
P_00140,2.0,,RIGHT,CC,1,2,5,calc,PUNCTATE,N/A,N/A,N/A,BENIGN_WITHOUT_CALLBACK,0
P_00140,2.0,,RIGHT,CC,2,2,5,calc,PUNCTATE,N/A,N/A,N/A,BENIGN_WITHOUT_CALLBACK,0
P_00140,2.0,,RIGHT,MLO,1,2,5,calc,PUNCTATE,N/A,N/A,N/A,BENIGN_WITHOUT_CALLBACK,0
P_00140,2.0,,RIGHT,MLO,2,2,5,calc,PUNCTATE,N/A,N/A,N/A,BENIGN_WITHOUT_CALLBACK,0
P_00141,1.0,,LEFT,CC,1,4,2,calc,AMORPHOUS,CLUSTERED,N/A,N/A,BENIGN,0
P_00141,1.0,,LEFT,MLO,1,4,2,calc,AMORPHOUS,CLUSTERED,N/A,N/A,BENIGN,0
P_00150,3.0,,RIGHT,MLO,1,4,2,calc,PLEOMORPHIC,CLUSTERED,N/A,N/A,MALIGNANT,1
P_00163,1.0,,LEFT,CC,1,4,4,calc,PLEOMORPHIC,CLUSTERED,N/A,N/A,BENIGN,0
P_00163,1.0,,LEFT,MLO,1,4,4,calc,PLEOMORPHIC,CLUSTERED,N/A,N/A,BENIGN,0
P_00164,4.0,,RIGHT,CC,1,4,3,calc,PLEOMORPHIC,CLUSTERED,N/A,N/A,MALIGNANT,1
P_00180,4.0,,LEFT,CC,1,2,3,calc,AMORPHOUS,SEGMENTAL,N/A,N/A,BENIGN,0
P_00180,4.0,,LEFT,MLO,1,2,3,calc,AMORPHOUS,SEGMENTAL,N/A,N/A,BENIGN,0
P_00195,4.0,,LEFT,CC,1,4,2,calc,PLEOMORPHIC,CLUSTERED,N/A,N/A,BENIGN,0
P_00195,4.0,,LEFT,MLO,1,4,2,calc,PLEOMORPHIC,CLUSTERED,N/A,N/A,BENIGN,0
P_00202,1.0,,RIGHT,CC,2,5,5,calc,PLEOMORPHIC,CLUSTERED-LINEAR,N/A,N/A,MALIGNANT,1
P_00202,1.0,,RIGHT,MLO,2,5,5,calc,PLEOMORPHIC,CLUSTERED-LINEAR,N/A,N/A,MALIGNANT,1
P_00214,1.0,,LEFT,CC,1,2,4,calc,LUCENT_CENTER,N/A,N/A,N/A,BENIGN_WITHOUT_CALLBACK,0
P_00214,1.0,,LEFT,CC,2,2,4,calc,LUCENT_CENTER,N/A,N/A,N/A,BENIGN_WITHOUT_CALLBACK,0
P_00214,1.0,,LEFT,MLO,1,2,4,calc,LUCENT_CENTER,N/A,N/A,N/A,BENIGN_WITHOUT_CALLBACK,0
P_00214,1.0,,LEFT,MLO,2,2,4,calc,LUCENT_CENTER,N/A,N/A,N/A,BENIGN_WITHOUT_CALLBACK,0
P_00214,1.0,,RIGHT,MLO,1,2,3,calc,LUCENT_CENTER,N/A,N/A,N/A,BENIGN_WITHOUT_CALLBACK,0
P_00223,4.0,,LEFT,MLO,1,4,2,calc,PLEOMORPHIC,CLUSTERED,N/A,N/A,BENIGN,0
P_00244,4.0,,RIGHT,MLO,1,4,2,calc,PUNCTATE,CLUSTERED,N/A,N/A,MALIGNANT,1
P_00246,1.0,,RIGHT,MLO,1,4,2,calc,PLEOMORPHIC,CLUSTERED,N/A,N/A,BENIGN,0
P_00257,2.0,,RIGHT,CC,1,4,2,calc,PLEOMORPHIC,CLUSTERED,N/A,N/A,BENIGN,0
P_00257,2.0,,RIGHT,MLO,1,4,2,calc,PLEOMORPHIC,CLUSTERED,N/A,N/A,BENIGN,0
P_00299,4.0,,LEFT,MLO,1,4,3,calc,PLEOMORPHIC,SEGMENTAL,N/A,N/A,MALIGNANT,1
P_00299,4.0,,RIGHT,CC,1,4,4,calc,FINE_LINEAR_BRANCHING,SEGMENTAL,N/A,N/A,MALIGNANT,1
P_00299,4.0,,RIGHT,MLO,1,4,4,calc,FINE_LINEAR_BRANCHING,SEGMENTAL,N/A,N/A,MALIGNANT,1
P_00315,2.0,,LEFT,MLO,1,4,4,calc,PLEOMORPHIC,CLUSTERED,N/A,N/A,BENIGN,0
P_00325,4.0,,RIGHT,MLO,1,4,3,calc,PLEOMORPHIC,CLUSTERED,N/A,N/A,BENIGN,0
P_00331,3.0,,LEFT,CC,1,4,4,calc,PLEOMORPHIC,CLUSTERED,N/A,N/A,BENIGN,0
P_00331,3.0,,LEFT,MLO,1,4,4,calc,PLEOMORPHIC,CLUSTERED,N/A,N/A,BENIGN,0
P_00344,4.0,,LEFT,CC,1,4,5,calc,PLEOMORPHIC,CLUSTERED,N/A,N/A,BENIGN,0
P_00344,4.0,,LEFT,MLO,1,4,5,calc,PLEOMORPHIC,CLUSTERED,N/A,N/A,BENIGN,0
P_00352,2.0,,LEFT,CC,1,4,4,calc,PLEOMORPHIC,CLUSTERED,N/A,N/A,BENIGN,0
P_00352,2.0,,LEFT,MLO,1,4,5,calc,PLEOMORPHIC,CLUSTERED,N/A,N/A,BENIGN,0
P_00353,3.0,,LEFT,CC,1,4,3,calc,PLEOMORPHIC-AMORPHOUS,CLUSTERED,N/A,N/A,BENIGN,0
P_00353,3.0,,LEFT,MLO,1,4,3,calc,PLEOMORPHIC,CLUSTERED,N/A,N/A,BENIGN,0
P_00353,3.0,,LEFT,CC,2,4,2,calc,PUNCTATE-PLEOMORPHIC,CLUSTERED,N/A,N/A,MALIGNANT,1
P_00353,3.0,,LEFT,MLO,2,4,3,calc,PUNCTATE-PLEOMORPHIC,CLUSTERED,N/A,N/A,MALIGNANT,1
P_00368,3.0,,LEFT,CC,1,4,2,calc,AMORPHOUS,SEGMENTAL,N/A,N/A,BENIGN,0
P_00368,3.0,,LEFT,MLO,1,4,2,calc,AMORPHOUS,SEGMENTAL,N/A,N/A,BENIGN,0
P_00372,3.0,,RIGHT,CC,1,5,4,calc,FINE_LINEAR_BRANCHING,CLUSTERED,N/A,N/A,MALIGNANT,1
P_00372,3.0,,RIGHT,MLO,1,5,4,calc,FINE_LINEAR_BRANCHING,CLUSTERED,N/A,N/A,MALIGNANT,1
P_00390,2.0,,RIGHT,CC,1,5,5,calc,PLEOMORPHIC,CLUSTERED,N/A,N/A,MALIGNANT,1
P_00390,2.0,,RIGHT,MLO,1,5,5,calc,PLEOMORPHIC,CLUSTERED,N/A,N/A,MALIGNANT,1
P_00397,4.0,,LEFT,CC,1,4,1,calc,PLEOMORPHIC,CLUSTERED,N/A,N/A,MALIGNANT,1
P_00402,3.0,,RIGHT,CC,1,2,4,calc,ROUND_AND_REGULAR,N/A,N/A,N/A,BENIGN_WITHOUT_CALLBACK,0
P_00402,3.0,,RIGHT,MLO,1,2,4,calc,ROUND_AND_REGULAR,N/A,N/A,N/A,BENIGN_WITHOUT_CALLBACK,0
P_00403,2.0,,RIGHT,CC,1,5,5,calc,N/A,LINEAR,N/A,N/A,MALIGNANT,1
P_00403,2.0,,RIGHT,MLO,1,5,5,calc,N/A,LINEAR,N/A,N/A,MALIGNANT,1
P_00460,3.0,,LEFT,CC,1,4,1,calc,AMORPHOUS,SEGMENTAL,N/A,N/A,BENIGN,0
P_00460,3.0,,LEFT,MLO,1,4,2,calc,AMORPHOUS,SEGMENTAL,N/A,N/A,BENIGN,0
P_00466,4.0,,LEFT,MLO,1,4,4,calc,PLEOMORPHIC,CLUSTERED,N/A,N/A,MALIGNANT,1
P_00485,3.0,,LEFT,CC,1,5,5,calc,PLEOMORPHIC,CLUSTERED,N/A,N/A,MALIGNANT,1
P_00485,3.0,,LEFT,CC,2,5,5,calc,PLEOMORPHIC,CLUSTERED,N/A,N/A,MALIGNANT,1
P_00485,3.0,,LEFT,CC,3,5,5,calc,PLEOMORPHIC,CLUSTERED,N/A,N/A,MALIGNANT,1
P_00485,3.0,,LEFT,CC,4,5,5,calc,PLEOMORPHIC,CLUSTERED,N/A,N/A,MALIGNANT,1
P_00485,3.0,,LEFT,CC,5,5,5,calc,PLEOMORPHIC,CLUSTERED,N/A,N/A,MALIGNANT,1
P_00485,3.0,,LEFT,MLO,1,5,5,calc,PLEOMORPHIC,CLUSTERED,N/A,N/A,MALIGNANT,1
P_00495,3.0,,RIGHT,CC,2,2,3,calc,COARSE,N/A,N/A,N/A,BENIGN_WITHOUT_CALLBACK,0
P_00495,3.0,,RIGHT,CC,3,2,3,calc,COARSE,N/A,N/A,N/A,BENIGN_WITHOUT_CALLBACK,0
P_00495,3.0,,RIGHT,MLO,1,2,3,calc,COARSE,N/A,N/A,N/A,BENIGN_WITHOUT_CALLBACK,0
P_00495,3.0,,RIGHT,MLO,3,2,3,calc,COARSE,N/A,N/A,N/A,BENIGN_WITHOUT_CALLBACK,0
P_00497,3.0,,LEFT,CC,1,4,3,calc,PLEOMORPHIC,SEGMENTAL,N/A,N/A,MALIGNANT,1
P_00497,3.0,,LEFT,MLO,1,4,3,calc,PLEOMORPHIC,SEGMENTAL,N/A,N/A,MALIGNANT,1
P_00537,4.0,,RIGHT,MLO,1,5,5,calc,PLEOMORPHIC-FINE_LINEAR_BRANCHING,SEGMENTAL,N/A,N/A,MALIGNANT,1
P_00562,2.0,,LEFT,CC,1,2,4,calc,LUCENT_CENTER,N/A,N/A,N/A,BENIGN_WITHOUT_CALLBACK,0
P_00562,2.0,,LEFT,CC,2,2,4,calc,LUCENT_CENTER,N/A,N/A,N/A,BENIGN_WITHOUT_CALLBACK,0
P_00562,2.0,,LEFT,MLO,1,2,4,calc,LUCENT_CENTER,N/A,N/A,N/A,BENIGN_WITHOUT_CALLBACK,0
P_00562,2.0,,LEFT,MLO,2,2,4,calc,LUCENT_CENTER,N/A,N/A,N/A,BENIGN_WITHOUT_CALLBACK,0
P_00562,2.0,,RIGHT,CC,1,2,4,calc,ROUND_AND_REGULAR,N/A,N/A,N/A,BENIGN_WITHOUT_CALLBACK,0
P_00562,2.0,,RIGHT,MLO,1,2,4,calc,ROUND_AND_REGULAR,N/A,N/A,N/A,BENIGN_WITHOUT_CALLBACK,0
P_00570,2.0,,LEFT,MLO,1,4,3,calc,PLEOMORPHIC,CLUSTERED,N/A,N/A,MALIGNANT,1
P_00579,4.0,,LEFT,MLO,1,0,2,calc,PUNCTATE,CLUSTERED,N/A,N/A,BENIGN,0
P_00589,3.0,,LEFT,CC,1,4,2,calc,AMORPHOUS,CLUSTERED,N/A,N/A,BENIGN,0
P_00589,3.0,,LEFT,MLO,1,4,1,calc,AMORPHOUS,CLUSTERED,N/A,N/A,BENIGN,0
P_00608,3.0,,LEFT,CC,1,4,4,calc,PLEOMORPHIC,SEGMENTAL,N/A,N/A,BENIGN,0
P_00608,3.0,,LEFT,MLO,1,4,4,calc,PLEOMORPHIC,SEGMENTAL,N/A,N/A,BENIGN,0
P_00620,3.0,,LEFT,CC,1,4,4,calc,PUNCTATE-AMORPHOUS,CLUSTERED,N/A,N/A,BENIGN,0
P_00643,3.0,,LEFT,CC,1,4,3,calc,FINE_LINEAR_BRANCHING,LINEAR,N/A,N/A,MALIGNANT,1
P_00643,3.0,,LEFT,MLO,1,4,3,calc,FINE_LINEAR_BRANCHING,LINEAR,N/A,N/A,MALIGNANT,1
P_00646,3.0,,LEFT,CC,1,4,2,calc,PLEOMORPHIC,SEGMENTAL,N/A,N/A,MALIGNANT,1
P_00646,3.0,,LEFT,MLO,1,4,2,calc,PLEOMORPHIC,SEGMENTAL,N/A,N/A,MALIGNANT,1
P_00649,3.0,,LEFT,CC,1,4,1,calc,AMORPHOUS,LINEAR,N/A,N/A,BENIGN,0
P_00649,3.0,,LEFT,MLO,1,4,1,calc,AMORPHOUS,LINEAR,N/A,N/A,BENIGN,0
P_00663,2.0,,RIGHT,CC,1,4,3,calc,PLEOMORPHIC,CLUSTERED,N/A,N/A,BENIGN,0
P_00663,2.0,,RIGHT,MLO,1,4,3,calc,PLEOMORPHIC,CLUSTERED,N/A,N/A,BENIGN,0
P_00678,4.0,,LEFT,CC,1,4,4,calc,PLEOMORPHIC,SEGMENTAL,N/A,N/A,MALIGNANT,1
P_00679,2.0,,LEFT,CC,1,4,3,calc,FINE_LINEAR_BRANCHING,CLUSTERED-LINEAR,N/A,N/A,BENIGN,0
P_00679,2.0,,LEFT,MLO,1,4,3,calc,FINE_LINEAR_BRANCHING,CLUSTERED-LINEAR,N/A,N/A,BENIGN,0
P_00681,2.0,,LEFT,CC,1,4,2,calc,PLEOMORPHIC,CLUSTERED,N/A,N/A,MALIGNANT,1
P_00681,2.0,,LEFT,MLO,1,4,2,calc,PLEOMORPHIC,CLUSTERED,N/A,N/A,MALIGNANT,1
P_00686,4.0,,RIGHT,MLO,1,4,2,calc,PLEOMORPHIC,CLUSTERED,N/A,N/A,MALIGNANT,1
P_00723,2.0,,LEFT,MLO,2,4,5,calc,PLEOMORPHIC,CLUSTERED,N/A,N/A,BENIGN,0
P_00723,2.0,,LEFT,MLO,3,3,5,calc,PLEOMORPHIC,CLUSTERED,N/A,N/A,BENIGN,0
P_00723,2.0,,LEFT,MLO,4,4,3,calc,AMORPHOUS,CLUSTERED,N/A,N/A,BENIGN,0
P_00753,2.0,,LEFT,CC,1,3,3,calc,AMORPHOUS,CLUSTERED,N/A,N/A,BENIGN,0
P_00753,2.0,,LEFT,MLO,1,3,3,calc,AMORPHOUS,CLUSTERED,N/A,N/A,BENIGN,0
P_00774,4.0,,RIGHT,CC,1,4,1,calc,PLEOMORPHIC,CLUSTERED,N/A,N/A,BENIGN,0
P_00774,4.0,,RIGHT,MLO,1,4,1,calc,PLEOMORPHIC,CLUSTERED,N/A,N/A,BENIGN,0
P_00789,4.0,,LEFT,MLO,1,4,1,calc,AMORPHOUS,DIFFUSELY_SCATTERED,N/A,N/A,BENIGN,0
P_00790,3.0,,RIGHT,CC,1,4,4,calc,PLEOMORPHIC,CLUSTERED,N/A,N/A,BENIGN,0
P_00790,3.0,,RIGHT,MLO,1,4,4,calc,PLEOMORPHIC,CLUSTERED,N/A,N/A,BENIGN,0
P_00795,1.0,,LEFT,CC,1,2,4,calc,EGGSHELL,N/A,N/A,N/A,BENIGN_WITHOUT_CALLBACK,0
P_00795,1.0,,LEFT,MLO,1,2,4,calc,EGGSHELL,N/A,N/A,N/A,BENIGN_WITHOUT_CALLBACK,0
P_00811,4.0,,LEFT,CC,1,4,3,calc,AMORPHOUS,REGIONAL,N/A,N/A,BENIGN,0
P_00827,4.0,,RIGHT,CC,1,4,1,calc,PLEOMORPHIC,CLUSTERED,N/A,N/A,MALIGNANT,1
P_00827,4.0,,RIGHT,MLO,1,4,1,calc,PLEOMORPHIC,CLUSTERED,N/A,N/A,MALIGNANT,1
P_00843,3.0,,RIGHT,CC,1,4,4,calc,PLEOMORPHIC,CLUSTERED,N/A,N/A,BENIGN,0
P_00843,3.0,,RIGHT,MLO,1,4,4,calc,PLEOMORPHIC,CLUSTERED,N/A,N/A,BENIGN,0
P_00857,3.0,,RIGHT,CC,1,4,2,calc,AMORPHOUS,SEGMENTAL,N/A,N/A,MALIGNANT,1
P_00857,3.0,,RIGHT,MLO,1,4,2,calc,AMORPHOUS,SEGMENTAL,N/A,N/A,MALIGNANT,1
P_00876,4.0,,LEFT,CC,1,4,3,calc,PLEOMORPHIC,CLUSTERED,N/A,N/A,MALIGNANT,1
P_00876,4.0,,LEFT,MLO,1,4,3,calc,PLEOMORPHIC,CLUSTERED,N/A,N/A,MALIGNANT,1
P_00879,3.0,,RIGHT,CC,1,5,3,calc,FINE_LINEAR_BRANCHING,LINEAR,N/A,N/A,MALIGNANT,1
P_00879,3.0,,RIGHT,MLO,1,5,3,calc,FINE_LINEAR_BRANCHING,LINEAR,N/A,N/A,MALIGNANT,1
P_00905,3.0,,RIGHT,CC,1,2,3,calc,LUCENT_CENTER,N/A,N/A,N/A,BENIGN_WITHOUT_CALLBACK,0
P_00905,3.0,,RIGHT,MLO,1,2,3,calc,LUCENT_CENTER,N/A,N/A,N/A,BENIGN_WITHOUT_CALLBACK,0
P_00906,4.0,,LEFT,CC,2,3,2,calc,PUNCTATE-PLEOMORPHIC,CLUSTERED,N/A,N/A,MALIGNANT,1
P_00906,4.0,,LEFT,MLO,2,3,2,calc,PUNCTATE,CLUSTERED,N/A,N/A,MALIGNANT,1
P_00906,4.0,,LEFT,MLO,3,3,2,calc,PUNCTATE,CLUSTERED,N/A,N/A,MALIGNANT,1
P_00919,2.0,,RIGHT,CC,1,4,1,calc,PLEOMORPHIC,CLUSTERED,N/A,N/A,MALIGNANT,1
P_00919,2.0,,RIGHT,MLO,1,4,1,calc,PLEOMORPHIC,CLUSTERED,N/A,N/A,MALIGNANT,1
P_00974,3.0,,RIGHT,CC,1,4,2,calc,PLEOMORPHIC,LINEAR,N/A,N/A,MALIGNANT,1
P_00974,3.0,,RIGHT,MLO,1,4,2,calc,PLEOMORPHIC,LINEAR,N/A,N/A,MALIGNANT,1
P_01004,2.0,,LEFT,CC,1,4,3,calc,PUNCTATE-PLEOMORPHIC,CLUSTERED,N/A,N/A,BENIGN,0
P_01004,2.0,,LEFT,CC,2,4,3,calc,PUNCTATE-PLEOMORPHIC,CLUSTERED,N/A,N/A,BENIGN,0
P_01004,2.0,,LEFT,MLO,1,4,3,calc,PUNCTATE-PLEOMORPHIC,CLUSTERED,N/A,N/A,BENIGN,0
P_01004,2.0,,LEFT,MLO,2,4,3,calc,PUNCTATE-PLEOMORPHIC,CLUSTERED,N/A,N/A,BENIGN,0
P_01006,4.0,,LEFT,CC,1,4,1,calc,AMORPHOUS,CLUSTERED,N/A,N/A,BENIGN,0
P_01006,4.0,,LEFT,MLO,1,4,1,calc,AMORPHOUS,CLUSTERED,N/A,N/A,BENIGN,0
P_01022,3.0,,LEFT,CC,1,4,3,calc,PUNCTATE-AMORPHOUS,CLUSTERED,N/A,N/A,BENIGN,0
P_01022,3.0,,LEFT,MLO,1,4,3,calc,ROUND_AND_REGULAR-PLEOMORPHIC,CLUSTERED,N/A,N/A,BENIGN,0
P_01030,3.0,,RIGHT,CC,1,2,5,calc,ROUND_AND_REGULAR,N/A,N/A,N/A,BENIGN_WITHOUT_CALLBACK,0
P_01030,3.0,,RIGHT,CC,2,2,5,calc,ROUND_AND_REGULAR,N/A,N/A,N/A,BENIGN_WITHOUT_CALLBACK,0
P_01030,3.0,,RIGHT,MLO,1,2,5,calc,ROUND_AND_REGULAR,N/A,N/A,N/A,BENIGN_WITHOUT_CALLBACK,0
P_01030,3.0,,RIGHT,MLO,2,2,5,calc,ROUND_AND_REGULAR,N/A,N/A,N/A,BENIGN_WITHOUT_CALLBACK,0
P_01042,2.0,,RIGHT,CC,1,4,5,calc,PLEOMORPHIC,CLUSTERED,N/A,N/A,BENIGN,0
P_01042,2.0,,RIGHT,MLO,1,4,5,calc,PLEOMORPHIC,CLUSTERED,N/A,N/A,BENIGN,0
P_01050,4.0,,LEFT,MLO,1,5,4,calc,FINE_LINEAR_BRANCHING,SEGMENTAL,N/A,N/A,MALIGNANT,1
P_01058,3.0,,LEFT,CC,1,4,3,calc,PLEOMORPHIC,CLUSTERED,N/A,N/A,MALIGNANT,1
P_01058,3.0,,LEFT,MLO,1,4,3,calc,PLEOMORPHIC,CLUSTERED,N/A,N/A,MALIGNANT,1
P_01067,2.0,,LEFT,CC,1,5,4,calc,PLEOMORPHIC,CLUSTERED,N/A,N/A,MALIGNANT,1
P_01067,2.0,,LEFT,MLO,1,5,4,calc,PLEOMORPHIC,CLUSTERED,N/A,N/A,MALIGNANT,1
P_01092,4.0,,LEFT,CC,1,4,3,calc,PLEOMORPHIC,CLUSTERED,N/A,N/A,MALIGNANT,1
P_01092,4.0,,LEFT,MLO,1,4,3,calc,PLEOMORPHIC,CLUSTERED,N/A,N/A,MALIGNANT,1
P_01132,2.0,,RIGHT,MLO,1,4,3,calc,PLEOMORPHIC,CLUSTERED,N/A,N/A,BENIGN,0
P_01148,4.0,,RIGHT,MLO,1,4,3,calc,PLEOMORPHIC,CLUSTERED,N/A,N/A,MALIGNANT,1
P_01152,2.0,,RIGHT,CC,2,4,3,calc,AMORPHOUS,CLUSTERED,N/A,N/A,BENIGN,0
P_01152,2.0,,RIGHT,MLO,2,4,4,calc,AMORPHOUS,CLUSTERED,N/A,N/A,BENIGN,0
P_01154,4.0,,LEFT,CC,1,4,3,calc,PLEOMORPHIC,SEGMENTAL,N/A,N/A,MALIGNANT,1
P_01154,4.0,,LEFT,MLO,1,4,3,calc,PLEOMORPHIC,SEGMENTAL,N/A,N/A,MALIGNANT,1
P_01157,3.0,,RIGHT,CC,1,4,3,calc,PLEOMORPHIC,LINEAR,N/A,N/A,MALIGNANT,1
P_01157,3.0,,RIGHT,MLO,1,4,3,calc,PLEOMORPHIC,LINEAR,N/A,N/A,MALIGNANT,1
P_01179,3.0,,LEFT,MLO,2,5,5,calc,PLEOMORPHIC,CLUSTERED,N/A,N/A,MALIGNANT,1
P_01211,3.0,,LEFT,CC,1,2,5,calc,COARSE-ROUND_AND_REGULAR,N/A,N/A,N/A,BENIGN_WITHOUT_CALLBACK,0
P_01211,3.0,,LEFT,MLO,1,2,5,calc,COARSE-ROUND_AND_REGULAR,N/A,N/A,N/A,BENIGN_WITHOUT_CALLBACK,0
P_01211,3.0,,RIGHT,CC,1,2,5,calc,LUCENT_CENTER,N/A,N/A,N/A,BENIGN_WITHOUT_CALLBACK,0
P_01211,3.0,,RIGHT,CC,2,2,5,calc,LUCENT_CENTER,N/A,N/A,N/A,BENIGN_WITHOUT_CALLBACK,0
P_01211,3.0,,RIGHT,MLO,1,2,5,calc,LUCENT_CENTER,N/A,N/A,N/A,BENIGN_WITHOUT_CALLBACK,0
P_01211,3.0,,RIGHT,MLO,2,2,5,calc,LUCENT_CENTER,N/A,N/A,N/A,BENIGN_WITHOUT_CALLBACK,0
P_01217,4.0,,RIGHT,CC,1,4,1,calc,PLEOMORPHIC,CLUSTERED,N/A,N/A,MALIGNANT,1
P_01217,4.0,,RIGHT,MLO,1,4,1,calc,PLEOMORPHIC,CLUSTERED,N/A,N/A,MALIGNANT,1
P_01224,2.0,,RIGHT,CC,1,2,5,calc,N/A,LINEAR,N/A,N/A,BENIGN_WITHOUT_CALLBACK,0
P_01224,2.0,,RIGHT,MLO,1,2,5,calc,N/A,LINEAR,N/A,N/A,BENIGN_WITHOUT_CALLBACK,0
P_01237,2.0,,LEFT,CC,1,4,3,calc,PLEOMORPHIC,CLUSTERED,N/A,N/A,BENIGN,0
P_01237,2.0,,LEFT,MLO,1,4,3,calc,PLEOMORPHIC,CLUSTERED,N/A,N/A,BENIGN,0
P_01253,2.0,,RIGHT,CC,1,3,3,calc,PUNCTATE,CLUSTERED,N/A,N/A,MALIGNANT,1
P_01253,2.0,,RIGHT,MLO,1,3,3,calc,PUNCTATE,CLUSTERED,N/A,N/A,MALIGNANT,1
P_01272,3.0,,LEFT,CC,1,4,2,calc,PLEOMORPHIC,CLUSTERED,N/A,N/A,BENIGN,0
P_01272,3.0,,LEFT,CC,2,4,2,calc,PLEOMORPHIC,CLUSTERED,N/A,N/A,BENIGN,0
P_01272,3.0,,LEFT,MLO,1,4,2,calc,PLEOMORPHIC,CLUSTERED,N/A,N/A,BENIGN,0
P_01272,3.0,,LEFT,MLO,2,4,2,calc,PLEOMORPHIC,CLUSTERED,N/A,N/A,BENIGN,0
P_01303,4.0,,LEFT,CC,1,4,1,calc,PUNCTATE,CLUSTERED,N/A,N/A,MALIGNANT,1
P_01303,4.0,,LEFT,MLO,1,4,1,calc,PUNCTATE,CLUSTERED,N/A,N/A,MALIGNANT,1
P_01308,4.0,,LEFT,MLO,1,4,3,calc,PLEOMORPHIC,CLUSTERED,N/A,N/A,BENIGN,0
P_01318,3.0,,LEFT,MLO,1,4,1,calc,PLEOMORPHIC,CLUSTERED,N/A,N/A,BENIGN,0
P_01320,4.0,,LEFT,MLO,1,4,2,calc,PLEOMORPHIC,CLUSTERED,N/A,N/A,BENIGN,0
P_01352,2.0,,LEFT,CC,1,2,4,calc,COARSE-PLEOMORPHIC,CLUSTERED,N/A,N/A,BENIGN_WITHOUT_CALLBACK,0
P_01352,2.0,,LEFT,MLO,1,2,3,calc,COARSE-PLEOMORPHIC,CLUSTERED,N/A,N/A,BENIGN_WITHOUT_CALLBACK,0
P_01353,4.0,,LEFT,CC,1,4,3,calc,AMORPHOUS,SEGMENTAL,N/A,N/A,BENIGN,0
P_01353,4.0,,LEFT,MLO,1,4,3,calc,AMORPHOUS,SEGMENTAL,N/A,N/A,BENIGN,0
P_01390,3.0,,RIGHT,CC,1,5,5,calc,PLEOMORPHIC,CLUSTERED,N/A,N/A,MALIGNANT,1
P_01390,3.0,,RIGHT,CC,2,5,5,calc,PLEOMORPHIC,CLUSTERED,N/A,N/A,MALIGNANT,1
P_01390,3.0,,RIGHT,MLO,1,5,5,calc,PLEOMORPHIC,CLUSTERED,N/A,N/A,MALIGNANT,1
P_01390,3.0,,RIGHT,MLO,2,5,5,calc,PLEOMORPHIC,CLUSTERED,N/A,N/A,MALIGNANT,1
P_01399,3.0,,RIGHT,CC,1,4,4,calc,PLEOMORPHIC,CLUSTERED,N/A,N/A,BENIGN,0
P_01399,3.0,,RIGHT,MLO,1,4,4,calc,PLEOMORPHIC,CLUSTERED,N/A,N/A,BENIGN,0
P_01407,3.0,,LEFT,CC,1,2,3,calc,EGGSHELL,N/A,N/A,N/A,BENIGN_WITHOUT_CALLBACK,0
P_01407,3.0,,LEFT,MLO,1,2,4,calc,EGGSHELL,N/A,N/A,N/A,BENIGN_WITHOUT_CALLBACK,0
P_01407,3.0,,RIGHT,CC,1,4,3,calc,PLEOMORPHIC,CLUSTERED,N/A,N/A,BENIGN,0
P_01407,3.0,,RIGHT,MLO,1,4,3,calc,PLEOMORPHIC,CLUSTERED,N/A,N/A,BENIGN,0
P_01414,4.0,,RIGHT,CC,1,4,4,calc,PLEOMORPHIC,CLUSTERED,N/A,N/A,BENIGN,0
P_01414,4.0,,RIGHT,MLO,1,4,4,calc,PLEOMORPHIC,CLUSTERED,N/A,N/A,BENIGN,0
P_01415,3.0,,RIGHT,MLO,1,4,3,calc,PLEOMORPHIC,CLUSTERED,N/A,N/A,BENIGN,0
P_01419,3.0,,LEFT,CC,1,5,4,calc,FINE_LINEAR_BRANCHING,LINEAR,N/A,N/A,MALIGNANT,1
P_01419,3.0,,LEFT,MLO,1,5,4,calc,FINE_LINEAR_BRANCHING,LINEAR,N/A,N/A,MALIGNANT,1
P_01425,2.0,,LEFT,CC,1,5,5,calc,FINE_LINEAR_BRANCHING,SEGMENTAL,N/A,N/A,MALIGNANT,1
P_01425,2.0,,LEFT,MLO,1,5,5,calc,FINE_LINEAR_BRANCHING,SEGMENTAL,N/A,N/A,MALIGNANT,1
P_01460,3.0,,LEFT,CC,1,2,4,calc,VASCULAR,N/A,N/A,N/A,BENIGN_WITHOUT_CALLBACK,0
P_01460,3.0,,LEFT,MLO,1,2,4,calc,SKIN,N/A,N/A,N/A,BENIGN_WITHOUT_CALLBACK,0
P_01460,3.0,,LEFT,MLO,2,2,4,calc,VASCULAR,N/A,N/A,N/A,BENIGN_WITHOUT_CALLBACK,0
P_01460,3.0,,RIGHT,CC,1,2,4,calc,VASCULAR,N/A,N/A,N/A,BENIGN_WITHOUT_CALLBACK,0
P_01460,3.0,,RIGHT,MLO,1,2,4,calc,VASCULAR,N/A,N/A,N/A,BENIGN_WITHOUT_CALLBACK,0
P_01460,3.0,,RIGHT,MLO,2,2,4,calc,SKIN,N/A,N/A,N/A,BENIGN_WITHOUT_CALLBACK,0
P_01465,4.0,,LEFT,MLO,1,4,1,calc,PLEOMORPHIC,CLUSTERED,N/A,N/A,BENIGN,0
P_01471,4.0,,RIGHT,CC,1,4,2,calc,PLEOMORPHIC,CLUSTERED,N/A,N/A,MALIGNANT,1
P_01471,4.0,,RIGHT,MLO,1,4,2,calc,PLEOMORPHIC,CLUSTERED,N/A,N/A,MALIGNANT,1
P_01476,3.0,,RIGHT,CC,1,4,3,calc,PLEOMORPHIC,CLUSTERED,N/A,N/A,BENIGN,0
P_01476,3.0,,RIGHT,MLO,1,4,3,calc,PLEOMORPHIC,CLUSTERED,N/A,N/A,BENIGN,0
P_01483,1.0,,LEFT,CC,1,5,5,calc,AMORPHOUS,CLUSTERED,N/A,N/A,MALIGNANT,1
P_01483,1.0,,LEFT,MLO,1,5,5,calc,AMORPHOUS,CLUSTERED,N/A,N/A,MALIGNANT,1
P_01490,3.0,,LEFT,CC,1,4,3,calc,PUNCTATE,CLUSTERED,N/A,N/A,BENIGN,0
P_01490,3.0,,LEFT,MLO,1,4,3,calc,PLEOMORPHIC,CLUSTERED,N/A,N/A,BENIGN,0
P_01502,2.0,,LEFT,CC,2,5,4,calc,FINE_LINEAR_BRANCHING,CLUSTERED,N/A,N/A,MALIGNANT,1
P_01502,2.0,,LEFT,MLO,2,5,4,calc,FINE_LINEAR_BRANCHING,CLUSTERED,N/A,N/A,MALIGNANT,1
P_01523,4.0,,LEFT,MLO,1,4,1,calc,PLEOMORPHIC,LINEAR,N/A,N/A,BENIGN,0
P_01534,3.0,,LEFT,CC,1,4,4,calc,PLEOMORPHIC,CLUSTERED,N/A,N/A,MALIGNANT,1
P_01534,3.0,,LEFT,MLO,1,4,4,calc,PLEOMORPHIC,CLUSTERED,N/A,N/A,MALIGNANT,1
P_01535,4.0,,LEFT,CC,1,4,4,calc,PLEOMORPHIC,CLUSTERED,N/A,N/A,BENIGN,0
P_01535,4.0,,LEFT,MLO,1,4,4,calc,PLEOMORPHIC,CLUSTERED,N/A,N/A,BENIGN,0
P_01536,3.0,,RIGHT,CC,1,4,3,calc,PLEOMORPHIC,CLUSTERED,N/A,N/A,MALIGNANT,1
P_01536,3.0,,RIGHT,MLO,1,4,3,calc,PLEOMORPHIC,CLUSTERED,N/A,N/A,MALIGNANT,1
P_01538,3.0,,RIGHT,MLO,1,4,4,calc,PLEOMORPHIC,CLUSTERED,N/A,N/A,MALIGNANT,1
P_01538,3.0,,RIGHT,MLO,2,4,2,calc,PLEOMORPHIC,CLUSTERED,N/A,N/A,MALIGNANT,1
P_01547,2.0,,LEFT,CC,1,4,5,calc,PLEOMORPHIC,CLUSTERED,N/A,N/A,BENIGN,0
P_01547,2.0,,LEFT,MLO,1,4,5,calc,PLEOMORPHIC,CLUSTERED,N/A,N/A,BENIGN,0
P_01562,1.0,,LEFT,CC,1,4,4,calc,PLEOMORPHIC,CLUSTERED,N/A,N/A,BENIGN,0
P_01562,1.0,,LEFT,MLO,1,4,4,calc,PLEOMORPHIC,CLUSTERED,N/A,N/A,BENIGN,0
P_01602,3.0,,RIGHT,CC,1,4,3,calc,AMORPHOUS-PLEOMORPHIC,CLUSTERED,N/A,N/A,MALIGNANT,1
P_01621,1.0,,LEFT,CC,1,4,5,calc,PLEOMORPHIC,CLUSTERED,N/A,N/A,BENIGN,0
P_01621,1.0,,LEFT,MLO,1,4,5,calc,PLEOMORPHIC,CLUSTERED,N/A,N/A,BENIGN,0
P_01635,2.0,,RIGHT,CC,2,4,3,calc,PLEOMORPHIC,CLUSTERED,N/A,N/A,MALIGNANT,1
P_01635,2.0,,RIGHT,MLO,2,4,3,calc,AMORPHOUS-PLEOMORPHIC,CLUSTERED,N/A,N/A,MALIGNANT,1
P_01643,2.0,,LEFT,CC,1,4,2,calc,AMORPHOUS,CLUSTERED,N/A,N/A,BENIGN,0
P_01643,2.0,,LEFT,MLO,1,4,2,calc,AMORPHOUS,CLUSTERED,N/A,N/A,BENIGN,0
P_01643,2.0,,RIGHT,CC,1,3,5,calc,PLEOMORPHIC,CLUSTERED,N/A,N/A,BENIGN,0
P_01643,2.0,,RIGHT,MLO,1,3,5,calc,PLEOMORPHIC,CLUSTERED,N/A,N/A,BENIGN,0
P_01670,3.0,,LEFT,CC,1,4,3,calc,PUNCTATE-AMORPHOUS-PLEOMORPHIC,CLUSTERED,N/A,N/A,MALIGNANT,1
P_01670,3.0,,LEFT,MLO,1,4,3,calc,PUNCTATE-AMORPHOUS-PLEOMORPHIC,CLUSTERED,N/A,N/A,MALIGNANT,1
P_01670,3.0,,LEFT,MLO,2,4,3,calc,PUNCTATE-AMORPHOUS-PLEOMORPHIC,CLUSTERED,N/A,N/A,MALIGNANT,1
P_01670,3.0,,LEFT,MLO,3,4,3,calc,PUNCTATE-AMORPHOUS-PLEOMORPHIC,CLUSTERED,N/A,N/A,MALIGNANT,1
P_01711,3.0,,RIGHT,CC,1,2,3,calc,PUNCTATE,SEGMENTAL,N/A,N/A,BENIGN,0
P_01711,3.0,,RIGHT,MLO,1,2,3,calc,PUNCTATE,SEGMENTAL,N/A,N/A,BENIGN,0
P_01713,4.0,,RIGHT,MLO,1,4,2,calc,AMORPHOUS,CLUSTERED,N/A,N/A,BENIGN,0
P_01728,3.0,,LEFT,CC,1,4,3,calc,AMORPHOUS,CLUSTERED,N/A,N/A,BENIGN,0
P_01743,0.0,,RIGHT,CC,1,5,5,calc,PLEOMORPHIC,DIFFUSELY_SCATTERED,N/A,N/A,MALIGNANT,1
P_01743,0.0,,RIGHT,MLO,1,5,5,calc,PLEOMORPHIC,DIFFUSELY_SCATTERED,N/A,N/A,MALIGNANT,1
P_01752,4.0,,LEFT,CC,1,4,2,calc,AMORPHOUS,CLUSTERED,N/A,N/A,BENIGN,0
P_01752,4.0,,LEFT,MLO,1,4,2,calc,PLEOMORPHIC,CLUSTERED,N/A,N/A,BENIGN,0
P_01773,1.0,,RIGHT,CC,1,4,4,calc,PLEOMORPHIC,CLUSTERED,N/A,N/A,BENIGN,0
P_01773,1.0,,RIGHT,MLO,1,4,5,calc,PLEOMORPHIC,CLUSTERED,N/A,N/A,BENIGN,0
P_01803,2.0,,RIGHT,CC,1,5,4,calc,AMORPHOUS,CLUSTERED,N/A,N/A,MALIGNANT,1
P_01803,2.0,,RIGHT,MLO,1,5,3,calc,AMORPHOUS,SEGMENTAL,N/A,N/A,MALIGNANT,1
P_01820,2.0,,LEFT,MLO,1,4,1,calc,PLEOMORPHIC,LINEAR,N/A,N/A,BENIGN,0
P_01834,4.0,,LEFT,MLO,1,4,2,calc,AMORPHOUS,CLUSTERED,N/A,N/A,MALIGNANT,1
P_01842,4.0,,LEFT,MLO,1,4,2,calc,PLEOMORPHIC,CLUSTERED,N/A,N/A,MALIGNANT,1
P_01845,2.0,,RIGHT,CC,1,4,2,calc,PLEOMORPHIC,CLUSTERED,N/A,N/A,BENIGN,0
P_01845,2.0,,RIGHT,CC,2,4,2,calc,PLEOMORPHIC,CLUSTERED,N/A,N/A,BENIGN,0
P_01845,2.0,,RIGHT,MLO,1,4,2,calc,PLEOMORPHIC,CLUSTERED,N/A,N/A,BENIGN,0
P_01845,2.0,,RIGHT,MLO,2,4,2,calc,PLEOMORPHIC,CLUSTERED,N/A,N/A,BENIGN,0
P_01861,4.0,,LEFT,CC,1,4,2,calc,PUNCTATE,CLUSTERED,N/A,N/A,MALIGNANT,1
P_01861,4.0,,LEFT,MLO,1,4,2,calc,PUNCTATE,CLUSTERED,N/A,N/A,MALIGNANT,1
P_01867,2.0,,LEFT,CC,1,2,3,calc,COARSE-LUCENT_CENTER,N/A,N/A,N/A,BENIGN_WITHOUT_CALLBACK,0
P_01867,2.0,,LEFT,CC,2,2,3,calc,COARSE-LUCENT_CENTER,N/A,N/A,N/A,BENIGN_WITHOUT_CALLBACK,0
P_01867,2.0,,LEFT,MLO,1,2,3,calc,COARSE-LUCENT_CENTER,N/A,N/A,N/A,BENIGN_WITHOUT_CALLBACK,0
P_01867,2.0,,LEFT,MLO,2,2,3,calc,COARSE-LUCENT_CENTER,N/A,N/A,N/A,BENIGN_WITHOUT_CALLBACK,0
P_01868,2.0,,LEFT,CC,1,3,4,calc,PLEOMORPHIC,CLUSTERED,N/A,N/A,BENIGN,0
P_01868,2.0,,LEFT,MLO,1,3,4,calc,PLEOMORPHIC,CLUSTERED,N/A,N/A,BENIGN,0
P_01872,4.0,,LEFT,CC,1,4,4,calc,PLEOMORPHIC,CLUSTERED,N/A,N/A,BENIGN,0
P_01872,4.0,,LEFT,MLO,1,4,4,calc,PLEOMORPHIC,CLUSTERED,N/A,N/A,BENIGN,0
P_01882,2.0,,LEFT,CC,1,4,3,calc,PLEOMORPHIC,CLUSTERED,N/A,N/A,BENIGN,0
P_01882,2.0,,LEFT,MLO,1,4,3,calc,PLEOMORPHIC,CLUSTERED,N/A,N/A,BENIGN,0
P_01883,2.0,,RIGHT,CC,1,5,3,calc,PLEOMORPHIC-FINE_LINEAR_BRANCHING,LINEAR-SEGMENTAL,N/A,N/A,MALIGNANT,1
P_01883,2.0,,RIGHT,MLO,1,4,3,calc,PLEOMORPHIC-FINE_LINEAR_BRANCHING,LINEAR-SEGMENTAL,N/A,N/A,MALIGNANT,1
P_02102,2.0,,LEFT,CC,1,0,4,calc,PLEOMORPHIC,SEGMENTAL,N/A,N/A,MALIGNANT,1
P_02102,2.0,,LEFT,MLO,1,0,4,calc,PLEOMORPHIC,SEGMENTAL,N/A,N/A,MALIGNANT,1
P_02139,2.0,,LEFT,CC,1,3,3,calc,FINE_LINEAR_BRANCHING,LINEAR,N/A,N/A,MALIGNANT,1
P_02139,2.0,,LEFT,MLO,1,3,3,calc,FINE_LINEAR_BRANCHING,LINEAR,N/A,N/A,MALIGNANT,1
P_02153,2.0,,RIGHT,CC,1,0,2,calc,AMORPHOUS,CLUSTERED,N/A,N/A,BENIGN,0
P_02153,2.0,,RIGHT,MLO,1,0,2,calc,AMORPHOUS,CLUSTERED,N/A,N/A,BENIGN,0
P_02159,2.0,,LEFT,CC,1,0,3,calc,AMORPHOUS,CLUSTERED,N/A,N/A,BENIGN,0
P_02159,2.0,,LEFT,MLO,1,0,3,calc,AMORPHOUS,CLUSTERED,N/A,N/A,BENIGN,0
P_02176,4.0,,RIGHT,CC,1,5,5,calc,AMORPHOUS-PLEOMORPHIC,REGIONAL,N/A,N/A,MALIGNANT,1
P_02176,4.0,,RIGHT,MLO,1,5,5,calc,AMORPHOUS-PLEOMORPHIC,REGIONAL,N/A,N/A,MALIGNANT,1
P_02198,3.0,,LEFT,CC,1,3,3,calc,FINE_LINEAR_BRANCHING,CLUSTERED,N/A,N/A,MALIGNANT,1
P_02198,3.0,,LEFT,MLO,1,3,3,calc,FINE_LINEAR_BRANCHING,CLUSTERED,N/A,N/A,MALIGNANT,1
P_02275,2.0,,LEFT,CC,1,3,1,calc,AMORPHOUS,SEGMENTAL,N/A,N/A,MALIGNANT,1
P_02275,2.0,,LEFT,MLO,1,3,1,calc,AMORPHOUS,SEGMENTAL,N/A,N/A,MALIGNANT,1
P_02418,3.0,,RIGHT,CC,1,3,2,calc,FINE_LINEAR_BRANCHING,LINEAR,N/A,N/A,MALIGNANT,1
P_02418,3.0,,RIGHT,MLO,1,3,2,calc,FINE_LINEAR_BRANCHING,LINEAR,N/A,N/A,MALIGNANT,1
P_02420,2.0,,RIGHT,CC,1,3,4,calc,PLEOMORPHIC,CLUSTERED,N/A,N/A,MALIGNANT,1
P_02420,2.0,,RIGHT,MLO,1,3,4,calc,PLEOMORPHIC,CLUSTERED,N/A,N/A,MALIGNANT,1
P_02432,2.0,,LEFT,CC,1,3,3,calc,PUNCTATE,CLUSTERED,N/A,N/A,MALIGNANT,1
P_02432,2.0,,LEFT,MLO,1,3,3,calc,AMORPHOUS,CLUSTERED,N/A,N/A,MALIGNANT,1
P_02464,2.0,,RIGHT,CC,1,0,4,calc,FINE_LINEAR_BRANCHING,CLUSTERED,N/A,N/A,MALIGNANT,1
P_02464,2.0,,RIGHT,MLO,1,0,4,calc,FINE_LINEAR_BRANCHING,CLUSTERED,N/A,N/A,MALIGNANT,1
P_02498,4.0,,RIGHT,CC,1,0,3,calc,PUNCTATE,CLUSTERED,N/A,N/A,BENIGN,0
P_02498,4.0,,RIGHT,MLO,1,0,3,calc,PUNCTATE,CLUSTERED,N/A,N/A,BENIGN,0
P_02501,3.0,,RIGHT,CC,1,0,3,calc,PLEOMORPHIC,CLUSTERED,N/A,N/A,MALIGNANT,1
P_02501,3.0,,RIGHT,MLO,1,0,3,calc,PLEOMORPHIC,CLUSTERED,N/A,N/A,MALIGNANT,1
P_00001,,3.0,LEFT,CC,1,4,4,mass,N/A,N/A,IRREGULAR-ARCHITECTURAL_DISTORTION,SPICULATED,MALIGNANT,1
P_00001,,3.0,LEFT,MLO,1,4,4,mass,N/A,N/A,IRREGULAR-ARCHITECTURAL_DISTORTION,SPICULATED,MALIGNANT,1
P_00004,,3.0,LEFT,CC,1,4,3,mass,N/A,N/A,ARCHITECTURAL_DISTORTION,ILL_DEFINED,BENIGN,0
P_00004,,3.0,LEFT,MLO,1,4,3,mass,N/A,N/A,ARCHITECTURAL_DISTORTION,ILL_DEFINED,BENIGN,0
P_00004,,3.0,RIGHT,MLO,1,4,5,mass,N/A,N/A,OVAL,CIRCUMSCRIBED,BENIGN,0
P_00009,,3.0,RIGHT,CC,1,4,4,mass,N/A,N/A,OVAL,ILL_DEFINED,MALIGNANT,1
P_00009,,3.0,RIGHT,MLO,1,4,4,mass,N/A,N/A,OVAL,ILL_DEFINED,MALIGNANT,1
P_00015,,3.0,LEFT,MLO,1,4,4,mass,N/A,N/A,IRREGULAR,ILL_DEFINED-SPICULATED,MALIGNANT,1
P_00018,,2.0,RIGHT,CC,1,4,5,mass,N/A,N/A,OVAL,CIRCUMSCRIBED,BENIGN,0
P_00018,,2.0,RIGHT,MLO,1,4,5,mass,N/A,N/A,OVAL,CIRCUMSCRIBED,BENIGN,0
P_00021,,1.0,LEFT,CC,1,3,5,mass,N/A,N/A,OVAL,CIRCUMSCRIBED,BENIGN,0
P_00021,,1.0,LEFT,MLO,1,3,5,mass,N/A,N/A,OVAL,CIRCUMSCRIBED,BENIGN,0
P_00021,,1.0,RIGHT,CC,1,3,5,mass,N/A,N/A,OVAL,CIRCUMSCRIBED,BENIGN,0
P_00021,,1.0,RIGHT,MLO,1,3,5,mass,N/A,N/A,OVAL,CIRCUMSCRIBED,BENIGN,0
P_00023,,1.0,RIGHT,CC,1,5,4,mass,N/A,N/A,IRREGULAR,SPICULATED,MALIGNANT,1
P_00023,,1.0,RIGHT,MLO,1,5,4,mass,N/A,N/A,IRREGULAR,SPICULATED,MALIGNANT,1
P_00026,,2.0,LEFT,CC,1,3,3,mass,N/A,N/A,OVAL,OBSCURED,BENIGN,0
P_00026,,2.0,LEFT,MLO,1,3,3,mass,N/A,N/A,OVAL,OBSCURED,BENIGN,0
P_00027,,2.0,RIGHT,CC,1,4,3,mass,N/A,N/A,OVAL,ILL_DEFINED,BENIGN,0
P_00027,,2.0,RIGHT,MLO,1,4,4,mass,N/A,N/A,OVAL,CIRCUMSCRIBED,BENIGN,0
P_00034,,3.0,RIGHT,CC,1,5,4,mass,N/A,N/A,IRREGULAR,SPICULATED,MALIGNANT,1
P_00034,,3.0,RIGHT,MLO,1,5,4,mass,N/A,N/A,IRREGULAR,SPICULATED,MALIGNANT,1
P_00039,,2.0,RIGHT,CC,1,5,5,mass,N/A,N/A,IRREGULAR,SPICULATED,MALIGNANT,1
P_00039,,2.0,RIGHT,MLO,1,5,5,mass,N/A,N/A,IRREGULAR,SPICULATED,MALIGNANT,1
P_00041,,1.0,LEFT,CC,1,2,5,mass,N/A,N/A,LYMPH_NODE,CIRCUMSCRIBED,BENIGN_WITHOUT_CALLBACK,0
P_00041,,1.0,LEFT,MLO,1,2,5,mass,N/A,N/A,LOBULATED-LYMPH_NODE,CIRCUMSCRIBED,BENIGN_WITHOUT_CALLBACK,0
P_00044,,2.0,RIGHT,CC,1,3,5,mass,N/A,N/A,OVAL,CIRCUMSCRIBED,BENIGN,0
P_00044,,2.0,RIGHT,CC,2,3,5,mass,N/A,N/A,OVAL,CIRCUMSCRIBED,BENIGN,0
P_00044,,2.0,RIGHT,CC,3,3,5,mass,N/A,N/A,OVAL,CIRCUMSCRIBED,BENIGN,0
P_00044,,2.0,RIGHT,CC,4,3,5,mass,N/A,N/A,LOBULATED,CIRCUMSCRIBED,BENIGN,0
P_00044,,2.0,RIGHT,MLO,1,3,5,mass,N/A,N/A,LOBULATED,CIRCUMSCRIBED,BENIGN,0
P_00044,,2.0,RIGHT,MLO,2,3,5,mass,N/A,N/A,OVAL,CIRCUMSCRIBED,BENIGN,0
P_00045,,4.0,LEFT,CC,1,4,3,mass,N/A,N/A,FOCAL_ASYMMETRIC_DENSITY,ILL_DEFINED,MALIGNANT,1
P_00045,,4.0,LEFT,MLO,1,4,3,mass,N/A,N/A,FOCAL_ASYMMETRIC_DENSITY,ILL_DEFINED,MALIGNANT,1
P_00046,,3.0,RIGHT,MLO,1,3,1,mass,N/A,N/A,IRREGULAR,OBSCURED-ILL_DEFINED,MALIGNANT,1
P_00051,,2.0,LEFT,CC,1,5,5,mass,N/A,N/A,IRREGULAR,SPICULATED,MALIGNANT,1
P_00051,,2.0,LEFT,MLO,1,5,5,mass,N/A,N/A,IRREGULAR,SPICULATED,MALIGNANT,1
P_00054,,4.0,RIGHT,MLO,1,3,4,mass,N/A,N/A,OVAL,CIRCUMSCRIBED,BENIGN_WITHOUT_CALLBACK,0
P_00055,,2.0,LEFT,CC,1,0,3,mass,N/A,N/A,LOBULATED,CIRCUMSCRIBED,BENIGN,0
P_00057,,1.0,RIGHT,CC,1,5,5,mass,N/A,N/A,OVAL,SPICULATED,MALIGNANT,1
P_00057,,1.0,RIGHT,MLO,1,5,5,mass,N/A,N/A,OVAL,SPICULATED,MALIGNANT,1
P_00058,,2.0,RIGHT,CC,1,4,4,mass,N/A,N/A,IRREGULAR,ILL_DEFINED,MALIGNANT,1
P_00059,,1.0,LEFT,CC,1,3,4,mass,N/A,N/A,OVAL,OBSCURED,MALIGNANT,1
P_00059,,1.0,LEFT,MLO,1,3,4,mass,N/A,N/A,OVAL,OBSCURED,MALIGNANT,1
P_00061,,2.0,RIGHT,CC,1,3,4,mass,N/A,N/A,LOBULATED,CIRCUMSCRIBED,BENIGN,0
P_00061,,2.0,RIGHT,MLO,1,3,4,mass,N/A,N/A,OVAL,CIRCUMSCRIBED,BENIGN,0
P_00064,,3.0,RIGHT,MLO,1,3,4,mass,N/A,N/A,FOCAL_ASYMMETRIC_DENSITY,ILL_DEFINED,BENIGN_WITHOUT_CALLBACK,0
P_00065,,2.0,LEFT,CC,1,0,5,mass,N/A,N/A,OVAL,OBSCURED,BENIGN,0
P_00065,,2.0,LEFT,MLO,1,0,5,mass,N/A,N/A,OVAL,OBSCURED,BENIGN,0
P_00068,,3.0,RIGHT,CC,1,4,4,mass,N/A,N/A,IRREGULAR,SPICULATED,MALIGNANT,1
P_00068,,3.0,RIGHT,MLO,1,4,4,mass,N/A,N/A,IRREGULAR,SPICULATED,MALIGNANT,1
P_00074,,3.0,LEFT,MLO,1,5,5,mass,N/A,N/A,IRREGULAR,SPICULATED,MALIGNANT,1
P_00074,,3.0,RIGHT,CC,1,4,2,mass,N/A,N/A,IRREGULAR,ILL_DEFINED,MALIGNANT,1
P_00074,,3.0,RIGHT,MLO,1,4,2,mass,N/A,N/A,IRREGULAR,ILL_DEFINED,MALIGNANT,1
P_00076,,4.0,LEFT,CC,1,4,3,mass,N/A,N/A,OVAL,ILL_DEFINED,BENIGN,0
P_00076,,4.0,LEFT,MLO,1,4,3,mass,N/A,N/A,OVAL,ILL_DEFINED,BENIGN,0
P_00079,,2.0,RIGHT,CC,1,0,4,mass,N/A,N/A,ARCHITECTURAL_DISTORTION,N/A,MALIGNANT,1
P_00079,,2.0,RIGHT,MLO,1,0,4,mass,N/A,N/A,ARCHITECTURAL_DISTORTION,N/A,MALIGNANT,1
P_00080,,1.0,RIGHT,CC,1,5,5,mass,N/A,N/A,IRREGULAR,SPICULATED,MALIGNANT,1
P_00080,,1.0,RIGHT,MLO,1,5,5,mass,N/A,N/A,IRREGULAR,MICROLOBULATED,MALIGNANT,1
P_00081,,2.0,RIGHT,CC,1,4,5,mass,N/A,N/A,ROUND,CIRCUMSCRIBED,BENIGN,0
P_00081,,2.0,RIGHT,MLO,1,4,5,mass,N/A,N/A,ROUND,MICROLOBULATED,BENIGN,0
P_00086,,2.0,RIGHT,CC,1,4,4,mass,N/A,N/A,IRREGULAR-ARCHITECTURAL_DISTORTION,MICROLOBULATED-ILL_DEFINED-SPICULATED,MALIGNANT,1
P_00086,,2.0,RIGHT,MLO,1,4,4,mass,N/A,N/A,IRREGULAR-ARCHITECTURAL_DISTORTION,MICROLOBULATED-ILL_DEFINED-SPICULATED,MALIGNANT,1
P_00090,,2.0,LEFT,CC,1,3,3,mass,N/A,N/A,IRREGULAR,ILL_DEFINED,BENIGN,0
P_00090,,2.0,LEFT,MLO,1,4,4,mass,N/A,N/A,IRREGULAR,ILL_DEFINED,BENIGN,0
P_00092,,2.0,LEFT,CC,1,4,5,mass,N/A,N/A,OVAL,CIRCUMSCRIBED,MALIGNANT,1
P_00092,,2.0,LEFT,MLO,1,5,5,mass,N/A,N/A,OVAL,CIRCUMSCRIBED,MALIGNANT,1
P_00092,,2.0,LEFT,MLO,2,4,5,mass,N/A,N/A,ROUND,CIRCUMSCRIBED,MALIGNANT,1
P_00092,,2.0,RIGHT,CC,1,4,5,mass,N/A,N/A,ROUND,CIRCUMSCRIBED,MALIGNANT,1
P_00092,,2.0,RIGHT,MLO,1,4,5,mass,N/A,N/A,ROUND,CIRCUMSCRIBED,MALIGNANT,1
P_00092,,2.0,RIGHT,MLO,2,4,5,mass,N/A,N/A,ROUND,CIRCUMSCRIBED,MALIGNANT,1
P_00094,,3.0,RIGHT,CC,1,3,3,mass,N/A,N/A,OVAL,CIRCUMSCRIBED,BENIGN,0
P_00094,,3.0,RIGHT,MLO,1,3,2,mass,N/A,N/A,ROUND,OBSCURED,BENIGN,0
P_00095,,2.0,LEFT,CC,1,4,5,mass,N/A,N/A,LOBULATED-ARCHITECTURAL_DISTORTION,MICROLOBULATED-SPICULATED,MALIGNANT,1
P_00095,,2.0,LEFT,MLO,1,4,4,mass,N/A,N/A,LOBULATED,ILL_DEFINED,MALIGNANT,1
P_00096,,1.0,RIGHT,CC,1,3,3,mass,N/A,N/A,OVAL,OBSCURED,BENIGN,0
P_00096,,1.0,RIGHT,MLO,1,3,3,mass,N/A,N/A,OVAL,OBSCURED,BENIGN,0
P_00106,,1.0,LEFT,CC,1,2,4,mass,N/A,N/A,LYMPH_NODE,CIRCUMSCRIBED,BENIGN_WITHOUT_CALLBACK,0
P_00106,,1.0,LEFT,CC,2,2,4,mass,N/A,N/A,LYMPH_NODE,CIRCUMSCRIBED,BENIGN_WITHOUT_CALLBACK,0
P_00106,,1.0,LEFT,CC,3,2,4,mass,N/A,N/A,LYMPH_NODE,CIRCUMSCRIBED,BENIGN_WITHOUT_CALLBACK,0
P_00106,,1.0,LEFT,MLO,1,2,4,mass,N/A,N/A,LYMPH_NODE,CIRCUMSCRIBED,BENIGN_WITHOUT_CALLBACK,0
P_00106,,1.0,LEFT,MLO,2,2,4,mass,N/A,N/A,LYMPH_NODE,CIRCUMSCRIBED,BENIGN_WITHOUT_CALLBACK,0
P_00106,,1.0,LEFT,MLO,3,2,4,mass,N/A,N/A,LYMPH_NODE,CIRCUMSCRIBED,BENIGN_WITHOUT_CALLBACK,0
P_00106,,1.0,LEFT,MLO,4,2,4,mass,N/A,N/A,LYMPH_NODE,CIRCUMSCRIBED,BENIGN_WITHOUT_CALLBACK,0
P_00106,,1.0,LEFT,MLO,5,2,4,mass,N/A,N/A,LYMPH_NODE,CIRCUMSCRIBED,BENIGN_WITHOUT_CALLBACK,0
P_00106,,1.0,RIGHT,CC,2,2,4,mass,N/A,N/A,LYMPH_NODE,CIRCUMSCRIBED,BENIGN_WITHOUT_CALLBACK,0
P_00106,,1.0,RIGHT,CC,3,2,4,mass,N/A,N/A,LYMPH_NODE,CIRCUMSCRIBED,BENIGN_WITHOUT_CALLBACK,0
P_00106,,1.0,RIGHT,CC,4,2,4,mass,N/A,N/A,LYMPH_NODE,CIRCUMSCRIBED,BENIGN_WITHOUT_CALLBACK,0
P_00106,,1.0,RIGHT,MLO,1,2,4,mass,N/A,N/A,LYMPH_NODE,CIRCUMSCRIBED,BENIGN_WITHOUT_CALLBACK,0
P_00106,,1.0,RIGHT,MLO,2,2,4,mass,N/A,N/A,LYMPH_NODE,CIRCUMSCRIBED,BENIGN_WITHOUT_CALLBACK,0
P_00106,,1.0,RIGHT,MLO,3,2,4,mass,N/A,N/A,LYMPH_NODE,CIRCUMSCRIBED,BENIGN_WITHOUT_CALLBACK,0
P_00107,,2.0,RIGHT,MLO,1,3,3,mass,N/A,N/A,ROUND,CIRCUMSCRIBED,BENIGN_WITHOUT_CALLBACK,0
P_00108,,2.0,LEFT,CC,1,0,4,mass,N/A,N/A,OVAL,OBSCURED,BENIGN,0
P_00108,,2.0,LEFT,MLO,1,0,4,mass,N/A,N/A,OVAL,OBSCURED,BENIGN,0
P_00109,,3.0,LEFT,CC,1,4,1,mass,N/A,N/A,LOBULATED,ILL_DEFINED,BENIGN,0
P_00110,,3.0,LEFT,CC,1,5,5,mass,N/A,N/A,IRREGULAR,SPICULATED,MALIGNANT,1
P_00110,,3.0,LEFT,MLO,1,5,5,mass,N/A,N/A,IRREGULAR,SPICULATED,MALIGNANT,1
P_00110,,3.0,RIGHT,CC,1,4,3,mass,N/A,N/A,ROUND,ILL_DEFINED,MALIGNANT,1
P_00117,,2.0,LEFT,MLO,1,4,3,mass,N/A,N/A,LOBULATED,CIRCUMSCRIBED,BENIGN,0
P_00119,,2.0,LEFT,CC,1,3,4,mass,N/A,N/A,LOBULATED,CIRCUMSCRIBED,BENIGN,0
P_00119,,2.0,LEFT,MLO,1,3,4,mass,N/A,N/A,LOBULATED,CIRCUMSCRIBED,BENIGN,0
P_00120,,4.0,LEFT,CC,1,4,5,mass,N/A,N/A,ROUND,OBSCURED,BENIGN,0
P_00120,,4.0,LEFT,MLO,1,4,5,mass,N/A,N/A,ROUND,OBSCURED,BENIGN,0
P_00122,,2.0,RIGHT,MLO,1,3,4,mass,N/A,N/A,LOBULATED,CIRCUMSCRIBED,BENIGN_WITHOUT_CALLBACK,0
P_00128,,3.0,LEFT,CC,1,4,2,mass,N/A,N/A,ARCHITECTURAL_DISTORTION,ILL_DEFINED,MALIGNANT,1
P_00133,,1.0,LEFT,CC,1,5,5,mass,N/A,N/A,IRREGULAR,SPICULATED,MALIGNANT,1
P_00133,,1.0,LEFT,MLO,1,5,5,mass,N/A,N/A,IRREGULAR,ILL_DEFINED,MALIGNANT,1
P_00134,,3.0,LEFT,CC,1,4,3,mass,N/A,N/A,ROUND,ILL_DEFINED,MALIGNANT,1
P_00134,,3.0,LEFT,MLO,1,4,3,mass,N/A,N/A,ROUND,ILL_DEFINED,MALIGNANT,1
P_00137,,4.0,LEFT,CC,1,3,3,mass,N/A,N/A,ROUND,CIRCUMSCRIBED,BENIGN,0
P_00137,,4.0,LEFT,MLO,1,3,3,mass,N/A,N/A,ROUND,CIRCUMSCRIBED,BENIGN,0
P_00146,,1.0,RIGHT,CC,1,5,5,mass,N/A,N/A,LOBULATED,MICROLOBULATED,MALIGNANT,1
P_00146,,1.0,RIGHT,MLO,1,5,5,mass,N/A,N/A,LOBULATED,MICROLOBULATED,MALIGNANT,1
P_00148,,2.0,RIGHT,CC,1,4,4,mass,N/A,N/A,LOBULATED,CIRCUMSCRIBED-ILL_DEFINED,MALIGNANT,1
P_00148,,2.0,RIGHT,MLO,1,4,4,mass,N/A,N/A,IRREGULAR,MICROLOBULATED-ILL_DEFINED,MALIGNANT,1
P_00149,,1.0,LEFT,CC,1,5,5,mass,N/A,N/A,IRREGULAR,SPICULATED,MALIGNANT,1
P_00149,,1.0,LEFT,MLO,1,3,3,mass,N/A,N/A,LOBULATED,OBSCURED,MALIGNANT,1
P_00160,,1.0,LEFT,CC,1,4,5,mass,N/A,N/A,OVAL,MICROLOBULATED,MALIGNANT,1
P_00160,,1.0,LEFT,MLO,1,4,5,mass,N/A,N/A,OVAL,MICROLOBULATED,MALIGNANT,1
P_00160,,1.0,RIGHT,CC,1,3,5,mass,N/A,N/A,OVAL,CIRCUMSCRIBED,BENIGN,0
P_00160,,1.0,RIGHT,MLO,1,3,5,mass,N/A,N/A,OVAL,CIRCUMSCRIBED,BENIGN,0
P_00166,,2.0,RIGHT,CC,1,4,4,mass,N/A,N/A,FOCAL_ASYMMETRIC_DENSITY,ILL_DEFINED,BENIGN,0
P_00166,,2.0,RIGHT,MLO,1,4,4,mass,N/A,N/A,FOCAL_ASYMMETRIC_DENSITY,ILL_DEFINED,BENIGN,0
P_00169,,4.0,RIGHT,MLO,1,4,5,mass,N/A,N/A,IRREGULAR,SPICULATED,BENIGN_WITHOUT_CALLBACK,0
P_00172,,4.0,LEFT,CC,1,5,5,mass,N/A,N/A,IRREGULAR,SPICULATED,MALIGNANT,1
P_00172,,4.0,LEFT,MLO,1,5,5,mass,N/A,N/A,IRREGULAR,SPICULATED,MALIGNANT,1
P_00174,,1.0,RIGHT,CC,1,5,5,mass,N/A,N/A,IRREGULAR,SPICULATED,MALIGNANT,1
P_00174,,1.0,RIGHT,MLO,1,5,5,mass,N/A,N/A,IRREGULAR,SPICULATED,MALIGNANT,1
P_00175,,4.0,RIGHT,CC,1,4,3,mass,N/A,N/A,IRREGULAR,OBSCURED,MALIGNANT,1
P_00175,,4.0,RIGHT,MLO,1,4,3,mass,N/A,N/A,IRREGULAR-ARCHITECTURAL_DISTORTION,OBSCURED-ILL_DEFINED,MALIGNANT,1
P_00187,,2.0,LEFT,CC,1,4,5,mass,N/A,N/A,OVAL,CIRCUMSCRIBED,BENIGN,0
P_00187,,2.0,LEFT,MLO,1,4,3,mass,N/A,N/A,OVAL,ILL_DEFINED,BENIGN,0
P_00190,,4.0,LEFT,MLO,1,5,5,mass,N/A,N/A,IRREGULAR,SPICULATED,MALIGNANT,1
P_00199,,1.0,LEFT,CC,1,5,5,mass,N/A,N/A,LOBULATED,CIRCUMSCRIBED,MALIGNANT,1
P_00199,,1.0,LEFT,MLO,1,5,5,mass,N/A,N/A,LOBULATED,CIRCUMSCRIBED,MALIGNANT,1
P_00205,,2.0,RIGHT,CC,1,4,5,mass,N/A,N/A,OVAL,CIRCUMSCRIBED,BENIGN,0
P_00205,,2.0,RIGHT,MLO,1,4,5,mass,N/A,N/A,OVAL,CIRCUMSCRIBED,BENIGN,0
P_00206,,3.0,RIGHT,MLO,1,3,4,mass,N/A,N/A,OVAL,OBSCURED,BENIGN,0
P_00207,,1.0,LEFT,CC,1,4,5,mass,N/A,N/A,OVAL,MICROLOBULATED,MALIGNANT,1
P_00207,,1.0,LEFT,CC,2,4,5,mass,N/A,N/A,OVAL,MICROLOBULATED,MALIGNANT,1
P_00207,,1.0,LEFT,CC,3,4,5,mass,N/A,N/A,OVAL,MICROLOBULATED,MALIGNANT,1
P_00207,,1.0,LEFT,MLO,1,4,5,mass,N/A,N/A,OVAL,MICROLOBULATED,MALIGNANT,1
P_00207,,1.0,LEFT,MLO,2,4,5,mass,N/A,N/A,OVAL,MICROLOBULATED,MALIGNANT,1
P_00207,,1.0,LEFT,MLO,3,4,5,mass,N/A,N/A,OVAL,MICROLOBULATED,MALIGNANT,1
P_00208,,3.0,RIGHT,MLO,3,3,5,mass,N/A,N/A,LOBULATED,CIRCUMSCRIBED,BENIGN,0
P_00215,,3.0,RIGHT,CC,1,3,5,mass,N/A,N/A,ROUND,CIRCUMSCRIBED,BENIGN,0
P_00217,,3.0,LEFT,CC,1,3,2,mass,N/A,N/A,IRREGULAR,OBSCURED-ILL_DEFINED,MALIGNANT,1
P_00218,,3.0,LEFT,CC,1,4,2,mass,N/A,N/A,OVAL,ILL_DEFINED,MALIGNANT,1
P_00218,,3.0,LEFT,MLO,1,4,2,mass,N/A,N/A,OVAL,ILL_DEFINED,MALIGNANT,1
P_00219,,3.0,RIGHT,CC,1,4,3,mass,N/A,N/A,IRREGULAR,OBSCURED-ILL_DEFINED,BENIGN,0
P_00221,,2.0,RIGHT,MLO,1,3,3,mass,N/A,N/A,ROUND,CIRCUMSCRIBED,BENIGN,0
P_00224,,3.0,LEFT,CC,1,3,4,mass,N/A,N/A,ROUND,CIRCUMSCRIBED,BENIGN,0
P_00224,,3.0,LEFT,MLO,1,3,5,mass,N/A,N/A,OVAL,CIRCUMSCRIBED,BENIGN,0
P_00224,,3.0,RIGHT,CC,1,3,3,mass,N/A,N/A,LOBULATED,ILL_DEFINED,BENIGN,0
P_00224,,3.0,RIGHT,MLO,1,3,4,mass,N/A,N/A,LOBULATED,CIRCUMSCRIBED,BENIGN,0
P_00225,,1.0,RIGHT,CC,1,4,4,mass,N/A,N/A,OVAL,OBSCURED,BENIGN,0
P_00225,,1.0,RIGHT,MLO,1,4,4,mass,N/A,N/A,OVAL,OBSCURED,BENIGN,0
P_00226,,4.0,LEFT,CC,1,3,1,mass,N/A,N/A,FOCAL_ASYMMETRIC_DENSITY,N/A,MALIGNANT,1
P_00226,,4.0,LEFT,MLO,1,3,1,mass,N/A,N/A,FOCAL_ASYMMETRIC_DENSITY,N/A,MALIGNANT,1
P_00229,,2.0,LEFT,CC,1,3,5,mass,N/A,N/A,ROUND,MICROLOBULATED,BENIGN_WITHOUT_CALLBACK,0
P_00229,,2.0,LEFT,MLO,1,3,3,mass,N/A,N/A,ASYMMETRIC_BREAST_TISSUE,N/A,BENIGN_WITHOUT_CALLBACK,0
P_00231,,3.0,LEFT,CC,1,3,1,mass,N/A,N/A,OVAL,OBSCURED,BENIGN,0
P_00231,,3.0,LEFT,MLO,1,3,5,mass,N/A,N/A,OVAL,CIRCUMSCRIBED,BENIGN,0
P_00234,,3.0,LEFT,CC,1,3,3,mass,N/A,N/A,ROUND,OBSCURED,BENIGN,0
P_00235,,2.0,RIGHT,CC,1,5,2,mass,N/A,N/A,IRREGULAR,SPICULATED,MALIGNANT,1
P_00235,,2.0,RIGHT,MLO,1,5,2,mass,N/A,N/A,IRREGULAR,SPICULATED,MALIGNANT,1
P_00236,,2.0,RIGHT,MLO,1,5,4,mass,N/A,N/A,OVAL,ILL_DEFINED,MALIGNANT,1
P_00239,,2.0,RIGHT,CC,1,4,5,mass,N/A,N/A,OVAL,MICROLOBULATED,BENIGN,0
P_00239,,2.0,RIGHT,MLO,1,4,4,mass,N/A,N/A,OVAL,MICROLOBULATED,BENIGN,0
P_00240,,2.0,RIGHT,CC,1,4,3,mass,N/A,N/A,IRREGULAR,ILL_DEFINED,MALIGNANT,1
P_00240,,2.0,RIGHT,MLO,1,4,3,mass,N/A,N/A,IRREGULAR,SPICULATED,MALIGNANT,1
P_00241,,2.0,RIGHT,CC,1,4,5,mass,N/A,N/A,IRREGULAR,SPICULATED,MALIGNANT,1
P_00241,,2.0,RIGHT,MLO,1,4,4,mass,N/A,N/A,IRREGULAR,SPICULATED,MALIGNANT,1
P_00242,,2.0,RIGHT,CC,1,4,5,mass,N/A,N/A,LOBULATED,CIRCUMSCRIBED,BENIGN,0
P_00242,,2.0,RIGHT,MLO,1,4,3,mass,N/A,N/A,OVAL,CIRCUMSCRIBED,BENIGN,0
P_00247,,3.0,RIGHT,CC,1,4,4,mass,N/A,N/A,LOBULATED,OBSCURED,BENIGN,0
P_00247,,3.0,RIGHT,MLO,1,4,3,mass,N/A,N/A,LOBULATED,OBSCURED,BENIGN,0
P_00248,,2.0,LEFT,MLO,1,5,5,mass,N/A,N/A,IRREGULAR,SPICULATED,MALIGNANT,1
P_00254,,3.0,LEFT,CC,1,4,4,mass,N/A,N/A,LOBULATED,ILL_DEFINED,MALIGNANT,1
P_00254,,3.0,LEFT,MLO,1,4,4,mass,N/A,N/A,LOBULATED-IRREGULAR,ILL_DEFINED,MALIGNANT,1
P_00259,,1.0,RIGHT,CC,1,5,4,mass,N/A,N/A,IRREGULAR,ILL_DEFINED,MALIGNANT,1
P_00259,,1.0,RIGHT,MLO,1,5,4,mass,N/A,N/A,IRREGULAR,MICROLOBULATED,MALIGNANT,1
P_00264,,2.0,LEFT,CC,1,3,5,mass,N/A,N/A,ROUND,OBSCURED,MALIGNANT,1
P_00264,,2.0,LEFT,MLO,1,3,5,mass,N/A,N/A,OVAL,OBSCURED,MALIGNANT,1
P_00265,,1.0,RIGHT,CC,1,5,5,mass,N/A,N/A,LOBULATED,MICROLOBULATED,MALIGNANT,1
P_00265,,1.0,RIGHT,MLO,1,5,5,mass,N/A,N/A,LOBULATED,MICROLOBULATED,MALIGNANT,1
P_00273,,2.0,LEFT,CC,1,4,4,mass,N/A,N/A,LOBULATED,OBSCURED,BENIGN,0
P_00279,,3.0,LEFT,CC,1,0,4,mass,N/A,N/A,ROUND,OBSCURED,BENIGN,0
P_00281,,3.0,LEFT,MLO,1,4,2,mass,N/A,N/A,ARCHITECTURAL_DISTORTION,ILL_DEFINED,BENIGN,0
P_00283,,3.0,RIGHT,CC,1,4,4,mass,N/A,N/A,IRREGULAR,ILL_DEFINED,MALIGNANT,1
P_00283,,3.0,RIGHT,MLO,1,4,4,mass,N/A,N/A,IRREGULAR,ILL_DEFINED,MALIGNANT,1
P_00287,,2.0,RIGHT,CC,1,5,5,mass,N/A,N/A,IRREGULAR,SPICULATED,MALIGNANT,1
P_00287,,2.0,RIGHT,MLO,1,5,5,mass,N/A,N/A,IRREGULAR,SPICULATED,MALIGNANT,1
P_00289,,3.0,LEFT,CC,1,3,4,mass,N/A,N/A,ROUND,CIRCUMSCRIBED,BENIGN,0
P_00289,,3.0,LEFT,MLO,1,3,4,mass,N/A,N/A,ROUND,CIRCUMSCRIBED,BENIGN,0
P_00294,,2.0,LEFT,CC,1,4,5,mass,N/A,N/A,LOBULATED,CIRCUMSCRIBED,BENIGN,0
P_00294,,2.0,LEFT,MLO,1,4,5,mass,N/A,N/A,LOBULATED,CIRCUMSCRIBED,BENIGN,0
P_00298,,3.0,LEFT,CC,1,4,5,mass,N/A,N/A,ROUND,ILL_DEFINED,BENIGN,0
P_00298,,3.0,LEFT,MLO,1,4,5,mass,N/A,N/A,OVAL,ILL_DEFINED,BENIGN,0
P_00303,,2.0,LEFT,CC,1,3,5,mass,N/A,N/A,LOBULATED,CIRCUMSCRIBED,BENIGN,0
P_00303,,2.0,LEFT,MLO,1,3,5,mass,N/A,N/A,OVAL,CIRCUMSCRIBED,BENIGN,0
P_00303,,2.0,RIGHT,CC,1,3,5,mass,N/A,N/A,OVAL,CIRCUMSCRIBED,BENIGN,0
P_00303,,2.0,RIGHT,MLO,1,3,3,mass,N/A,N/A,ROUND,CIRCUMSCRIBED,BENIGN,0
P_00304,,3.0,LEFT,MLO,1,0,4,mass,N/A,N/A,IRREGULAR,ILL_DEFINED,BENIGN,0
P_00309,,2.0,LEFT,CC,1,3,5,mass,N/A,N/A,OVAL,CIRCUMSCRIBED,BENIGN,0
P_00309,,2.0,LEFT,CC,2,3,5,mass,N/A,N/A,OVAL,CIRCUMSCRIBED,BENIGN,0
P_00309,,2.0,LEFT,MLO,1,3,5,mass,N/A,N/A,OVAL,CIRCUMSCRIBED,BENIGN,0
P_00309,,2.0,LEFT,MLO,2,3,5,mass,N/A,N/A,OVAL,CIRCUMSCRIBED,BENIGN,0
P_00313,,2.0,RIGHT,CC,1,4,4,mass,N/A,N/A,LOBULATED,ILL_DEFINED,MALIGNANT,1
P_00313,,2.0,RIGHT,MLO,1,4,4,mass,N/A,N/A,LOBULATED,ILL_DEFINED,MALIGNANT,1
P_00314,,1.0,RIGHT,CC,1,5,5,mass,N/A,N/A,LOBULATED,MICROLOBULATED,MALIGNANT,1
P_00314,,1.0,RIGHT,MLO,1,5,5,mass,N/A,N/A,LOBULATED,MICROLOBULATED,MALIGNANT,1
P_00317,,2.0,RIGHT,MLO,1,5,3,mass,N/A,N/A,IRREGULAR,ILL_DEFINED,MALIGNANT,1
P_00319,,1.0,LEFT,CC,1,5,5,mass,N/A,N/A,OVAL,SPICULATED,MALIGNANT,1
P_00319,,1.0,LEFT,MLO,1,5,5,mass,N/A,N/A,OVAL,SPICULATED,MALIGNANT,1
P_00320,,3.0,LEFT,CC,1,3,3,mass,N/A,N/A,LOBULATED,CIRCUMSCRIBED,BENIGN,0
P_00320,,3.0,LEFT,MLO,1,4,2,mass,N/A,N/A,OVAL,CIRCUMSCRIBED-OBSCURED,BENIGN,0
P_00328,,3.0,LEFT,MLO,1,2,5,mass,N/A,N/A,ARCHITECTURAL_DISTORTION,ILL_DEFINED,BENIGN_WITHOUT_CALLBACK,0
P_00328,,3.0,RIGHT,CC,1,4,3,mass,N/A,N/A,ARCHITECTURAL_DISTORTION,ILL_DEFINED-SPICULATED,MALIGNANT,1
P_00328,,3.0,RIGHT,CC,2,4,3,mass,N/A,N/A,ARCHITECTURAL_DISTORTION,ILL_DEFINED-SPICULATED,MALIGNANT,1
P_00328,,3.0,RIGHT,MLO,1,4,4,mass,N/A,N/A,ARCHITECTURAL_DISTORTION,ILL_DEFINED-SPICULATED,MALIGNANT,1
P_00328,,3.0,RIGHT,MLO,2,4,4,mass,N/A,N/A,ARCHITECTURAL_DISTORTION,ILL_DEFINED-SPICULATED,MALIGNANT,1
P_00330,,2.0,LEFT,CC,1,4,5,mass,N/A,N/A,LOBULATED,OBSCURED,BENIGN,0
P_00330,,2.0,LEFT,MLO,1,4,5,mass,N/A,N/A,LOBULATED,OBSCURED,BENIGN,0
P_00332,,1.0,LEFT,CC,1,4,5,mass,N/A,N/A,LOBULATED,CIRCUMSCRIBED,BENIGN,0
P_00332,,1.0,LEFT,MLO,1,4,5,mass,N/A,N/A,LOBULATED,CIRCUMSCRIBED,BENIGN,0
P_00332,,1.0,RIGHT,CC,1,4,5,mass,N/A,N/A,LOBULATED,CIRCUMSCRIBED,BENIGN,0
P_00332,,1.0,RIGHT,MLO,1,4,5,mass,N/A,N/A,LOBULATED,CIRCUMSCRIBED,BENIGN,0
P_00333,,2.0,RIGHT,CC,1,0,3,mass,N/A,N/A,OVAL,OBSCURED,BENIGN,0
P_00333,,2.0,RIGHT,MLO,1,0,3,mass,N/A,N/A,OVAL,OBSCURED,BENIGN,0
P_00334,,3.0,LEFT,MLO,1,3,4,mass,N/A,N/A,OVAL,ILL_DEFINED,BENIGN,0
P_00335,,2.0,LEFT,MLO,1,5,5,mass,N/A,N/A,IRREGULAR,ILL_DEFINED,MALIGNANT,1
P_00342,,1.0,RIGHT,CC,1,3,5,mass,N/A,N/A,LOBULATED,CIRCUMSCRIBED,BENIGN_WITHOUT_CALLBACK,0
P_00342,,1.0,RIGHT,MLO,1,3,5,mass,N/A,N/A,LOBULATED,CIRCUMSCRIBED,BENIGN_WITHOUT_CALLBACK,0
P_00342,,1.0,RIGHT,MLO,2,3,5,mass,N/A,N/A,ROUND,CIRCUMSCRIBED,BENIGN_WITHOUT_CALLBACK,0
P_00342,,1.0,RIGHT,MLO,3,3,5,mass,N/A,N/A,OVAL,CIRCUMSCRIBED,BENIGN_WITHOUT_CALLBACK,0
P_00348,,4.0,LEFT,CC,1,4,3,mass,N/A,N/A,IRREGULAR,ILL_DEFINED,BENIGN,0
P_00348,,4.0,LEFT,MLO,1,4,3,mass,N/A,N/A,IRREGULAR,ILL_DEFINED,BENIGN,0
P_00351,,2.0,LEFT,CC,1,3,5,mass,N/A,N/A,OVAL,CIRCUMSCRIBED,BENIGN,0
P_00351,,2.0,LEFT,MLO,1,3,5,mass,N/A,N/A,OVAL,CIRCUMSCRIBED,BENIGN,0
P_00354,,2.0,LEFT,CC,1,5,4,mass,N/A,N/A,IRREGULAR,SPICULATED,MALIGNANT,1
P_00354,,2.0,LEFT,MLO,1,5,4,mass,N/A,N/A,IRREGULAR,SPICULATED,MALIGNANT,1
P_00356,,2.0,LEFT,CC,1,4,5,mass,N/A,N/A,IRREGULAR,ILL_DEFINED,MALIGNANT,1
P_00361,,4.0,RIGHT,MLO,1,3,3,mass,N/A,N/A,ROUND,SPICULATED,MALIGNANT,1
P_00363,,2.0,LEFT,CC,1,5,5,mass,N/A,N/A,OVAL,SPICULATED,MALIGNANT,1
P_00363,,2.0,LEFT,MLO,1,5,5,mass,N/A,N/A,OVAL,SPICULATED,MALIGNANT,1
P_00366,,2.0,RIGHT,CC,1,3,4,mass,N/A,N/A,OVAL,CIRCUMSCRIBED,BENIGN,0
P_00366,,2.0,RIGHT,MLO,1,3,4,mass,N/A,N/A,OVAL,CIRCUMSCRIBED,BENIGN,0
P_00370,,2.0,RIGHT,CC,1,4,1,mass,N/A,N/A,IRREGULAR,ILL_DEFINED,MALIGNANT,1
P_00370,,2.0,RIGHT,MLO,1,4,1,mass,N/A,N/A,IRREGULAR,ILL_DEFINED,MALIGNANT,1
P_00376,,1.0,RIGHT,CC,1,2,3,mass,N/A,N/A,LYMPH_NODE,N/A,BENIGN_WITHOUT_CALLBACK,0
P_00376,,1.0,RIGHT,MLO,1,2,3,mass,N/A,N/A,LYMPH_NODE,N/A,BENIGN_WITHOUT_CALLBACK,0
P_00376,,1.0,RIGHT,MLO,2,2,3,mass,N/A,N/A,LYMPH_NODE,N/A,BENIGN_WITHOUT_CALLBACK,0
P_00376,,1.0,RIGHT,MLO,3,2,3,mass,N/A,N/A,LYMPH_NODE,N/A,BENIGN_WITHOUT_CALLBACK,0
P_00376,,1.0,RIGHT,MLO,4,2,3,mass,N/A,N/A,LYMPH_NODE,N/A,BENIGN_WITHOUT_CALLBACK,0
P_00383,,1.0,LEFT,MLO,1,5,2,mass,N/A,N/A,IRREGULAR,SPICULATED,MALIGNANT,1
P_00384,,2.0,RIGHT,CC,1,0,5,mass,N/A,N/A,LOBULATED,OBSCURED,BENIGN,0
P_00384,,2.0,RIGHT,MLO,1,0,5,mass,N/A,N/A,LOBULATED,OBSCURED,BENIGN,0
P_00385,,2.0,RIGHT,CC,1,2,4,mass,N/A,N/A,ASYMMETRIC_BREAST_TISSUE,N/A,BENIGN_WITHOUT_CALLBACK,0
P_00385,,2.0,RIGHT,MLO,1,2,5,mass,N/A,N/A,ASYMMETRIC_BREAST_TISSUE,N/A,BENIGN_WITHOUT_CALLBACK,0
P_00386,,1.0,LEFT,CC,1,5,5,mass,N/A,N/A,OVAL,SPICULATED,MALIGNANT,1
P_00386,,1.0,LEFT,MLO,1,5,5,mass,N/A,N/A,OVAL,SPICULATED,MALIGNANT,1
P_00389,,4.0,LEFT,MLO,1,4,3,mass,N/A,N/A,ROUND,OBSCURED,BENIGN,0
P_00396,,2.0,LEFT,CC,1,5,3,mass,N/A,N/A,OVAL,ILL_DEFINED,MALIGNANT,1
P_00396,,2.0,LEFT,MLO,1,5,3,mass,N/A,N/A,OVAL,ILL_DEFINED,MALIGNANT,1
P_00399,,1.0,RIGHT,CC,1,5,5,mass,N/A,N/A,LOBULATED,MICROLOBULATED,MALIGNANT,1
P_00399,,1.0,RIGHT,MLO,1,5,5,mass,N/A,N/A,OVAL,MICROLOBULATED,MALIGNANT,1
P_00401,,2.0,LEFT,CC,1,3,4,mass,N/A,N/A,OVAL,CIRCUMSCRIBED,BENIGN,0
P_00401,,2.0,LEFT,MLO,1,3,4,mass,N/A,N/A,OVAL,CIRCUMSCRIBED,BENIGN,0
P_00406,,4.0,RIGHT,CC,1,5,4,mass,N/A,N/A,IRREGULAR,SPICULATED,MALIGNANT,1
P_00406,,4.0,RIGHT,MLO,1,5,4,mass,N/A,N/A,IRREGULAR,SPICULATED,MALIGNANT,1
P_00408,,3.0,RIGHT,CC,1,4,3,mass,N/A,N/A,ROUND,ILL_DEFINED,MALIGNANT,1
P_00408,,3.0,RIGHT,MLO,1,4,3,mass,N/A,N/A,ROUND,ILL_DEFINED,MALIGNANT,1
P_00411,,1.0,RIGHT,CC,1,3,5,mass,N/A,N/A,LOBULATED,CIRCUMSCRIBED,BENIGN,0
P_00411,,1.0,RIGHT,MLO,1,3,4,mass,N/A,N/A,LOBULATED,OBSCURED,BENIGN,0
P_00412,,2.0,RIGHT,CC,1,4,5,mass,N/A,N/A,LOBULATED,CIRCUMSCRIBED,BENIGN,0
P_00412,,2.0,RIGHT,MLO,1,4,5,mass,N/A,N/A,LOBULATED,CIRCUMSCRIBED,BENIGN,0
P_00413,,4.0,LEFT,CC,1,4,4,mass,N/A,N/A,IRREGULAR-ARCHITECTURAL_DISTORTION,ILL_DEFINED-SPICULATED,MALIGNANT,1
P_00413,,4.0,LEFT,MLO,1,4,4,mass,N/A,N/A,IRREGULAR-ARCHITECTURAL_DISTORTION,ILL_DEFINED-SPICULATED,MALIGNANT,1
P_00414,,3.0,LEFT,CC,1,5,5,mass,N/A,N/A,IRREGULAR,SPICULATED,MALIGNANT,1
P_00414,,3.0,LEFT,MLO,1,5,5,mass,N/A,N/A,IRREGULAR,SPICULATED,MALIGNANT,1
P_00415,,2.0,RIGHT,CC,1,4,5,mass,N/A,N/A,LOBULATED,CIRCUMSCRIBED,MALIGNANT,1
P_00415,,2.0,RIGHT,MLO,1,4,5,mass,N/A,N/A,LOBULATED,CIRCUMSCRIBED,MALIGNANT,1
P_00417,,3.0,RIGHT,CC,1,4,4,mass,N/A,N/A,OVAL,MICROLOBULATED,BENIGN,0
P_00417,,3.0,RIGHT,MLO,1,4,4,mass,N/A,N/A,LOBULATED,MICROLOBULATED,BENIGN,0
P_00419,,2.0,LEFT,CC,1,3,5,mass,N/A,N/A,OVAL,CIRCUMSCRIBED,BENIGN,0
P_00419,,2.0,LEFT,CC,2,5,5,mass,N/A,N/A,N/A,ILL_DEFINED,MALIGNANT,1
P_00419,,2.0,LEFT,MLO,1,5,5,mass,N/A,N/A,N/A,ILL_DEFINED,MALIGNANT,1
P_00419,,2.0,LEFT,MLO,2,3,5,mass,N/A,N/A,OVAL,CIRCUMSCRIBED,BENIGN,0
P_00419,,2.0,RIGHT,CC,1,3,5,mass,N/A,N/A,LOBULATED,CIRCUMSCRIBED,BENIGN,0
P_00419,,2.0,RIGHT,MLO,1,3,5,mass,N/A,N/A,OVAL,CIRCUMSCRIBED,BENIGN,0
P_00420,,1.0,RIGHT,CC,1,4,3,mass,N/A,N/A,IRREGULAR,ILL_DEFINED,MALIGNANT,1
P_00420,,1.0,RIGHT,CC,2,4,3,mass,N/A,N/A,IRREGULAR,ILL_DEFINED,MALIGNANT,1
P_00420,,1.0,RIGHT,MLO,1,4,3,mass,N/A,N/A,IRREGULAR,ILL_DEFINED,MALIGNANT,1
P_00420,,1.0,RIGHT,MLO,2,4,3,mass,N/A,N/A,IRREGULAR,ILL_DEFINED,MALIGNANT,1
P_00421,,1.0,LEFT,CC,1,3,4,mass,N/A,N/A,LOBULATED,CIRCUMSCRIBED,BENIGN,0
P_00421,,1.0,LEFT,MLO,1,3,5,mass,N/A,N/A,LOBULATED,CIRCUMSCRIBED,BENIGN,0
P_00423,,3.0,RIGHT,CC,1,0,4,mass,N/A,N/A,IRREGULAR,SPICULATED,MALIGNANT,1
P_00426,,3.0,RIGHT,CC,1,4,5,mass,N/A,N/A,OVAL,CIRCUMSCRIBED,BENIGN,0
P_00426,,3.0,RIGHT,MLO,1,4,5,mass,N/A,N/A,OVAL,CIRCUMSCRIBED,BENIGN,0
P_00427,,2.0,RIGHT,MLO,1,4,1,mass,N/A,N/A,LOBULATED,ILL_DEFINED,BENIGN,0
P_00428,,2.0,LEFT,CC,1,4,4,mass,N/A,N/A,OVAL,ILL_DEFINED,BENIGN,0
P_00430,,3.0,LEFT,CC,1,4,4,mass,N/A,N/A,LOBULATED,CIRCUMSCRIBED-ILL_DEFINED,BENIGN,0
P_00430,,3.0,LEFT,MLO,1,4,4,mass,N/A,N/A,LOBULATED,CIRCUMSCRIBED,BENIGN,0
P_00431,,3.0,RIGHT,CC,1,4,5,mass,N/A,N/A,LOBULATED,CIRCUMSCRIBED,BENIGN,0
P_00431,,3.0,RIGHT,MLO,2,4,5,mass,N/A,N/A,LOBULATED,OBSCURED,BENIGN,0
P_00432,,1.0,LEFT,CC,1,4,3,mass,N/A,N/A,IRREGULAR,SPICULATED,MALIGNANT,1
P_00432,,1.0,LEFT,CC,2,4,3,mass,N/A,N/A,IRREGULAR,SPICULATED,MALIGNANT,1
P_00432,,1.0,LEFT,MLO,1,4,3,mass,N/A,N/A,IRREGULAR,SPICULATED,MALIGNANT,1
P_00432,,1.0,LEFT,MLO,2,4,3,mass,N/A,N/A,IRREGULAR,SPICULATED,MALIGNANT,1
P_00435,,3.0,RIGHT,MLO,1,5,5,mass,N/A,N/A,ARCHITECTURAL_DISTORTION,SPICULATED,MALIGNANT,1
P_00436,,3.0,LEFT,CC,1,3,5,mass,N/A,N/A,LOBULATED,MICROLOBULATED,BENIGN,0
P_00436,,3.0,LEFT,MLO,1,3,5,mass,N/A,N/A,LOBULATED,MICROLOBULATED,BENIGN,0
P_00437,,4.0,LEFT,CC,1,3,2,mass,N/A,N/A,OVAL,OBSCURED,BENIGN,0
P_00437,,4.0,LEFT,MLO,1,3,2,mass,N/A,N/A,OVAL,OBSCURED,BENIGN,0
P_00439,,1.0,RIGHT,CC,1,4,5,mass,N/A,N/A,ARCHITECTURAL_DISTORTION,SPICULATED,MALIGNANT,1
P_00439,,1.0,RIGHT,MLO,1,3,1,mass,N/A,N/A,ARCHITECTURAL_DISTORTION,N/A,MALIGNANT,1
P_00440,,3.0,RIGHT,MLO,1,4,2,mass,N/A,N/A,IRREGULAR,SPICULATED,MALIGNANT,1
P_00441,,2.0,RIGHT,MLO,1,4,4,mass,N/A,N/A,OVAL,ILL_DEFINED,BENIGN,0
P_00442,,1.0,RIGHT,CC,1,4,5,mass,N/A,N/A,LOBULATED,CIRCUMSCRIBED,BENIGN,0
P_00442,,1.0,RIGHT,MLO,1,4,5,mass,N/A,N/A,LOBULATED,CIRCUMSCRIBED,BENIGN,0
P_00444,,4.0,LEFT,CC,1,4,3,mass,N/A,N/A,OVAL,SPICULATED,MALIGNANT,1
P_00444,,4.0,LEFT,MLO,1,4,3,mass,N/A,N/A,OVAL,SPICULATED,MALIGNANT,1
P_00450,,3.0,LEFT,CC,1,4,4,mass,N/A,N/A,IRREGULAR,ILL_DEFINED,MALIGNANT,1
P_00450,,3.0,LEFT,MLO,1,4,2,mass,N/A,N/A,IRREGULAR,ILL_DEFINED,MALIGNANT,1
P_00451,,2.0,LEFT,CC,1,3,5,mass,N/A,N/A,LOBULATED,CIRCUMSCRIBED,BENIGN,0
P_00451,,2.0,LEFT,MLO,1,3,5,mass,N/A,N/A,LOBULATED,CIRCUMSCRIBED,BENIGN,0
P_00453,,1.0,LEFT,CC,1,0,5,mass,N/A,N/A,IRREGULAR,OBSCURED,BENIGN,0
P_00453,,1.0,LEFT,MLO,1,0,5,mass,N/A,N/A,IRREGULAR,OBSCURED,BENIGN,0
P_00454,,2.0,RIGHT,CC,1,0,4,mass,N/A,N/A,ROUND,OBSCURED,BENIGN,0
P_00454,,2.0,RIGHT,MLO,1,0,4,mass,N/A,N/A,ROUND,OBSCURED,BENIGN,0
P_00462,,2.0,LEFT,CC,1,4,5,mass,N/A,N/A,OVAL,CIRCUMSCRIBED,BENIGN,0
P_00462,,2.0,LEFT,MLO,1,4,5,mass,N/A,N/A,ROUND,OBSCURED,BENIGN,0
P_00465,,2.0,LEFT,CC,1,5,5,mass,N/A,N/A,ARCHITECTURAL_DISTORTION,SPICULATED,MALIGNANT,1
P_00465,,2.0,LEFT,MLO,1,5,4,mass,N/A,N/A,OVAL,SPICULATED,MALIGNANT,1
P_00468,,1.0,LEFT,CC,1,2,2,mass,N/A,N/A,IRREGULAR,ILL_DEFINED,BENIGN,0
P_00468,,1.0,LEFT,MLO,1,2,2,mass,N/A,N/A,IRREGULAR,ILL_DEFINED,BENIGN,0
P_00471,,3.0,RIGHT,CC,1,5,5,mass,N/A,N/A,IRREGULAR-ARCHITECTURAL_DISTORTION,SPICULATED,MALIGNANT,1
P_00471,,3.0,RIGHT,MLO,1,5,5,mass,N/A,N/A,IRREGULAR-ARCHITECTURAL_DISTORTION,OBSCURED-SPICULATED,MALIGNANT,1
P_00475,,3.0,LEFT,MLO,1,3,3,mass,N/A,N/A,IRREGULAR,ILL_DEFINED,BENIGN,0
P_00475,,3.0,RIGHT,MLO,1,4,4,mass,N/A,N/A,IRREGULAR,SPICULATED,BENIGN,0
P_00484,,2.0,RIGHT,CC,1,5,4,mass,N/A,N/A,ARCHITECTURAL_DISTORTION,SPICULATED,MALIGNANT,1
P_00487,,2.0,RIGHT,CC,1,4,3,mass,N/A,N/A,LOBULATED,CIRCUMSCRIBED-ILL_DEFINED,BENIGN,0
P_00487,,2.0,RIGHT,MLO,1,4,2,mass,N/A,N/A,OVAL,CIRCUMSCRIBED-ILL_DEFINED,BENIGN,0
P_00488,,4.0,LEFT,CC,1,4,3,mass,N/A,N/A,IRREGULAR,CIRCUMSCRIBED-OBSCURED,BENIGN,0
P_00488,,4.0,LEFT,MLO,1,4,3,mass,N/A,N/A,IRREGULAR,CIRCUMSCRIBED-OBSCURED,BENIGN,0
P_00492,,3.0,RIGHT,MLO,1,4,2,mass,N/A,N/A,IRREGULAR,ILL_DEFINED,BENIGN,0
P_00495,,3.0,RIGHT,CC,1,2,3,mass,N/A,N/A,OVAL,CIRCUMSCRIBED-OBSCURED,BENIGN,0
P_00495,,3.0,RIGHT,MLO,2,2,3,mass,N/A,N/A,OVAL,CIRCUMSCRIBED-OBSCURED,BENIGN,0
P_00496,,3.0,LEFT,CC,1,0,3,mass,N/A,N/A,IRREGULAR,OBSCURED,BENIGN,0
P_00496,,3.0,LEFT,MLO,1,0,3,mass,N/A,N/A,IRREGULAR,OBSCURED,BENIGN,0
P_00499,,1.0,RIGHT,CC,1,4,4,mass,N/A,N/A,LOBULATED-IRREGULAR,ILL_DEFINED,BENIGN,0
P_00499,,1.0,RIGHT,MLO,1,4,4,mass,N/A,N/A,LOBULATED-IRREGULAR,MICROLOBULATED-ILL_DEFINED,BENIGN,0
P_00504,,2.0,RIGHT,MLO,1,4,4,mass,N/A,N/A,IRREGULAR,ILL_DEFINED,MALIGNANT,1
P_00506,,2.0,LEFT,MLO,1,2,4,mass,N/A,N/A,OVAL-LYMPH_NODE,CIRCUMSCRIBED,BENIGN_WITHOUT_CALLBACK,0
P_00509,,2.0,RIGHT,CC,1,4,5,mass,N/A,N/A,OVAL,MICROLOBULATED,BENIGN,0
P_00509,,2.0,RIGHT,MLO,1,4,3,mass,N/A,N/A,OVAL,MICROLOBULATED,BENIGN,0
P_00512,,3.0,RIGHT,CC,1,4,4,mass,N/A,N/A,LOBULATED,CIRCUMSCRIBED-ILL_DEFINED,BENIGN,0
P_00512,,3.0,RIGHT,MLO,1,3,3,mass,N/A,N/A,OVAL,CIRCUMSCRIBED,BENIGN,0
P_00515,,2.0,LEFT,CC,2,4,3,mass,N/A,N/A,ROUND,OBSCURED,BENIGN,0
P_00515,,2.0,LEFT,MLO,2,4,3,mass,N/A,N/A,ROUND,CIRCUMSCRIBED,BENIGN,0
P_00515,,2.0,RIGHT,CC,1,4,4,mass,N/A,N/A,OVAL,ILL_DEFINED,BENIGN,0
P_00517,,3.0,LEFT,CC,1,2,4,mass,N/A,N/A,FOCAL_ASYMMETRIC_DENSITY,N/A,BENIGN_WITHOUT_CALLBACK,0
P_00517,,3.0,LEFT,MLO,1,2,4,mass,N/A,N/A,FOCAL_ASYMMETRIC_DENSITY,N/A,BENIGN_WITHOUT_CALLBACK,0
P_00518,,1.0,LEFT,CC,1,4,4,mass,N/A,N/A,IRREGULAR,ILL_DEFINED,BENIGN,0
P_00518,,1.0,LEFT,MLO,1,4,4,mass,N/A,N/A,IRREGULAR,ILL_DEFINED,BENIGN,0
P_00519,,3.0,RIGHT,CC,1,5,4,mass,N/A,N/A,IRREGULAR-ARCHITECTURAL_DISTORTION,SPICULATED,MALIGNANT,1
P_00519,,3.0,RIGHT,MLO,1,3,2,mass,N/A,N/A,IRREGULAR,OBSCURED-ILL_DEFINED,MALIGNANT,1
P_00522,,2.0,RIGHT,MLO,1,3,5,mass,N/A,N/A,LOBULATED,CIRCUMSCRIBED,BENIGN,0
P_00526,,2.0,RIGHT,CC,1,4,2,mass,N/A,N/A,IRREGULAR,SPICULATED,MALIGNANT,1
P_00526,,2.0,RIGHT,MLO,1,4,2,mass,N/A,N/A,IRREGULAR,SPICULATED,MALIGNANT,1
P_00528,,3.0,LEFT,MLO,1,3,5,mass,N/A,N/A,OVAL,CIRCUMSCRIBED,BENIGN,0
P_00528,,3.0,LEFT,MLO,2,3,5,mass,N/A,N/A,OVAL,CIRCUMSCRIBED,BENIGN,0
P_00528,,3.0,RIGHT,CC,1,3,5,mass,N/A,N/A,OVAL,OBSCURED,BENIGN,0
P_00528,,3.0,RIGHT,MLO,1,3,5,mass,N/A,N/A,OVAL,OBSCURED,BENIGN,0
P_00532,,2.0,LEFT,CC,1,0,3,mass,N/A,N/A,OVAL,OBSCURED,BENIGN,0
P_00534,,3.0,LEFT,CC,1,3,5,mass,N/A,N/A,OVAL,CIRCUMSCRIBED,BENIGN,0
P_00534,,3.0,LEFT,MLO,1,3,5,mass,N/A,N/A,OVAL,CIRCUMSCRIBED,BENIGN,0
P_00535,,2.0,LEFT,CC,1,3,3,mass,N/A,N/A,LOBULATED,CIRCUMSCRIBED,BENIGN,0
P_00539,,3.0,RIGHT,CC,1,4,3,mass,N/A,N/A,ARCHITECTURAL_DISTORTION,ILL_DEFINED,MALIGNANT,1
P_00539,,3.0,RIGHT,MLO,1,4,3,mass,N/A,N/A,IRREGULAR-ARCHITECTURAL_DISTORTION,OBSCURED-ILL_DEFINED-SPICULATED,MALIGNANT,1
P_00540,,2.0,LEFT,CC,1,5,5,mass,N/A,N/A,LOBULATED,MICROLOBULATED,MALIGNANT,1
P_00540,,2.0,LEFT,MLO,1,5,5,mass,N/A,N/A,LOBULATED,SPICULATED,MALIGNANT,1
P_00543,,2.0,RIGHT,CC,1,4,4,mass,N/A,N/A,IRREGULAR,ILL_DEFINED,MALIGNANT,1
P_00543,,2.0,RIGHT,MLO,1,4,4,mass,N/A,N/A,IRREGULAR,ILL_DEFINED,MALIGNANT,1
P_00545,,1.0,LEFT,MLO,1,5,1,mass,N/A,N/A,IRREGULAR,SPICULATED,MALIGNANT,1
P_00549,,1.0,LEFT,CC,1,0,4,mass,N/A,N/A,ROUND,OBSCURED,BENIGN,0
P_00549,,1.0,LEFT,MLO,1,0,4,mass,N/A,N/A,ROUND,OBSCURED,BENIGN,0
P_00550,,3.0,RIGHT,MLO,1,4,2,mass,N/A,N/A,LOBULATED,OBSCURED,BENIGN,0
P_00553,,2.0,LEFT,CC,1,4,5,mass,N/A,N/A,OVAL,MICROLOBULATED,MALIGNANT,1
P_00553,,2.0,LEFT,MLO,1,4,5,mass,N/A,N/A,IRREGULAR,MICROLOBULATED,MALIGNANT,1
P_00554,,1.0,LEFT,CC,1,4,3,mass,N/A,N/A,OVAL,CIRCUMSCRIBED,MALIGNANT,1
P_00554,,1.0,LEFT,MLO,1,4,3,mass,N/A,N/A,OVAL,CIRCUMSCRIBED,MALIGNANT,1
P_00559,,2.0,LEFT,CC,1,3,4,mass,N/A,N/A,ROUND,ILL_DEFINED,BENIGN,0
P_00559,,2.0,LEFT,MLO,1,3,4,mass,N/A,N/A,LOBULATED,CIRCUMSCRIBED,BENIGN,0
P_00560,,1.0,RIGHT,MLO,1,3,5,mass,N/A,N/A,ROUND,MICROLOBULATED,BENIGN_WITHOUT_CALLBACK,0
P_00564,,4.0,RIGHT,CC,1,5,3,mass,N/A,N/A,ARCHITECTURAL_DISTORTION,SPICULATED,MALIGNANT,1
P_00566,,2.0,RIGHT,CC,1,4,5,mass,N/A,N/A,ASYMMETRIC_BREAST_TISSUE,ILL_DEFINED,MALIGNANT,1
P_00566,,2.0,RIGHT,MLO,1,4,5,mass,N/A,N/A,ASYMMETRIC_BREAST_TISSUE,ILL_DEFINED,MALIGNANT,1
P_00568,,2.0,LEFT,CC,1,5,5,mass,N/A,N/A,OVAL,MICROLOBULATED,MALIGNANT,1
P_00568,,2.0,LEFT,MLO,1,5,5,mass,N/A,N/A,OVAL,MICROLOBULATED,MALIGNANT,1
P_00569,,2.0,RIGHT,CC,1,4,5,mass,N/A,N/A,LOBULATED,CIRCUMSCRIBED,BENIGN,0
P_00569,,2.0,RIGHT,MLO,1,4,5,mass,N/A,N/A,LOBULATED,CIRCUMSCRIBED,BENIGN,0
P_00572,,4.0,RIGHT,CC,1,4,1,mass,N/A,N/A,ARCHITECTURAL_DISTORTION,ILL_DEFINED,BENIGN,0
P_00572,,4.0,RIGHT,MLO,1,4,1,mass,N/A,N/A,ARCHITECTURAL_DISTORTION,ILL_DEFINED,BENIGN,0
P_00573,,1.0,RIGHT,MLO,1,5,5,mass,N/A,N/A,IRREGULAR,MICROLOBULATED,MALIGNANT,1
P_00573,,1.0,RIGHT,MLO,2,5,5,mass,N/A,N/A,IRREGULAR,MICROLOBULATED,MALIGNANT,1
P_00575,,3.0,RIGHT,MLO,1,4,3,mass,N/A,N/A,IRREGULAR,ILL_DEFINED,MALIGNANT,1
P_00577,,3.0,RIGHT,CC,1,4,2,mass,N/A,N/A,ARCHITECTURAL_DISTORTION,ILL_DEFINED,MALIGNANT,1
P_00577,,3.0,RIGHT,MLO,1,4,2,mass,N/A,N/A,ARCHITECTURAL_DISTORTION,ILL_DEFINED,MALIGNANT,1
P_00581,,1.0,LEFT,MLO,1,5,5,mass,N/A,N/A,LOBULATED,SPICULATED,MALIGNANT,1
P_00584,,1.0,LEFT,MLO,1,5,5,mass,N/A,N/A,IRREGULAR,SPICULATED,MALIGNANT,1
P_00586,,2.0,LEFT,CC,1,5,5,mass,N/A,N/A,ARCHITECTURAL_DISTORTION,SPICULATED,MALIGNANT,1
P_00586,,2.0,LEFT,MLO,1,5,5,mass,N/A,N/A,ARCHITECTURAL_DISTORTION,SPICULATED,MALIGNANT,1
P_00586,,2.0,LEFT,MLO,2,5,5,mass,N/A,N/A,ARCHITECTURAL_DISTORTION,SPICULATED,MALIGNANT,1
P_00592,,1.0,LEFT,CC,1,0,5,mass,N/A,N/A,OVAL,OBSCURED,BENIGN,0
P_00592,,1.0,LEFT,MLO,1,0,5,mass,N/A,N/A,OVAL,OBSCURED,BENIGN,0
P_00596,,2.0,LEFT,CC,1,4,5,mass,N/A,N/A,LOBULATED,CIRCUMSCRIBED,BENIGN,0
P_00596,,2.0,LEFT,MLO,1,4,5,mass,N/A,N/A,LOBULATED-OVAL,CIRCUMSCRIBED,BENIGN,0
P_00596,,2.0,RIGHT,CC,1,4,2,mass,N/A,N/A,ARCHITECTURAL_DISTORTION,SPICULATED,MALIGNANT,1
P_00596,,2.0,RIGHT,MLO,1,5,4,mass,N/A,N/A,OVAL,SPICULATED,MALIGNANT,1
P_00597,,4.0,RIGHT,MLO,1,4,3,mass,N/A,N/A,OVAL,OBSCURED,BENIGN,0
P_00604,,3.0,LEFT,CC,1,4,2,mass,N/A,N/A,LOBULATED,ILL_DEFINED,MALIGNANT,1
P_00604,,3.0,LEFT,MLO,1,4,2,mass,N/A,N/A,LOBULATED,ILL_DEFINED,MALIGNANT,1
P_00605,,2.0,RIGHT,MLO,1,5,5,mass,N/A,N/A,LOBULATED,CIRCUMSCRIBED,MALIGNANT,1
P_00607,,1.0,RIGHT,CC,1,1,1,mass,N/A,N/A,IRREGULAR,ILL_DEFINED,MALIGNANT,1
P_00607,,1.0,RIGHT,MLO,1,3,2,mass,N/A,N/A,IRREGULAR,ILL_DEFINED,MALIGNANT,1
P_00611,,2.0,RIGHT,CC,1,3,3,mass,N/A,N/A,OVAL,OBSCURED,BENIGN,0
P_00611,,2.0,RIGHT,MLO,1,3,5,mass,N/A,N/A,OVAL,CIRCUMSCRIBED,BENIGN,0
P_00616,,3.0,LEFT,MLO,1,5,4,mass,N/A,N/A,IRREGULAR,SPICULATED,MALIGNANT,1
P_00617,,2.0,RIGHT,MLO,1,3,4,mass,N/A,N/A,LOBULATED,MICROLOBULATED,BENIGN_WITHOUT_CALLBACK,0
P_00622,,3.0,LEFT,CC,1,4,3,mass,N/A,N/A,LOBULATED,CIRCUMSCRIBED,BENIGN,0
P_00626,,2.0,LEFT,CC,1,0,3,mass,N/A,N/A,LOBULATED,OBSCURED,BENIGN,0
P_00626,,2.0,LEFT,MLO,1,0,3,mass,N/A,N/A,LOBULATED,OBSCURED,BENIGN,0
P_00630,,2.0,LEFT,CC,1,0,5,mass,N/A,N/A,OVAL,MICROLOBULATED,BENIGN,0
P_00630,,2.0,LEFT,MLO,1,0,5,mass,N/A,N/A,OVAL,MICROLOBULATED,BENIGN,0
P_00634,,4.0,LEFT,CC,1,3,5,mass,N/A,N/A,LOBULATED,CIRCUMSCRIBED,BENIGN,0
P_00634,,4.0,LEFT,CC,2,3,3,mass,N/A,N/A,OVAL,OBSCURED,BENIGN,0
P_00634,,4.0,LEFT,MLO,1,3,5,mass,N/A,N/A,LOBULATED,OBSCURED,BENIGN,0
P_00634,,4.0,LEFT,MLO,2,3,3,mass,N/A,N/A,OVAL,CIRCUMSCRIBED,BENIGN,0
P_00634,,4.0,RIGHT,MLO,1,5,3,mass,N/A,N/A,ARCHITECTURAL_DISTORTION,SPICULATED,MALIGNANT,1
P_00637,,2.0,RIGHT,CC,1,4,1,mass,N/A,N/A,IRREGULAR,SPICULATED,MALIGNANT,1
P_00640,,3.0,RIGHT,CC,1,4,2,mass,N/A,N/A,IRREGULAR,ILL_DEFINED-SPICULATED,BENIGN,0
P_00640,,3.0,RIGHT,MLO,1,4,3,mass,N/A,N/A,IRREGULAR,ILL_DEFINED-SPICULATED,BENIGN,0
P_00644,,3.0,LEFT,CC,1,4,5,mass,N/A,N/A,OVAL,ILL_DEFINED,MALIGNANT,1
P_00644,,3.0,LEFT,MLO,1,4,5,mass,N/A,N/A,OVAL,ILL_DEFINED,MALIGNANT,1
P_00648,,2.0,LEFT,CC,1,0,4,mass,N/A,N/A,IRREGULAR,ILL_DEFINED,MALIGNANT,1
P_00648,,2.0,LEFT,MLO,1,0,4,mass,N/A,N/A,IRREGULAR,ILL_DEFINED,MALIGNANT,1
P_00651,,3.0,RIGHT,MLO,1,4,4,mass,N/A,N/A,IRREGULAR,ILL_DEFINED,BENIGN,0
P_00653,,2.0,LEFT,CC,1,4,4,mass,N/A,N/A,OVAL,ILL_DEFINED,MALIGNANT,1
P_00653,,2.0,LEFT,MLO,1,4,4,mass,N/A,N/A,OVAL,ILL_DEFINED,MALIGNANT,1
P_00659,,4.0,RIGHT,MLO,1,4,4,mass,N/A,N/A,OVAL,CIRCUMSCRIBED,BENIGN,0
P_00660,,2.0,LEFT,CC,1,4,4,mass,N/A,N/A,IRREGULAR,SPICULATED,MALIGNANT,1
P_00660,,2.0,LEFT,MLO,1,4,2,mass,N/A,N/A,IRREGULAR,ILL_DEFINED,MALIGNANT,1
P_00661,,1.0,LEFT,CC,1,0,4,mass,N/A,N/A,LOBULATED,OBSCURED,MALIGNANT,1
P_00661,,1.0,LEFT,MLO,1,0,4,mass,N/A,N/A,LOBULATED,OBSCURED,MALIGNANT,1
P_00665,,1.0,LEFT,MLO,1,5,4,mass,N/A,N/A,IRREGULAR,SPICULATED,MALIGNANT,1
P_00666,,2.0,RIGHT,CC,1,2,5,mass,N/A,N/A,LOBULATED,CIRCUMSCRIBED,BENIGN_WITHOUT_CALLBACK,0
P_00666,,2.0,RIGHT,MLO,1,2,5,mass,N/A,N/A,ROUND,CIRCUMSCRIBED,BENIGN_WITHOUT_CALLBACK,0
P_00670,,2.0,RIGHT,CC,1,4,4,mass,N/A,N/A,LOBULATED,CIRCUMSCRIBED,BENIGN,0
P_00670,,2.0,RIGHT,MLO,1,4,3,mass,N/A,N/A,IRREGULAR,MICROLOBULATED-ILL_DEFINED,BENIGN,0
P_00673,,1.0,RIGHT,MLO,1,2,4,mass,N/A,N/A,OVAL-LYMPH_NODE,CIRCUMSCRIBED,BENIGN_WITHOUT_CALLBACK,0
P_00673,,1.0,RIGHT,MLO,3,2,4,mass,N/A,N/A,OVAL-LYMPH_NODE,CIRCUMSCRIBED,BENIGN_WITHOUT_CALLBACK,0
P_00673,,1.0,RIGHT,MLO,4,2,4,mass,N/A,N/A,OVAL-LYMPH_NODE,CIRCUMSCRIBED,BENIGN_WITHOUT_CALLBACK,0
P_00675,,2.0,LEFT,CC,1,2,3,mass,N/A,N/A,IRREGULAR,ILL_DEFINED,BENIGN,0
P_00675,,2.0,LEFT,MLO,1,2,3,mass,N/A,N/A,IRREGULAR,ILL_DEFINED,BENIGN,0
P_00678,,4.0,LEFT,CC,2,5,4,mass,N/A,N/A,IRREGULAR,SPICULATED,MALIGNANT,1
P_00678,,4.0,LEFT,MLO,2,5,4,mass,N/A,N/A,IRREGULAR,SPICULATED,MALIGNANT,1
P_00687,,3.0,LEFT,CC,1,0,4,mass,N/A,N/A,LOBULATED,CIRCUMSCRIBED,BENIGN,0
P_00687,,3.0,LEFT,MLO,1,0,4,mass,N/A,N/A,LOBULATED,CIRCUMSCRIBED,BENIGN,0
P_00690,,2.0,LEFT,MLO,1,5,4,mass,N/A,N/A,IRREGULAR,SPICULATED,MALIGNANT,1
P_00692,,4.0,LEFT,MLO,1,5,2,mass,N/A,N/A,IRREGULAR,SPICULATED,BENIGN,0
P_00694,,1.0,RIGHT,CC,1,0,4,mass,N/A,N/A,OVAL,OBSCURED,BENIGN,0
P_00694,,1.0,RIGHT,MLO,1,0,4,mass,N/A,N/A,OVAL,OBSCURED,BENIGN,0
P_00695,,2.0,RIGHT,CC,1,5,5,mass,N/A,N/A,ASYMMETRIC_BREAST_TISSUE,ILL_DEFINED,MALIGNANT,1
P_00695,,2.0,RIGHT,MLO,1,5,5,mass,N/A,N/A,ASYMMETRIC_BREAST_TISSUE,ILL_DEFINED,MALIGNANT,1
P_00698,,3.0,RIGHT,CC,1,5,5,mass,N/A,N/A,ARCHITECTURAL_DISTORTION,SPICULATED,MALIGNANT,1
P_00698,,3.0,RIGHT,MLO,1,5,5,mass,N/A,N/A,ARCHITECTURAL_DISTORTION,ILL_DEFINED,MALIGNANT,1
P_00700,,2.0,RIGHT,CC,1,4,5,mass,N/A,N/A,ROUND,MICROLOBULATED,BENIGN,0
P_00700,,2.0,RIGHT,MLO,1,4,5,mass,N/A,N/A,OVAL,MICROLOBULATED,BENIGN,0
P_00702,,2.0,RIGHT,CC,1,4,4,mass,N/A,N/A,ROUND,ILL_DEFINED,MALIGNANT,1
P_00702,,2.0,RIGHT,MLO,1,4,4,mass,N/A,N/A,ROUND,ILL_DEFINED,MALIGNANT,1
P_00703,,2.0,LEFT,CC,1,0,5,mass,N/A,N/A,IRREGULAR,ILL_DEFINED,BENIGN,0
P_00703,,2.0,LEFT,MLO,1,0,5,mass,N/A,N/A,IRREGULAR,ILL_DEFINED,BENIGN,0
P_00706,,4.0,RIGHT,CC,1,5,5,mass,N/A,N/A,OVAL,SPICULATED,MALIGNANT,1
P_00706,,4.0,RIGHT,MLO,1,5,5,mass,N/A,N/A,ROUND,SPICULATED,MALIGNANT,1
P_00708,,2.0,RIGHT,CC,1,3,3,mass,N/A,N/A,ROUND,CIRCUMSCRIBED,BENIGN_WITHOUT_CALLBACK,0
P_00708,,2.0,RIGHT,MLO,1,3,4,mass,N/A,N/A,OVAL,CIRCUMSCRIBED,BENIGN_WITHOUT_CALLBACK,0
P_00710,,2.0,LEFT,CC,1,4,5,mass,N/A,N/A,ROUND-OVAL,CIRCUMSCRIBED-OBSCURED,BENIGN,0
P_00710,,2.0,LEFT,CC,2,4,5,mass,N/A,N/A,ROUND-OVAL,CIRCUMSCRIBED-OBSCURED,BENIGN,0
P_00710,,2.0,LEFT,MLO,1,4,4,mass,N/A,N/A,ROUND-OVAL,CIRCUMSCRIBED-OBSCURED,BENIGN,0
P_00710,,2.0,RIGHT,CC,1,0,0,mass,N/A,N/A,N/A,N/A,BENIGN,0
P_00710,,2.0,RIGHT,MLO,1,0,0,mass,N/A,N/A,N/A,N/A,BENIGN,0
P_00711,,2.0,LEFT,CC,1,4,4,mass,N/A,N/A,IRREGULAR-ARCHITECTURAL_DISTORTION,SPICULATED,MALIGNANT,1
P_00711,,2.0,LEFT,MLO,1,4,3,mass,N/A,N/A,IRREGULAR-ARCHITECTURAL_DISTORTION,SPICULATED,MALIGNANT,1
P_00711,,2.0,RIGHT,CC,1,2,3,mass,N/A,N/A,ROUND,CIRCUMSCRIBED,BENIGN,0
P_00711,,2.0,RIGHT,MLO,1,2,3,mass,N/A,N/A,ROUND,CIRCUMSCRIBED,BENIGN,0
P_00715,,2.0,RIGHT,CC,1,0,5,mass,N/A,N/A,OVAL,CIRCUMSCRIBED,BENIGN,0
P_00715,,2.0,RIGHT,MLO,1,0,5,mass,N/A,N/A,OVAL,CIRCUMSCRIBED,BENIGN,0
P_00716,,3.0,LEFT,MLO,1,4,4,mass,N/A,N/A,IRREGULAR,ILL_DEFINED-SPICULATED,MALIGNANT,1
P_00717,,2.0,RIGHT,CC,1,5,4,mass,N/A,N/A,IRREGULAR,ILL_DEFINED,MALIGNANT,1
P_00717,,2.0,RIGHT,MLO,1,5,4,mass,N/A,N/A,IRREGULAR,ILL_DEFINED,MALIGNANT,1
P_00719,,1.0,LEFT,CC,1,4,5,mass,N/A,N/A,IRREGULAR,CIRCUMSCRIBED-ILL_DEFINED,MALIGNANT,1
P_00719,,1.0,LEFT,MLO,1,4,5,mass,N/A,N/A,IRREGULAR,CIRCUMSCRIBED-ILL_DEFINED,MALIGNANT,1
P_00720,,4.0,RIGHT,MLO,1,4,4,mass,N/A,N/A,IRREGULAR,ILL_DEFINED,MALIGNANT,1
P_00723,,2.0,LEFT,MLO,1,4,4,mass,N/A,N/A,ARCHITECTURAL_DISTORTION,SPICULATED,BENIGN,0
P_00726,,2.0,RIGHT,CC,1,3,4,mass,N/A,N/A,OVAL,CIRCUMSCRIBED,BENIGN,0
P_00726,,2.0,RIGHT,MLO,1,3,4,mass,N/A,N/A,OVAL,CIRCUMSCRIBED,BENIGN,0
P_00728,,2.0,RIGHT,CC,1,4,5,mass,N/A,N/A,ARCHITECTURAL_DISTORTION,ILL_DEFINED-SPICULATED,MALIGNANT,1
P_00728,,2.0,RIGHT,MLO,1,4,5,mass,N/A,N/A,IRREGULAR-ARCHITECTURAL_DISTORTION,ILL_DEFINED-SPICULATED,MALIGNANT,1
P_00730,,3.0,RIGHT,CC,1,4,1,mass,N/A,N/A,LOBULATED,MICROLOBULATED,MALIGNANT,1
P_00731,,2.0,RIGHT,CC,1,4,4,mass,N/A,N/A,LOBULATED,OBSCURED,BENIGN,0
P_00731,,2.0,RIGHT,MLO,1,4,5,mass,N/A,N/A,LOBULATED,CIRCUMSCRIBED,BENIGN,0
P_00732,,2.0,LEFT,CC,1,5,5,mass,N/A,N/A,IRREGULAR,SPICULATED,MALIGNANT,1
P_00732,,2.0,LEFT,MLO,1,5,5,mass,N/A,N/A,IRREGULAR,SPICULATED,MALIGNANT,1
P_00733,,1.0,RIGHT,CC,1,4,4,mass,N/A,N/A,LOBULATED,ILL_DEFINED,BENIGN,0
P_00733,,1.0,RIGHT,MLO,1,4,4,mass,N/A,N/A,LOBULATED,ILL_DEFINED,BENIGN,0
P_00734,,2.0,RIGHT,MLO,1,5,5,mass,N/A,N/A,IRREGULAR,SPICULATED,MALIGNANT,1
P_00737,,1.0,LEFT,CC,1,5,5,mass,N/A,N/A,OVAL,CIRCUMSCRIBED,MALIGNANT,1
P_00737,,1.0,LEFT,MLO,1,5,5,mass,N/A,N/A,LOBULATED,CIRCUMSCRIBED,MALIGNANT,1
P_00739,,2.0,LEFT,CC,1,3,3,mass,N/A,N/A,LOBULATED,CIRCUMSCRIBED,BENIGN,0
P_00739,,2.0,LEFT,MLO,1,3,2,mass,N/A,N/A,LOBULATED,CIRCUMSCRIBED-OBSCURED,BENIGN,0
P_00742,,2.0,LEFT,CC,1,3,4,mass,N/A,N/A,LOBULATED,CIRCUMSCRIBED,BENIGN,0
P_00742,,2.0,LEFT,MLO,1,3,4,mass,N/A,N/A,LOBULATED,CIRCUMSCRIBED,BENIGN,0
P_00746,,3.0,LEFT,CC,1,4,4,mass,N/A,N/A,IRREGULAR-ARCHITECTURAL_DISTORTION,SPICULATED,MALIGNANT,1
P_00746,,3.0,LEFT,MLO,1,4,4,mass,N/A,N/A,IRREGULAR-ARCHITECTURAL_DISTORTION,SPICULATED,MALIGNANT,1
P_00747,,3.0,LEFT,CC,1,3,3,mass,N/A,N/A,ROUND,ILL_DEFINED,BENIGN_WITHOUT_CALLBACK,0
P_00747,,3.0,LEFT,MLO,1,3,3,mass,N/A,N/A,OVAL,ILL_DEFINED,BENIGN_WITHOUT_CALLBACK,0
P_00753,,2.0,RIGHT,CC,1,5,5,mass,N/A,N/A,LOBULATED,SPICULATED,MALIGNANT,1
P_00753,,2.0,RIGHT,MLO,1,5,5,mass,N/A,N/A,ROUND,SPICULATED,MALIGNANT,1
P_00754,,2.0,LEFT,CC,1,4,3,mass,N/A,N/A,IRREGULAR,ILL_DEFINED,BENIGN,0
P_00754,,2.0,LEFT,MLO,1,4,3,mass,N/A,N/A,IRREGULAR,ILL_DEFINED,BENIGN,0
P_00764,,2.0,RIGHT,CC,1,3,3,mass,N/A,N/A,OVAL,CIRCUMSCRIBED,BENIGN,0
P_00764,,2.0,RIGHT,MLO,1,3,3,mass,N/A,N/A,OVAL,CIRCUMSCRIBED,BENIGN,0
P_00765,,1.0,RIGHT,CC,1,0,4,mass,N/A,N/A,LOBULATED,OBSCURED,BENIGN,0
P_00765,,1.0,RIGHT,MLO,1,0,4,mass,N/A,N/A,LOBULATED,OBSCURED,BENIGN,0
P_00770,,2.0,RIGHT,CC,1,4,3,mass,N/A,N/A,LOBULATED,ILL_DEFINED,MALIGNANT,1
P_00775,,2.0,LEFT,CC,1,3,5,mass,N/A,N/A,ASYMMETRIC_BREAST_TISSUE,N/A,BENIGN_WITHOUT_CALLBACK,0
P_00775,,2.0,LEFT,MLO,1,3,5,mass,N/A,N/A,ASYMMETRIC_BREAST_TISSUE,N/A,BENIGN_WITHOUT_CALLBACK,0
P_00776,,3.0,RIGHT,CC,1,4,3,mass,N/A,N/A,IRREGULAR,MICROLOBULATED,MALIGNANT,1
P_00776,,3.0,RIGHT,MLO,1,4,3,mass,N/A,N/A,IRREGULAR,SPICULATED,MALIGNANT,1
P_00778,,3.0,RIGHT,CC,1,2,3,mass,N/A,N/A,ARCHITECTURAL_DISTORTION,N/A,BENIGN,0
P_00778,,3.0,RIGHT,CC,2,2,3,mass,N/A,N/A,ARCHITECTURAL_DISTORTION,N/A,BENIGN,0
P_00778,,3.0,RIGHT,MLO,1,2,3,mass,N/A,N/A,ARCHITECTURAL_DISTORTION,N/A,BENIGN,0
P_00778,,3.0,RIGHT,MLO,2,2,3,mass,N/A,N/A,ARCHITECTURAL_DISTORTION,N/A,BENIGN,0
P_00779,,1.0,LEFT,CC,1,5,5,mass,N/A,N/A,IRREGULAR,ILL_DEFINED,MALIGNANT,1
P_00779,,1.0,LEFT,MLO,1,5,5,mass,N/A,N/A,IRREGULAR,SPICULATED,MALIGNANT,1
P_00781,,2.0,RIGHT,CC,1,3,5,mass,N/A,N/A,OVAL,CIRCUMSCRIBED,BENIGN,0
P_00781,,2.0,RIGHT,MLO,1,3,5,mass,N/A,N/A,OVAL,CIRCUMSCRIBED,BENIGN,0
P_00782,,2.0,RIGHT,CC,1,4,5,mass,N/A,N/A,IRREGULAR,ILL_DEFINED,MALIGNANT,1
P_00794,,1.0,LEFT,CC,1,0,5,mass,N/A,N/A,LOBULATED,CIRCUMSCRIBED,BENIGN,0
P_00794,,1.0,LEFT,MLO,1,0,5,mass,N/A,N/A,LOBULATED,CIRCUMSCRIBED,BENIGN,0
P_00797,,2.0,LEFT,CC,1,3,5,mass,N/A,N/A,OVAL,CIRCUMSCRIBED,BENIGN,0
P_00797,,2.0,LEFT,CC,2,5,5,mass,N/A,N/A,IRREGULAR,SPICULATED,MALIGNANT,1
P_00797,,2.0,LEFT,MLO,1,3,5,mass,N/A,N/A,OVAL,CIRCUMSCRIBED,BENIGN,0
P_00797,,2.0,LEFT,MLO,2,5,5,mass,N/A,N/A,IRREGULAR,SPICULATED,MALIGNANT,1
P_00797,,2.0,RIGHT,CC,1,3,5,mass,N/A,N/A,OVAL,CIRCUMSCRIBED,BENIGN,0
P_00797,,2.0,RIGHT,MLO,1,3,5,mass,N/A,N/A,OVAL,CIRCUMSCRIBED,BENIGN,0
P_00798,,3.0,RIGHT,CC,1,3,4,mass,N/A,N/A,IRREGULAR-FOCAL_ASYMMETRIC_DENSITY,ILL_DEFINED,BENIGN,0
P_00798,,3.0,RIGHT,MLO,1,3,2,mass,N/A,N/A,IRREGULAR-FOCAL_ASYMMETRIC_DENSITY,ILL_DEFINED,BENIGN,0
P_00801,,2.0,LEFT,CC,1,5,1,mass,N/A,N/A,IRREGULAR,SPICULATED,MALIGNANT,1
P_00801,,2.0,LEFT,MLO,1,5,1,mass,N/A,N/A,IRREGULAR,SPICULATED,MALIGNANT,1
P_00802,,2.0,LEFT,CC,1,5,5,mass,N/A,N/A,IRREGULAR,SPICULATED,MALIGNANT,1
P_00802,,2.0,LEFT,MLO,1,5,5,mass,N/A,N/A,IRREGULAR,SPICULATED,MALIGNANT,1
P_00802,,2.0,LEFT,MLO,2,5,5,mass,N/A,N/A,IRREGULAR,SPICULATED,MALIGNANT,1
P_00802,,2.0,LEFT,MLO,3,5,5,mass,N/A,N/A,IRREGULAR,SPICULATED,MALIGNANT,1
P_00803,,4.0,LEFT,CC,1,4,3,mass,N/A,N/A,ROUND,ILL_DEFINED,MALIGNANT,1
P_00810,,2.0,RIGHT,MLO,1,4,2,mass,N/A,N/A,LOBULATED,OBSCURED,MALIGNANT,1
P_00814,,3.0,LEFT,CC,1,4,4,mass,N/A,N/A,ROUND,ILL_DEFINED,BENIGN,0
P_00814,,3.0,LEFT,MLO,1,4,5,mass,N/A,N/A,LOBULATED,OBSCURED,BENIGN,0
P_00815,,3.0,LEFT,CC,1,5,2,mass,N/A,N/A,ARCHITECTURAL_DISTORTION,SPICULATED,MALIGNANT,1
P_00815,,3.0,LEFT,MLO,1,5,2,mass,N/A,N/A,ARCHITECTURAL_DISTORTION,SPICULATED,MALIGNANT,1
P_00816,,2.0,RIGHT,CC,1,4,1,mass,N/A,N/A,FOCAL_ASYMMETRIC_DENSITY,ILL_DEFINED,BENIGN,0
P_00816,,2.0,RIGHT,MLO,1,4,1,mass,N/A,N/A,FOCAL_ASYMMETRIC_DENSITY,ILL_DEFINED,BENIGN,0
P_00818,,3.0,RIGHT,CC,1,5,5,mass,N/A,N/A,IRREGULAR,SPICULATED,MALIGNANT,1
P_00818,,3.0,RIGHT,MLO,1,5,5,mass,N/A,N/A,IRREGULAR,SPICULATED,MALIGNANT,1
P_00823,,4.0,RIGHT,CC,1,4,3,mass,N/A,N/A,OVAL,OBSCURED,BENIGN,0
P_00823,,4.0,RIGHT,MLO,1,4,3,mass,N/A,N/A,OVAL,OBSCURED,BENIGN,0
P_00826,,3.0,LEFT,CC,1,0,5,mass,N/A,N/A,LOBULATED,OBSCURED,BENIGN,0
P_00826,,3.0,LEFT,MLO,1,0,5,mass,N/A,N/A,LOBULATED,OBSCURED,BENIGN,0
P_00828,,3.0,LEFT,CC,1,5,5,mass,N/A,N/A,IRREGULAR,SPICULATED,MALIGNANT,1
P_00829,,4.0,LEFT,CC,1,3,3,mass,N/A,N/A,OVAL,CIRCUMSCRIBED,BENIGN,0
P_00829,,4.0,LEFT,MLO,1,3,3,mass,N/A,N/A,OVAL,CIRCUMSCRIBED,BENIGN,0
P_00831,,4.0,RIGHT,MLO,1,5,2,mass,N/A,N/A,IRREGULAR,SPICULATED,MALIGNANT,1
P_00836,,2.0,LEFT,CC,1,5,5,mass,N/A,N/A,IRREGULAR,SPICULATED,MALIGNANT,1
P_00836,,2.0,LEFT,MLO,1,5,5,mass,N/A,N/A,IRREGULAR,SPICULATED,MALIGNANT,1
P_00841,,2.0,RIGHT,CC,1,3,5,mass,N/A,N/A,OVAL,OBSCURED,BENIGN,0
P_00841,,2.0,RIGHT,MLO,1,3,4,mass,N/A,N/A,OVAL,CIRCUMSCRIBED,BENIGN,0
P_00844,,3.0,RIGHT,CC,1,4,4,mass,N/A,N/A,LOBULATED,CIRCUMSCRIBED-ILL_DEFINED,BENIGN,0
P_00844,,3.0,RIGHT,MLO,1,4,4,mass,N/A,N/A,IRREGULAR,CIRCUMSCRIBED-ILL_DEFINED,BENIGN,0
P_00845,,2.0,RIGHT,CC,1,4,2,mass,N/A,N/A,LOBULATED,OBSCURED,MALIGNANT,1
P_00847,,4.0,LEFT,MLO,1,2,4,mass,N/A,N/A,ARCHITECTURAL_DISTORTION,N/A,BENIGN,0
P_00848,,3.0,LEFT,CC,1,4,4,mass,N/A,N/A,IRREGULAR-ARCHITECTURAL_DISTORTION,ILL_DEFINED-SPICULATED,MALIGNANT,1
P_00848,,3.0,LEFT,MLO,1,4,3,mass,N/A,N/A,ARCHITECTURAL_DISTORTION,ILL_DEFINED-SPICULATED,MALIGNANT,1
P_00849,,1.0,LEFT,CC,1,5,5,mass,N/A,N/A,LOBULATED,MICROLOBULATED,MALIGNANT,1
P_00849,,1.0,LEFT,MLO,1,5,5,mass,N/A,N/A,LOBULATED,MICROLOBULATED,MALIGNANT,1
P_00851,,3.0,LEFT,CC,1,4,3,mass,N/A,N/A,LOBULATED,OBSCURED,MALIGNANT,1
P_00851,,3.0,LEFT,MLO,1,4,3,mass,N/A,N/A,LOBULATED,OBSCURED,MALIGNANT,1
P_00853,,3.0,RIGHT,CC,1,4,1,mass,N/A,N/A,LOBULATED,ILL_DEFINED,MALIGNANT,1
P_00859,,2.0,LEFT,CC,1,0,4,mass,N/A,N/A,OVAL,OBSCURED,BENIGN,0
P_00859,,2.0,LEFT,MLO,1,0,4,mass,N/A,N/A,OVAL,OBSCURED,BENIGN,0
P_00863,,2.0,RIGHT,CC,1,4,4,mass,N/A,N/A,LOBULATED,OBSCURED,BENIGN,0
P_00863,,2.0,RIGHT,MLO,1,4,3,mass,N/A,N/A,OVAL,OBSCURED,BENIGN,0
P_00865,,2.0,RIGHT,MLO,1,4,4,mass,N/A,N/A,OVAL,ILL_DEFINED,MALIGNANT,1
P_00865,,2.0,RIGHT,MLO,2,4,4,mass,N/A,N/A,OVAL,ILL_DEFINED,MALIGNANT,1
P_00869,,1.0,LEFT,CC,1,3,4,mass,N/A,N/A,LOBULATED,CIRCUMSCRIBED,BENIGN,0
P_00869,,1.0,LEFT,MLO,1,3,5,mass,N/A,N/A,LOBULATED,CIRCUMSCRIBED,BENIGN,0
P_00870,,3.0,LEFT,CC,1,5,5,mass,N/A,N/A,LOBULATED,SPICULATED,MALIGNANT,1
P_00870,,3.0,LEFT,MLO,1,5,5,mass,N/A,N/A,LOBULATED,SPICULATED,MALIGNANT,1
P_00871,,2.0,LEFT,CC,1,4,3,mass,N/A,N/A,IRREGULAR,ILL_DEFINED,MALIGNANT,1
P_00871,,2.0,LEFT,MLO,1,4,5,mass,N/A,N/A,ROUND,ILL_DEFINED,MALIGNANT,1
P_00881,,2.0,LEFT,CC,1,4,2,mass,N/A,N/A,IRREGULAR,ILL_DEFINED,MALIGNANT,1
P_00881,,2.0,LEFT,MLO,1,4,2,mass,N/A,N/A,IRREGULAR,ILL_DEFINED,MALIGNANT,1
P_00884,,3.0,LEFT,MLO,1,4,5,mass,N/A,N/A,IRREGULAR,SPICULATED,BENIGN_WITHOUT_CALLBACK,0
P_00886,,3.0,LEFT,CC,1,5,4,mass,N/A,N/A,IRREGULAR,ILL_DEFINED,MALIGNANT,1
P_00886,,3.0,LEFT,MLO,1,5,5,mass,N/A,N/A,ROUND,SPICULATED,MALIGNANT,1
P_00889,,3.0,LEFT,CC,1,4,4,mass,N/A,N/A,OVAL,MICROLOBULATED,MALIGNANT,1
P_00889,,3.0,LEFT,MLO,1,4,5,mass,N/A,N/A,LOBULATED,MICROLOBULATED,MALIGNANT,1
P_00891,,1.0,RIGHT,CC,1,5,5,mass,N/A,N/A,IRREGULAR,SPICULATED,MALIGNANT,1
P_00891,,1.0,RIGHT,MLO,1,5,5,mass,N/A,N/A,IRREGULAR,SPICULATED,MALIGNANT,1
P_00892,,3.0,LEFT,CC,1,4,4,mass,N/A,N/A,IRREGULAR,SPICULATED,MALIGNANT,1
P_00892,,3.0,LEFT,MLO,1,5,5,mass,N/A,N/A,IRREGULAR,SPICULATED,MALIGNANT,1
P_00894,,2.0,RIGHT,MLO,1,3,1,mass,N/A,N/A,LOBULATED,CIRCUMSCRIBED,BENIGN,0
P_00896,,3.0,LEFT,CC,1,4,4,mass,N/A,N/A,OVAL,OBSCURED,BENIGN,0
P_00898,,2.0,LEFT,CC,1,4,4,mass,N/A,N/A,IRREGULAR,ILL_DEFINED,MALIGNANT,1
P_00900,,2.0,LEFT,MLO,1,4,4,mass,N/A,N/A,LOBULATED,MICROLOBULATED,MALIGNANT,1
P_00901,,2.0,RIGHT,CC,1,5,3,mass,N/A,N/A,IRREGULAR,SPICULATED,MALIGNANT,1
P_00901,,2.0,RIGHT,MLO,1,5,3,mass,N/A,N/A,IRREGULAR,SPICULATED,MALIGNANT,1
P_00902,,3.0,LEFT,CC,1,4,3,mass,N/A,N/A,IRREGULAR,ILL_DEFINED,MALIGNANT,1
P_00902,,3.0,LEFT,MLO,1,4,1,mass,N/A,N/A,ARCHITECTURAL_DISTORTION,N/A,MALIGNANT,1
P_00903,,4.0,LEFT,MLO,1,5,4,mass,N/A,N/A,IRREGULAR,SPICULATED,MALIGNANT,1
P_00906,,4.0,LEFT,CC,1,4,3,mass,N/A,N/A,LOBULATED,OBSCURED-ILL_DEFINED,MALIGNANT,1
P_00906,,4.0,LEFT,MLO,1,3,2,mass,N/A,N/A,LOBULATED,OBSCURED,MALIGNANT,1
P_00911,,3.0,LEFT,CC,1,4,3,mass,N/A,N/A,ARCHITECTURAL_DISTORTION,ILL_DEFINED,BENIGN,0
P_00913,,3.0,LEFT,CC,1,0,4,mass,N/A,N/A,OVAL,MICROLOBULATED,MALIGNANT,1
P_00913,,3.0,LEFT,MLO,1,0,4,mass,N/A,N/A,OVAL,MICROLOBULATED,MALIGNANT,1
P_00914,,3.0,LEFT,CC,1,3,3,mass,N/A,N/A,LOBULATED,CIRCUMSCRIBED-ILL_DEFINED,MALIGNANT,1
P_00914,,3.0,LEFT,CC,2,3,3,mass,N/A,N/A,LOBULATED,CIRCUMSCRIBED-ILL_DEFINED,MALIGNANT,1
P_00914,,3.0,LEFT,CC,3,3,3,mass,N/A,N/A,LOBULATED,CIRCUMSCRIBED-ILL_DEFINED,MALIGNANT,1
P_00914,,3.0,LEFT,MLO,1,3,3,mass,N/A,N/A,LOBULATED,CIRCUMSCRIBED-ILL_DEFINED,MALIGNANT,1
P_00914,,3.0,LEFT,MLO,2,3,3,mass,N/A,N/A,LOBULATED,CIRCUMSCRIBED-ILL_DEFINED,MALIGNANT,1
P_00914,,3.0,LEFT,MLO,3,3,3,mass,N/A,N/A,LOBULATED,CIRCUMSCRIBED-ILL_DEFINED,MALIGNANT,1
P_00915,,3.0,RIGHT,CC,1,0,4,mass,N/A,N/A,LOBULATED,CIRCUMSCRIBED,MALIGNANT,1
P_00915,,3.0,RIGHT,MLO,1,0,4,mass,N/A,N/A,LOBULATED,CIRCUMSCRIBED,MALIGNANT,1
P_00917,,4.0,RIGHT,MLO,1,4,4,mass,N/A,N/A,OVAL,OBSCURED,BENIGN,0
P_00920,,3.0,RIGHT,CC,1,4,5,mass,N/A,N/A,OVAL,CIRCUMSCRIBED,BENIGN,0
P_00920,,3.0,RIGHT,MLO,1,4,2,mass,N/A,N/A,OVAL,MICROLOBULATED,BENIGN,0
P_00921,,3.0,RIGHT,CC,1,5,4,mass,N/A,N/A,IRREGULAR,SPICULATED,MALIGNANT,1
P_00927,,1.0,LEFT,CC,1,0,4,mass,N/A,N/A,IRREGULAR,OBSCURED,BENIGN,0
P_00927,,1.0,LEFT,MLO,1,0,4,mass,N/A,N/A,IRREGULAR,OBSCURED,BENIGN,0
P_00929,,2.0,LEFT,CC,1,5,5,mass,N/A,N/A,IRREGULAR,SPICULATED,MALIGNANT,1
P_00929,,2.0,LEFT,MLO,1,5,4,mass,N/A,N/A,IRREGULAR,SPICULATED,MALIGNANT,1
P_00931,,2.0,LEFT,CC,1,4,3,mass,N/A,N/A,IRREGULAR,ILL_DEFINED,MALIGNANT,1
P_00931,,2.0,LEFT,MLO,1,4,3,mass,N/A,N/A,IRREGULAR,ILL_DEFINED,MALIGNANT,1
P_00935,,2.0,LEFT,CC,1,4,4,mass,N/A,N/A,OVAL,OBSCURED,MALIGNANT,1
P_00935,,2.0,LEFT,MLO,1,4,4,mass,N/A,N/A,OVAL,OBSCURED,MALIGNANT,1
P_00939,,3.0,RIGHT,CC,1,3,3,mass,N/A,N/A,LOBULATED,OBSCURED,BENIGN,0
P_00939,,3.0,RIGHT,MLO,1,3,3,mass,N/A,N/A,LOBULATED,OBSCURED,BENIGN,0
P_00941,,2.0,LEFT,MLO,1,3,4,mass,N/A,N/A,ROUND,CIRCUMSCRIBED,BENIGN,0
P_00949,,3.0,LEFT,CC,1,0,5,mass,N/A,N/A,LOBULATED,OBSCURED,BENIGN,0
P_00949,,3.0,LEFT,MLO,1,0,5,mass,N/A,N/A,LOBULATED,OBSCURED,BENIGN,0
P_00950,,3.0,LEFT,CC,1,5,5,mass,N/A,N/A,IRREGULAR,SPICULATED,MALIGNANT,1
P_00952,,2.0,RIGHT,CC,1,3,5,mass,N/A,N/A,ASYMMETRIC_BREAST_TISSUE,ILL_DEFINED,BENIGN_WITHOUT_CALLBACK,0
P_00952,,2.0,RIGHT,MLO,1,3,5,mass,N/A,N/A,IRREGULAR,ILL_DEFINED,BENIGN_WITHOUT_CALLBACK,0
P_00958,,3.0,LEFT,CC,2,3,3,mass,N/A,N/A,LOBULATED,OBSCURED,BENIGN,0
P_00958,,3.0,LEFT,MLO,2,3,4,mass,N/A,N/A,OVAL,OBSCURED,BENIGN,0
P_00959,,2.0,RIGHT,MLO,1,5,5,mass,N/A,N/A,ROUND,SPICULATED,MALIGNANT,1
P_00961,,1.0,LEFT,MLO,1,5,5,mass,N/A,N/A,OVAL,MICROLOBULATED,MALIGNANT,1
P_00963,,1.0,LEFT,CC,1,3,5,mass,N/A,N/A,FOCAL_ASYMMETRIC_DENSITY,ILL_DEFINED,BENIGN,0
P_00963,,1.0,LEFT,MLO,1,3,5,mass,N/A,N/A,FOCAL_ASYMMETRIC_DENSITY,ILL_DEFINED,BENIGN,0
P_00968,,2.0,LEFT,CC,1,4,5,mass,N/A,N/A,IRREGULAR,SPICULATED,MALIGNANT,1
P_00968,,2.0,LEFT,MLO,1,4,3,mass,N/A,N/A,LOBULATED,ILL_DEFINED,MALIGNANT,1
P_00970,,2.0,LEFT,MLO,1,2,4,mass,N/A,N/A,ROUND,CIRCUMSCRIBED,BENIGN_WITHOUT_CALLBACK,0
P_00972,,1.0,LEFT,CC,1,4,4,mass,N/A,N/A,LOBULATED,ILL_DEFINED,MALIGNANT,1
P_00972,,1.0,LEFT,MLO,1,4,4,mass,N/A,N/A,LOBULATED,ILL_DEFINED,MALIGNANT,1
P_00976,,1.0,LEFT,CC,1,0,2,mass,N/A,N/A,IRREGULAR,OBSCURED,BENIGN,0
P_00976,,1.0,LEFT,MLO,1,0,2,mass,N/A,N/A,IRREGULAR,OBSCURED,BENIGN,0
P_00978,,3.0,RIGHT,CC,1,3,3,mass,N/A,N/A,OVAL,CIRCUMSCRIBED-OBSCURED,BENIGN,0
P_00978,,3.0,RIGHT,MLO,1,3,4,mass,N/A,N/A,OVAL,CIRCUMSCRIBED-OBSCURED,BENIGN,0
P_00982,,2.0,RIGHT,CC,1,3,4,mass,N/A,N/A,OVAL,CIRCUMSCRIBED,BENIGN,0
P_00982,,2.0,RIGHT,MLO,1,3,4,mass,N/A,N/A,OVAL,CIRCUMSCRIBED,BENIGN,0
P_00984,,1.0,RIGHT,CC,1,5,5,mass,N/A,N/A,LOBULATED,CIRCUMSCRIBED,MALIGNANT,1
P_00984,,1.0,RIGHT,MLO,1,5,5,mass,N/A,N/A,LOBULATED,CIRCUMSCRIBED,MALIGNANT,1
P_00988,,1.0,LEFT,CC,1,0,5,mass,N/A,N/A,OVAL,OBSCURED,BENIGN,0
P_00988,,1.0,LEFT,MLO,1,0,5,mass,N/A,N/A,OVAL,OBSCURED,BENIGN,0
P_00990,,2.0,RIGHT,CC,1,5,5,mass,N/A,N/A,ASYMMETRIC_BREAST_TISSUE,ILL_DEFINED,MALIGNANT,1
P_00990,,2.0,RIGHT,MLO,1,5,5,mass,N/A,N/A,ASYMMETRIC_BREAST_TISSUE,ILL_DEFINED,MALIGNANT,1
P_00994,,4.0,RIGHT,MLO,1,4,5,mass,N/A,N/A,OVAL,OBSCURED,BENIGN,0
P_00995,,2.0,LEFT,CC,1,5,5,mass,N/A,N/A,IRREGULAR,SPICULATED,MALIGNANT,1
P_00995,,2.0,LEFT,MLO,1,5,5,mass,N/A,N/A,IRREGULAR,SPICULATED,MALIGNANT,1
P_00996,,4.0,RIGHT,CC,1,4,3,mass,N/A,N/A,OVAL,ILL_DEFINED,BENIGN,0
P_00997,,2.0,LEFT,CC,1,5,5,mass,N/A,N/A,IRREGULAR,MICROLOBULATED,MALIGNANT,1
P_00997,,2.0,LEFT,MLO,1,5,5,mass,N/A,N/A,IRREGULAR,SPICULATED,MALIGNANT,1
P_00999,,2.0,LEFT,CC,1,5,5,mass,N/A,N/A,ROUND,SPICULATED,MALIGNANT,1
P_00999,,2.0,LEFT,MLO,1,5,5,mass,N/A,N/A,ROUND,SPICULATED,MALIGNANT,1
P_01000,,2.0,RIGHT,CC,1,5,5,mass,N/A,N/A,IRREGULAR,SPICULATED,MALIGNANT,1
P_01000,,2.0,RIGHT,MLO,1,5,5,mass,N/A,N/A,LOBULATED,SPICULATED,MALIGNANT,1
P_01008,,3.0,RIGHT,CC,1,5,5,mass,N/A,N/A,IRREGULAR,SPICULATED,MALIGNANT,1
P_01008,,3.0,RIGHT,MLO,1,5,5,mass,N/A,N/A,IRREGULAR,SPICULATED,MALIGNANT,1
P_01009,,2.0,RIGHT,CC,1,4,2,mass,N/A,N/A,OVAL,OBSCURED,MALIGNANT,1
P_01009,,2.0,RIGHT,MLO,1,4,3,mass,N/A,N/A,OVAL,OBSCURED,MALIGNANT,1
P_01018,,4.0,RIGHT,MLO,1,3,4,mass,N/A,N/A,OVAL,CIRCUMSCRIBED,BENIGN_WITHOUT_CALLBACK,0
P_01031,,2.0,LEFT,CC,1,5,5,mass,N/A,N/A,ARCHITECTURAL_DISTORTION,SPICULATED,MALIGNANT,1
P_01032,,3.0,RIGHT,CC,1,3,5,mass,N/A,N/A,OVAL,OBSCURED,BENIGN_WITHOUT_CALLBACK,0
P_01034,,2.0,RIGHT,CC,1,5,5,mass,N/A,N/A,IRREGULAR,SPICULATED,MALIGNANT,1
P_01034,,2.0,RIGHT,MLO,1,4,4,mass,N/A,N/A,IRREGULAR,MICROLOBULATED-SPICULATED,MALIGNANT,1
P_01035,,3.0,RIGHT,CC,1,4,4,mass,N/A,N/A,IRREGULAR,ILL_DEFINED,MALIGNANT,1
P_01035,,3.0,RIGHT,MLO,1,4,2,mass,N/A,N/A,IRREGULAR,ILL_DEFINED,MALIGNANT,1
P_01036,,2.0,RIGHT,MLO,1,4,1,mass,N/A,N/A,ASYMMETRIC_BREAST_TISSUE,OBSCURED,BENIGN_WITHOUT_CALLBACK,0
P_01039,,1.0,LEFT,CC,1,5,5,mass,N/A,N/A,OVAL,SPICULATED,MALIGNANT,1
P_01039,,1.0,RIGHT,CC,1,2,5,mass,N/A,N/A,ROUND,CIRCUMSCRIBED,BENIGN,0
P_01039,,1.0,RIGHT,CC,2,2,5,mass,N/A,N/A,ROUND,CIRCUMSCRIBED,BENIGN,0
P_01039,,1.0,RIGHT,CC,3,2,5,mass,N/A,N/A,ROUND,CIRCUMSCRIBED,BENIGN,0
P_01039,,1.0,RIGHT,CC,4,2,5,mass,N/A,N/A,ROUND,CIRCUMSCRIBED,BENIGN,0
P_01039,,1.0,RIGHT,CC,6,2,5,mass,N/A,N/A,ROUND,CIRCUMSCRIBED,BENIGN,0
P_01039,,1.0,RIGHT,MLO,1,2,5,mass,N/A,N/A,ROUND,CIRCUMSCRIBED,BENIGN,0
P_01039,,1.0,RIGHT,MLO,2,2,5,mass,N/A,N/A,ROUND,CIRCUMSCRIBED,BENIGN,0
P_01039,,1.0,RIGHT,MLO,3,2,5,mass,N/A,N/A,ROUND,CIRCUMSCRIBED,BENIGN,0
P_01039,,1.0,RIGHT,MLO,4,2,5,mass,N/A,N/A,ROUND,CIRCUMSCRIBED,BENIGN,0
P_01039,,1.0,RIGHT,MLO,5,2,5,mass,N/A,N/A,ROUND,CIRCUMSCRIBED,BENIGN,0
P_01039,,1.0,RIGHT,MLO,6,2,5,mass,N/A,N/A,ROUND,CIRCUMSCRIBED,BENIGN,0
P_01047,,3.0,LEFT,CC,1,4,3,mass,N/A,N/A,LOBULATED,CIRCUMSCRIBED,MALIGNANT,1
P_01047,,3.0,LEFT,MLO,1,4,3,mass,N/A,N/A,LOBULATED,CIRCUMSCRIBED,MALIGNANT,1
P_01048,,2.0,RIGHT,CC,1,0,3,mass,N/A,N/A,OVAL,OBSCURED,BENIGN,0
P_01048,,2.0,RIGHT,MLO,1,0,3,mass,N/A,N/A,OVAL,OBSCURED,BENIGN,0
P_01051,,3.0,RIGHT,CC,1,3,4,mass,N/A,N/A,ROUND,CIRCUMSCRIBED,BENIGN,0
P_01051,,3.0,RIGHT,MLO,1,3,4,mass,N/A,N/A,LOBULATED,CIRCUMSCRIBED,BENIGN,0
P_01052,,2.0,LEFT,CC,1,4,3,mass,N/A,N/A,IRREGULAR,ILL_DEFINED,BENIGN,0
P_01052,,2.0,LEFT,MLO,1,4,5,mass,N/A,N/A,IRREGULAR,ILL_DEFINED,BENIGN,0
P_01054,,1.0,RIGHT,MLO,1,4,5,mass,N/A,N/A,IRREGULAR,ILL_DEFINED,MALIGNANT,1
P_01057,,2.0,RIGHT,CC,1,5,5,mass,N/A,N/A,ROUND,ILL_DEFINED,MALIGNANT,1
P_01057,,2.0,RIGHT,MLO,1,5,5,mass,N/A,N/A,ROUND,ILL_DEFINED,MALIGNANT,1
P_01062,,3.0,RIGHT,CC,1,3,4,mass,N/A,N/A,ROUND,CIRCUMSCRIBED,BENIGN,0
P_01062,,3.0,RIGHT,MLO,1,4,4,mass,N/A,N/A,ROUND,CIRCUMSCRIBED-ILL_DEFINED,BENIGN,0
P_01070,,1.0,LEFT,CC,1,4,4,mass,N/A,N/A,IRREGULAR,ILL_DEFINED,MALIGNANT,1
P_01070,,1.0,LEFT,MLO,1,4,4,mass,N/A,N/A,IRREGULAR,ILL_DEFINED,MALIGNANT,1
P_01071,,1.0,LEFT,CC,1,5,5,mass,N/A,N/A,IRREGULAR,SPICULATED,MALIGNANT,1
P_01071,,1.0,LEFT,MLO,1,5,5,mass,N/A,N/A,IRREGULAR,SPICULATED,MALIGNANT,1
P_01076,,3.0,RIGHT,CC,1,5,5,mass,N/A,N/A,IRREGULAR,MICROLOBULATED,MALIGNANT,1
P_01076,,3.0,RIGHT,MLO,1,5,5,mass,N/A,N/A,IRREGULAR,MICROLOBULATED,MALIGNANT,1
P_01077,,3.0,LEFT,CC,1,0,5,mass,N/A,N/A,OVAL,OBSCURED,BENIGN,0
P_01079,,2.0,RIGHT,CC,1,4,3,mass,N/A,N/A,IRREGULAR,ILL_DEFINED-SPICULATED,MALIGNANT,1
P_01079,,2.0,RIGHT,MLO,1,5,4,mass,N/A,N/A,IRREGULAR,SPICULATED,MALIGNANT,1
P_01082,,1.0,RIGHT,MLO,1,4,5,mass,N/A,N/A,OVAL,CIRCUMSCRIBED,BENIGN,0
P_01083,,3.0,RIGHT,MLO,1,5,5,mass,N/A,N/A,ROUND,CIRCUMSCRIBED,MALIGNANT,1
P_01084,,3.0,LEFT,CC,1,4,4,mass,N/A,N/A,IRREGULAR-ARCHITECTURAL_DISTORTION,OBSCURED-SPICULATED,MALIGNANT,1
P_01084,,3.0,LEFT,MLO,1,4,4,mass,N/A,N/A,IRREGULAR-ARCHITECTURAL_DISTORTION,OBSCURED-SPICULATED,MALIGNANT,1
P_01086,,3.0,LEFT,MLO,1,4,2,mass,N/A,N/A,IRREGULAR,ILL_DEFINED,MALIGNANT,1
P_01088,,2.0,LEFT,CC,1,5,4,mass,N/A,N/A,LOBULATED,ILL_DEFINED,MALIGNANT,1
P_01088,,2.0,LEFT,MLO,1,5,5,mass,N/A,N/A,LOBULATED,MICROLOBULATED,MALIGNANT,1
P_01093,,4.0,LEFT,CC,1,4,4,mass,N/A,N/A,LOBULATED,MICROLOBULATED,MALIGNANT,1
P_01093,,4.0,LEFT,MLO,1,4,4,mass,N/A,N/A,LOBULATED,MICROLOBULATED,MALIGNANT,1
P_01097,,4.0,LEFT,CC,1,4,2,mass,N/A,N/A,LOBULATED-ARCHITECTURAL_DISTORTION,OBSCURED-ILL_DEFINED,MALIGNANT,1
P_01097,,4.0,LEFT,MLO,1,3,2,mass,N/A,N/A,LOBULATED,OBSCURED-ILL_DEFINED,MALIGNANT,1
P_01103,,1.0,RIGHT,CC,1,4,5,mass,N/A,N/A,OVAL,CIRCUMSCRIBED,BENIGN,0
P_01103,,1.0,RIGHT,CC,2,4,5,mass,N/A,N/A,OVAL,MICROLOBULATED,MALIGNANT,1
P_01103,,1.0,RIGHT,CC,3,4,5,mass,N/A,N/A,OVAL,MICROLOBULATED,MALIGNANT,1
P_01103,,1.0,RIGHT,MLO,1,4,5,mass,N/A,N/A,OVAL,CIRCUMSCRIBED,BENIGN,0
P_01103,,1.0,RIGHT,MLO,2,4,5,mass,N/A,N/A,OVAL,MICROLOBULATED,MALIGNANT,1
P_01103,,1.0,RIGHT,MLO,3,4,5,mass,N/A,N/A,OVAL,MICROLOBULATED,MALIGNANT,1
P_01104,,3.0,LEFT,MLO,1,4,2,mass,N/A,N/A,OVAL,OBSCURED-ILL_DEFINED,BENIGN,0
P_01109,,3.0,LEFT,MLO,1,4,5,mass,N/A,N/A,LOBULATED,CIRCUMSCRIBED,MALIGNANT,1
P_01112,,2.0,LEFT,CC,1,4,5,mass,N/A,N/A,ARCHITECTURAL_DISTORTION,SPICULATED,BENIGN,0
P_01112,,2.0,LEFT,MLO,1,4,3,mass,N/A,N/A,ARCHITECTURAL_DISTORTION,SPICULATED,BENIGN,0
P_01115,,2.0,RIGHT,CC,1,0,4,mass,N/A,N/A,OVAL,OBSCURED,BENIGN,0
P_01115,,2.0,RIGHT,MLO,1,0,4,mass,N/A,N/A,OVAL,OBSCURED,BENIGN,0
P_01118,,2.0,RIGHT,CC,1,4,4,mass,N/A,N/A,OVAL,ILL_DEFINED,BENIGN,0
P_01118,,2.0,RIGHT,MLO,1,4,4,mass,N/A,N/A,OVAL,ILL_DEFINED,BENIGN,0
P_01120,,3.0,LEFT,CC,1,5,4,mass,N/A,N/A,IRREGULAR,SPICULATED,MALIGNANT,1
P_01120,,3.0,LEFT,MLO,1,5,4,mass,N/A,N/A,IRREGULAR,SPICULATED,MALIGNANT,1
P_01123,,2.0,LEFT,CC,1,4,3,mass,N/A,N/A,LOBULATED,CIRCUMSCRIBED,BENIGN,0
P_01123,,2.0,LEFT,MLO,1,4,3,mass,N/A,N/A,LOBULATED,CIRCUMSCRIBED-ILL_DEFINED,BENIGN,0
P_01124,,2.0,RIGHT,CC,1,0,4,mass,N/A,N/A,OVAL,OBSCURED,BENIGN,0
P_01124,,2.0,RIGHT,MLO,1,0,4,mass,N/A,N/A,OVAL,OBSCURED,BENIGN,0
P_01130,,2.0,RIGHT,CC,1,4,5,mass,N/A,N/A,IRREGULAR,SPICULATED,MALIGNANT,1
P_01130,,2.0,RIGHT,MLO,1,4,5,mass,N/A,N/A,IRREGULAR-ARCHITECTURAL_DISTORTION,SPICULATED,MALIGNANT,1
P_01131,,3.0,LEFT,CC,1,0,5,mass,N/A,N/A,LOBULATED,CIRCUMSCRIBED,BENIGN,0
P_01131,,3.0,LEFT,MLO,1,0,5,mass,N/A,N/A,LOBULATED,CIRCUMSCRIBED,BENIGN,0
P_01133,,2.0,RIGHT,CC,1,4,4,mass,N/A,N/A,ARCHITECTURAL_DISTORTION,N/A,BENIGN_WITHOUT_CALLBACK,0
P_01134,,2.0,RIGHT,CC,1,5,5,mass,N/A,N/A,IRREGULAR,SPICULATED,MALIGNANT,1
P_01134,,2.0,RIGHT,MLO,1,5,5,mass,N/A,N/A,IRREGULAR,SPICULATED,MALIGNANT,1
P_01138,,1.0,RIGHT,CC,1,4,5,mass,N/A,N/A,IRREGULAR-ARCHITECTURAL_DISTORTION,SPICULATED,MALIGNANT,1
P_01138,,1.0,RIGHT,MLO,1,4,5,mass,N/A,N/A,IRREGULAR,SPICULATED,MALIGNANT,1
P_01142,,2.0,RIGHT,CC,1,3,5,mass,N/A,N/A,IRREGULAR,SPICULATED,BENIGN_WITHOUT_CALLBACK,0
P_01142,,2.0,RIGHT,MLO,1,3,5,mass,N/A,N/A,FOCAL_ASYMMETRIC_DENSITY,N/A,BENIGN_WITHOUT_CALLBACK,0
P_01144,,2.0,LEFT,CC,1,5,5,mass,N/A,N/A,OVAL,SPICULATED,MALIGNANT,1
P_01144,,2.0,LEFT,MLO,1,4,5,mass,N/A,N/A,OVAL,MICROLOBULATED,MALIGNANT,1
P_01146,,3.0,LEFT,CC,1,4,2,mass,N/A,N/A,LOBULATED,CIRCUMSCRIBED,BENIGN,0
P_01149,,2.0,RIGHT,CC,1,3,1,mass,N/A,N/A,IRREGULAR,ILL_DEFINED,MALIGNANT,1
P_01149,,2.0,RIGHT,MLO,1,4,4,mass,N/A,N/A,ARCHITECTURAL_DISTORTION,ILL_DEFINED,MALIGNANT,1
P_01150,,2.0,LEFT,CC,1,4,3,mass,N/A,N/A,LOBULATED,CIRCUMSCRIBED-OBSCURED,BENIGN,0
P_01150,,2.0,LEFT,MLO,1,4,3,mass,N/A,N/A,LOBULATED,CIRCUMSCRIBED,BENIGN,0
P_01151,,2.0,RIGHT,CC,1,3,3,mass,N/A,N/A,LOBULATED,OBSCURED-ILL_DEFINED,MALIGNANT,1
P_01151,,2.0,RIGHT,MLO,1,3,3,mass,N/A,N/A,LOBULATED,OBSCURED-ILL_DEFINED,MALIGNANT,1
P_01152,,2.0,RIGHT,CC,1,3,5,mass,N/A,N/A,LOBULATED,CIRCUMSCRIBED,BENIGN,0
P_01152,,2.0,RIGHT,CC,3,3,4,mass,N/A,N/A,OVAL,OBSCURED,BENIGN,0
P_01152,,2.0,RIGHT,MLO,1,3,5,mass,N/A,N/A,LOBULATED,CIRCUMSCRIBED,BENIGN,0
P_01152,,2.0,RIGHT,MLO,3,3,5,mass,N/A,N/A,OVAL,OBSCURED,BENIGN,0
P_01153,,2.0,RIGHT,CC,1,4,3,mass,N/A,N/A,OVAL,OBSCURED,BENIGN,0
P_01155,,2.0,RIGHT,CC,1,4,1,mass,N/A,N/A,OVAL,ILL_DEFINED,MALIGNANT,1
P_01155,,2.0,RIGHT,MLO,1,4,1,mass,N/A,N/A,OVAL,OBSCURED,MALIGNANT,1
P_01158,,4.0,RIGHT,CC,1,4,3,mass,N/A,N/A,LOBULATED,OBSCURED,BENIGN,0
P_01158,,4.0,RIGHT,MLO,1,4,3,mass,N/A,N/A,LOBULATED,OBSCURED,BENIGN,0
P_01162,,3.0,LEFT,CC,1,4,4,mass,N/A,N/A,ROUND,CIRCUMSCRIBED,BENIGN,0
P_01162,,3.0,LEFT,MLO,1,4,4,mass,N/A,N/A,ROUND,CIRCUMSCRIBED,BENIGN,0
P_01163,,2.0,LEFT,CC,1,4,5,mass,N/A,N/A,OVAL,SPICULATED,MALIGNANT,1
P_01163,,2.0,LEFT,MLO,1,4,5,mass,N/A,N/A,OVAL,SPICULATED,MALIGNANT,1
P_01164,,2.0,RIGHT,CC,1,0,5,mass,N/A,N/A,OVAL,OBSCURED,BENIGN,0
P_01164,,2.0,RIGHT,MLO,1,0,5,mass,N/A,N/A,OVAL,OBSCURED,BENIGN,0
P_01165,,4.0,LEFT,CC,1,2,5,mass,N/A,N/A,ARCHITECTURAL_DISTORTION,SPICULATED,BENIGN_WITHOUT_CALLBACK,0
P_01165,,4.0,LEFT,MLO,1,2,5,mass,N/A,N/A,ARCHITECTURAL_DISTORTION,SPICULATED,BENIGN_WITHOUT_CALLBACK,0
P_01165,,4.0,RIGHT,CC,1,4,2,mass,N/A,N/A,ARCHITECTURAL_DISTORTION,SPICULATED,MALIGNANT,1
P_01171,,2.0,LEFT,CC,1,4,5,mass,N/A,N/A,LOBULATED,CIRCUMSCRIBED,BENIGN,0
P_01171,,2.0,LEFT,MLO,1,4,5,mass,N/A,N/A,LOBULATED,CIRCUMSCRIBED,BENIGN,0
P_01173,,3.0,RIGHT,CC,1,5,1,mass,N/A,N/A,ARCHITECTURAL_DISTORTION,SPICULATED,MALIGNANT,1
P_01173,,3.0,RIGHT,MLO,1,5,1,mass,N/A,N/A,ARCHITECTURAL_DISTORTION,SPICULATED,MALIGNANT,1
P_01175,,1.0,LEFT,MLO,1,3,5,mass,N/A,N/A,OVAL,CIRCUMSCRIBED,BENIGN_WITHOUT_CALLBACK,0
P_01175,,1.0,RIGHT,CC,1,3,5,mass,N/A,N/A,LOBULATED,CIRCUMSCRIBED,BENIGN_WITHOUT_CALLBACK,0
P_01175,,1.0,RIGHT,MLO,1,3,4,mass,N/A,N/A,LOBULATED,CIRCUMSCRIBED,BENIGN_WITHOUT_CALLBACK,0
P_01178,,3.0,RIGHT,CC,1,4,3,mass,N/A,N/A,OVAL,ILL_DEFINED,BENIGN,0
P_01178,,3.0,RIGHT,MLO,1,4,4,mass,N/A,N/A,OVAL,CIRCUMSCRIBED,BENIGN,0
P_01179,,3.0,LEFT,CC,1,4,4,mass,N/A,N/A,IRREGULAR,ILL_DEFINED,MALIGNANT,1
P_01179,,3.0,LEFT,MLO,1,4,4,mass,N/A,N/A,IRREGULAR,ILL_DEFINED,MALIGNANT,1
P_01181,,2.0,LEFT,CC,1,4,4,mass,N/A,N/A,OVAL,OBSCURED,BENIGN,0
P_01181,,2.0,LEFT,MLO,1,4,4,mass,N/A,N/A,OVAL,ILL_DEFINED,BENIGN,0
P_01182,,2.0,LEFT,CC,1,0,4,mass,N/A,N/A,OVAL,MICROLOBULATED,BENIGN,0
P_01182,,2.0,LEFT,MLO,1,0,4,mass,N/A,N/A,OVAL,MICROLOBULATED,BENIGN,0
P_01185,,2.0,RIGHT,CC,1,2,4,mass,N/A,N/A,ASYMMETRIC_BREAST_TISSUE,N/A,BENIGN_WITHOUT_CALLBACK,0
P_01185,,2.0,RIGHT,MLO,1,2,4,mass,N/A,N/A,ASYMMETRIC_BREAST_TISSUE,N/A,BENIGN_WITHOUT_CALLBACK,0
P_01189,,1.0,LEFT,CC,1,5,4,mass,N/A,N/A,IRREGULAR,SPICULATED,MALIGNANT,1
P_01189,,1.0,LEFT,MLO,1,5,5,mass,N/A,N/A,IRREGULAR,SPICULATED,MALIGNANT,1
P_01190,,2.0,LEFT,CC,1,5,5,mass,N/A,N/A,IRREGULAR,ILL_DEFINED,MALIGNANT,1
P_01190,,2.0,LEFT,MLO,1,5,5,mass,N/A,N/A,IRREGULAR,ILL_DEFINED,MALIGNANT,1
P_01194,,1.0,LEFT,MLO,1,3,3,mass,N/A,N/A,LOBULATED,OBSCURED,BENIGN,0
P_01201,,3.0,LEFT,CC,1,4,4,mass,N/A,N/A,LOBULATED-IRREGULAR,OBSCURED-ILL_DEFINED,MALIGNANT,1
P_01201,,3.0,LEFT,MLO,1,4,4,mass,N/A,N/A,LOBULATED-IRREGULAR,OBSCURED-ILL_DEFINED,MALIGNANT,1
P_01203,,2.0,RIGHT,CC,1,3,5,mass,N/A,N/A,ROUND,CIRCUMSCRIBED,BENIGN,0
P_01203,,2.0,RIGHT,MLO,1,3,3,mass,N/A,N/A,ROUND,OBSCURED,BENIGN,0
P_01206,,2.0,RIGHT,CC,1,4,3,mass,N/A,N/A,ARCHITECTURAL_DISTORTION,SPICULATED,MALIGNANT,1
P_01206,,2.0,RIGHT,MLO,1,4,3,mass,N/A,N/A,ARCHITECTURAL_DISTORTION,SPICULATED,MALIGNANT,1
P_01207,,3.0,RIGHT,MLO,1,2,4,mass,N/A,N/A,FOCAL_ASYMMETRIC_DENSITY,N/A,BENIGN_WITHOUT_CALLBACK,0
P_01209,,2.0,LEFT,CC,1,4,4,mass,N/A,N/A,LOBULATED,CIRCUMSCRIBED-MICROLOBULATED,BENIGN,0
P_01212,,3.0,RIGHT,CC,1,4,2,mass,N/A,N/A,LOBULATED,ILL_DEFINED,BENIGN,0
P_01212,,3.0,RIGHT,MLO,1,4,2,mass,N/A,N/A,LOBULATED,ILL_DEFINED,BENIGN,0
P_01215,,3.0,RIGHT,CC,1,4,3,mass,N/A,N/A,OVAL,CIRCUMSCRIBED,BENIGN,0
P_01215,,3.0,RIGHT,MLO,1,4,3,mass,N/A,N/A,OVAL,CIRCUMSCRIBED,BENIGN,0
P_01216,,1.0,RIGHT,CC,1,3,5,mass,N/A,N/A,LOBULATED,MICROLOBULATED,BENIGN,0
P_01216,,1.0,RIGHT,MLO,1,3,5,mass,N/A,N/A,OVAL,CIRCUMSCRIBED,BENIGN,0
P_01218,,2.0,RIGHT,CC,2,5,5,mass,N/A,N/A,IRREGULAR-ARCHITECTURAL_DISTORTION,SPICULATED,MALIGNANT,1
P_01218,,2.0,RIGHT,MLO,2,5,5,mass,N/A,N/A,IRREGULAR-ARCHITECTURAL_DISTORTION,SPICULATED,MALIGNANT,1
P_01221,,3.0,LEFT,CC,1,5,2,mass,N/A,N/A,ASYMMETRIC_BREAST_TISSUE,ILL_DEFINED,MALIGNANT,1
P_01221,,3.0,LEFT,MLO,1,5,4,mass,N/A,N/A,ARCHITECTURAL_DISTORTION,ILL_DEFINED,MALIGNANT,1
P_01222,,3.0,LEFT,MLO,1,4,5,mass,N/A,N/A,ROUND,ILL_DEFINED,MALIGNANT,1
P_01225,,2.0,RIGHT,CC,1,4,5,mass,N/A,N/A,ROUND,MICROLOBULATED,BENIGN,0
P_01225,,2.0,RIGHT,MLO,1,4,5,mass,N/A,N/A,LOBULATED,MICROLOBULATED,BENIGN,0
P_01226,,1.0,LEFT,MLO,1,4,2,mass,N/A,N/A,LOBULATED,OBSCURED,BENIGN,0
P_01230,,1.0,LEFT,MLO,1,4,2,mass,N/A,N/A,IRREGULAR,ILL_DEFINED,MALIGNANT,1
P_01231,,1.0,LEFT,CC,1,3,4,mass,N/A,N/A,ASYMMETRIC_BREAST_TISSUE,N/A,BENIGN_WITHOUT_CALLBACK,0
P_01231,,1.0,LEFT,MLO,1,3,5,mass,N/A,N/A,OVAL,ILL_DEFINED,BENIGN_WITHOUT_CALLBACK,0
P_01232,,2.0,RIGHT,CC,1,5,5,mass,N/A,N/A,IRREGULAR,SPICULATED,MALIGNANT,1
P_01232,,2.0,RIGHT,MLO,1,5,4,mass,N/A,N/A,ARCHITECTURAL_DISTORTION,ILL_DEFINED,MALIGNANT,1
P_01233,,3.0,LEFT,CC,1,0,4,mass,N/A,N/A,OVAL,OBSCURED,BENIGN,0
P_01233,,3.0,LEFT,MLO,1,0,4,mass,N/A,N/A,OVAL,OBSCURED,BENIGN,0
P_01237,,2.0,RIGHT,MLO,1,3,4,mass,N/A,N/A,ROUND,CIRCUMSCRIBED,BENIGN,0
P_01238,,3.0,RIGHT,CC,1,3,4,mass,N/A,N/A,ROUND,OBSCURED,BENIGN,0
P_01238,,3.0,RIGHT,MLO,1,3,4,mass,N/A,N/A,OVAL,OBSCURED,BENIGN,0
P_01239,,4.0,RIGHT,CC,1,4,4,mass,N/A,N/A,LOBULATED,MICROLOBULATED,BENIGN,0
P_01241,,3.0,RIGHT,CC,1,4,3,mass,N/A,N/A,IRREGULAR,OBSCURED-ILL_DEFINED,MALIGNANT,1
P_01241,,3.0,RIGHT,MLO,1,3,2,mass,N/A,N/A,IRREGULAR,OBSCURED-ILL_DEFINED,MALIGNANT,1
P_01243,,3.0,LEFT,CC,1,0,3,mass,N/A,N/A,OVAL,OBSCURED,BENIGN,0
P_01243,,3.0,LEFT,MLO,1,0,3,mass,N/A,N/A,OVAL,OBSCURED,BENIGN,0
P_01248,,1.0,LEFT,CC,1,5,5,mass,N/A,N/A,LOBULATED,MICROLOBULATED,MALIGNANT,1
P_01248,,1.0,LEFT,MLO,1,5,5,mass,N/A,N/A,LOBULATED,ILL_DEFINED,MALIGNANT,1
P_01250,,2.0,RIGHT,CC,1,2,5,mass,N/A,N/A,ARCHITECTURAL_DISTORTION,SPICULATED,BENIGN,0
P_01250,,2.0,RIGHT,MLO,1,2,5,mass,N/A,N/A,ARCHITECTURAL_DISTORTION,SPICULATED,BENIGN,0
P_01258,,1.0,LEFT,CC,1,4,3,mass,N/A,N/A,IRREGULAR,ILL_DEFINED,MALIGNANT,1
P_01260,,2.0,LEFT,MLO,1,4,4,mass,N/A,N/A,IRREGULAR,SPICULATED,MALIGNANT,1
P_01261,,2.0,LEFT,CC,1,5,5,mass,N/A,N/A,LOBULATED,MICROLOBULATED,MALIGNANT,1
P_01261,,2.0,LEFT,MLO,1,5,5,mass,N/A,N/A,LOBULATED,MICROLOBULATED,MALIGNANT,1
P_01262,,2.0,RIGHT,CC,1,5,5,mass,N/A,N/A,IRREGULAR-ARCHITECTURAL_DISTORTION,ILL_DEFINED-SPICULATED,MALIGNANT,1
P_01262,,2.0,RIGHT,CC,2,5,5,mass,N/A,N/A,IRREGULAR-ARCHITECTURAL_DISTORTION,ILL_DEFINED-SPICULATED,MALIGNANT,1
P_01262,,2.0,RIGHT,MLO,1,5,5,mass,N/A,N/A,IRREGULAR-ARCHITECTURAL_DISTORTION,ILL_DEFINED-SPICULATED,MALIGNANT,1
P_01264,,4.0,LEFT,MLO,1,4,4,mass,N/A,N/A,LOBULATED,CIRCUMSCRIBED,BENIGN,0
P_01265,,2.0,RIGHT,CC,1,3,5,mass,N/A,N/A,OVAL,CIRCUMSCRIBED,BENIGN,0
P_01265,,2.0,RIGHT,MLO,1,3,4,mass,N/A,N/A,OVAL,CIRCUMSCRIBED,BENIGN,0
P_01267,,2.0,RIGHT,MLO,1,4,4,mass,N/A,N/A,OVAL,ILL_DEFINED,BENIGN,0
P_01268,,3.0,RIGHT,CC,1,0,5,mass,N/A,N/A,LOBULATED,OBSCURED,BENIGN,0
P_01268,,3.0,RIGHT,MLO,1,0,5,mass,N/A,N/A,LOBULATED,OBSCURED,BENIGN,0
P_01270,,1.0,LEFT,CC,1,2,5,mass,N/A,N/A,OVAL,CIRCUMSCRIBED,BENIGN,0
P_01270,,1.0,LEFT,MLO,1,2,5,mass,N/A,N/A,OVAL,CIRCUMSCRIBED,BENIGN,0
P_01270,,1.0,RIGHT,CC,1,5,5,mass,N/A,N/A,LOBULATED,CIRCUMSCRIBED,MALIGNANT,1
P_01270,,1.0,RIGHT,MLO,1,5,5,mass,N/A,N/A,LOBULATED,CIRCUMSCRIBED,MALIGNANT,1
P_01270,,1.0,RIGHT,MLO,2,5,5,mass,N/A,N/A,LOBULATED,CIRCUMSCRIBED,MALIGNANT,1
P_01271,,3.0,RIGHT,CC,1,4,2,mass,N/A,N/A,IRREGULAR,ILL_DEFINED,BENIGN,0
P_01271,,3.0,RIGHT,MLO,1,4,2,mass,N/A,N/A,IRREGULAR,ILL_DEFINED,BENIGN,0
P_01273,,2.0,RIGHT,CC,1,3,5,mass,N/A,N/A,LOBULATED,CIRCUMSCRIBED,BENIGN,0
P_01273,,2.0,RIGHT,CC,2,3,5,mass,N/A,N/A,OVAL,CIRCUMSCRIBED,BENIGN,0
P_01273,,2.0,RIGHT,CC,3,3,5,mass,N/A,N/A,ROUND,CIRCUMSCRIBED,BENIGN,0
P_01273,,2.0,RIGHT,MLO,1,3,5,mass,N/A,N/A,LOBULATED,CIRCUMSCRIBED,BENIGN,0
P_01273,,2.0,RIGHT,MLO,2,3,5,mass,N/A,N/A,ROUND,CIRCUMSCRIBED,BENIGN,0
P_01273,,2.0,RIGHT,MLO,3,3,5,mass,N/A,N/A,LOBULATED,MICROLOBULATED,BENIGN,0
P_01274,,2.0,RIGHT,MLO,1,2,3,mass,N/A,N/A,LOBULATED-LYMPH_NODE,CIRCUMSCRIBED,BENIGN_WITHOUT_CALLBACK,0
P_01279,,2.0,LEFT,CC,1,4,5,mass,N/A,N/A,IRREGULAR,ILL_DEFINED,BENIGN,0
P_01280,,2.0,RIGHT,CC,1,4,4,mass,N/A,N/A,LOBULATED,CIRCUMSCRIBED-ILL_DEFINED,BENIGN,0
P_01280,,2.0,RIGHT,MLO,1,4,4,mass,N/A,N/A,LOBULATED,CIRCUMSCRIBED-OBSCURED,BENIGN,0
P_01281,,2.0,RIGHT,MLO,1,4,2,mass,N/A,N/A,FOCAL_ASYMMETRIC_DENSITY,ILL_DEFINED,MALIGNANT,1
P_01283,,3.0,RIGHT,MLO,1,4,3,mass,N/A,N/A,OVAL,ILL_DEFINED,BENIGN,0
P_01285,,2.0,RIGHT,CC,1,0,2,mass,N/A,N/A,LOBULATED,OBSCURED,BENIGN,0
P_01285,,2.0,RIGHT,MLO,1,0,2,mass,N/A,N/A,LOBULATED,OBSCURED,BENIGN,0
P_01290,,2.0,RIGHT,CC,1,5,5,mass,N/A,N/A,IRREGULAR-ARCHITECTURAL_DISTORTION,SPICULATED,MALIGNANT,1
P_01297,,4.0,LEFT,CC,1,3,3,mass,N/A,N/A,ROUND,CIRCUMSCRIBED,BENIGN,0
P_01297,,4.0,LEFT,MLO,1,3,3,mass,N/A,N/A,ROUND,CIRCUMSCRIBED,BENIGN,0
P_01299,,4.0,LEFT,MLO,1,4,3,mass,N/A,N/A,IRREGULAR,ILL_DEFINED,BENIGN,0
P_01301,,4.0,RIGHT,CC,1,4,3,mass,N/A,N/A,IRREGULAR,ILL_DEFINED,BENIGN,0
P_01301,,4.0,RIGHT,MLO,1,4,3,mass,N/A,N/A,IRREGULAR,ILL_DEFINED,BENIGN,0
P_01302,,2.0,RIGHT,CC,1,5,5,mass,N/A,N/A,IRREGULAR,MICROLOBULATED,MALIGNANT,1
P_01302,,2.0,RIGHT,MLO,1,5,5,mass,N/A,N/A,IRREGULAR,MICROLOBULATED,MALIGNANT,1
P_01304,,3.0,RIGHT,CC,1,4,2,mass,N/A,N/A,IRREGULAR-ARCHITECTURAL_DISTORTION,SPICULATED,MALIGNANT,1
P_01304,,3.0,RIGHT,MLO,1,4,3,mass,N/A,N/A,IRREGULAR-ARCHITECTURAL_DISTORTION,OBSCURED-SPICULATED,MALIGNANT,1
P_01305,,3.0,LEFT,CC,1,4,4,mass,N/A,N/A,ROUND,CIRCUMSCRIBED,BENIGN,0
P_01305,,3.0,LEFT,MLO,1,4,4,mass,N/A,N/A,OVAL,CIRCUMSCRIBED,BENIGN,0
P_01312,,4.0,LEFT,CC,1,5,4,mass,N/A,N/A,IRREGULAR,SPICULATED,MALIGNANT,1
P_01317,,3.0,RIGHT,MLO,1,4,4,mass,N/A,N/A,IRREGULAR,SPICULATED,BENIGN_WITHOUT_CALLBACK,0
P_01324,,3.0,LEFT,CC,1,0,5,mass,N/A,N/A,ARCHITECTURAL_DISTORTION,N/A,MALIGNANT,1
P_01324,,3.0,LEFT,MLO,1,0,5,mass,N/A,N/A,ARCHITECTURAL_DISTORTION,N/A,MALIGNANT,1
P_01325,,2.0,RIGHT,MLO,1,4,5,mass,N/A,N/A,IRREGULAR,ILL_DEFINED,MALIGNANT,1
P_01326,,2.0,LEFT,CC,1,5,5,mass,N/A,N/A,IRREGULAR,ILL_DEFINED,MALIGNANT,1
P_01326,,2.0,LEFT,MLO,1,5,5,mass,N/A,N/A,IRREGULAR,ILL_DEFINED,MALIGNANT,1
P_01327,,1.0,LEFT,MLO,1,3,4,mass,N/A,N/A,LOBULATED,OBSCURED,BENIGN,0
P_01328,,2.0,LEFT,CC,1,4,3,mass,N/A,N/A,IRREGULAR,ILL_DEFINED-SPICULATED,MALIGNANT,1
P_01328,,2.0,LEFT,MLO,1,4,3,mass,N/A,N/A,IRREGULAR,ILL_DEFINED,MALIGNANT,1
P_01330,,2.0,RIGHT,MLO,1,4,5,mass,N/A,N/A,ARCHITECTURAL_DISTORTION,SPICULATED,BENIGN_WITHOUT_CALLBACK,0
P_01332,,2.0,RIGHT,CC,1,2,4,mass,N/A,N/A,OVAL-LYMPH_NODE,CIRCUMSCRIBED,BENIGN_WITHOUT_CALLBACK,0
P_01332,,2.0,RIGHT,MLO,1,2,4,mass,N/A,N/A,LOBULATED-LYMPH_NODE,CIRCUMSCRIBED,BENIGN_WITHOUT_CALLBACK,0
P_01340,,2.0,LEFT,CC,1,4,2,mass,N/A,N/A,OVAL,ILL_DEFINED,BENIGN,0
P_01343,,2.0,LEFT,CC,1,5,5,mass,N/A,N/A,IRREGULAR-ARCHITECTURAL_DISTORTION,SPICULATED,MALIGNANT,1
P_01343,,2.0,LEFT,CC,2,4,5,mass,N/A,N/A,IRREGULAR,ILL_DEFINED-SPICULATED,MALIGNANT,1
P_01343,,2.0,LEFT,MLO,1,5,5,mass,N/A,N/A,IRREGULAR-ARCHITECTURAL_DISTORTION,SPICULATED,MALIGNANT,1
P_01343,,2.0,LEFT,MLO,2,4,5,mass,N/A,N/A,IRREGULAR,ILL_DEFINED-SPICULATED,MALIGNANT,1
P_01349,,3.0,LEFT,MLO,1,4,4,mass,N/A,N/A,OVAL,CIRCUMSCRIBED,BENIGN,0
P_01350,,2.0,RIGHT,CC,1,4,4,mass,N/A,N/A,LOBULATED,CIRCUMSCRIBED-ILL_DEFINED,MALIGNANT,1
P_01350,,2.0,RIGHT,MLO,1,4,4,mass,N/A,N/A,LOBULATED,CIRCUMSCRIBED-ILL_DEFINED,MALIGNANT,1
P_01354,,3.0,RIGHT,MLO,1,4,4,mass,N/A,N/A,IRREGULAR,ILL_DEFINED,BENIGN,0
P_01355,,3.0,LEFT,MLO,1,5,3,mass,N/A,N/A,IRREGULAR,SPICULATED,MALIGNANT,1
P_01356,,2.0,LEFT,CC,1,5,5,mass,N/A,N/A,IRREGULAR,SPICULATED,MALIGNANT,1
P_01356,,2.0,LEFT,MLO,1,5,5,mass,N/A,N/A,IRREGULAR,SPICULATED,MALIGNANT,1
P_01357,,1.0,LEFT,MLO,1,4,4,mass,N/A,N/A,OVAL,SPICULATED,MALIGNANT,1
P_01360,,3.0,LEFT,CC,1,5,2,mass,N/A,N/A,ARCHITECTURAL_DISTORTION,SPICULATED,MALIGNANT,1
P_01360,,3.0,LEFT,MLO,1,5,2,mass,N/A,N/A,ARCHITECTURAL_DISTORTION,SPICULATED,MALIGNANT,1
P_01362,,3.0,LEFT,MLO,1,4,4,mass,N/A,N/A,LOBULATED,ILL_DEFINED,BENIGN,0
P_01363,,3.0,RIGHT,CC,1,0,5,mass,N/A,N/A,OVAL,OBSCURED,BENIGN,0
P_01363,,3.0,RIGHT,MLO,1,0,5,mass,N/A,N/A,OVAL,OBSCURED,BENIGN,0
P_01364,,1.0,LEFT,CC,1,5,5,mass,N/A,N/A,LOBULATED,MICROLOBULATED,MALIGNANT,1
P_01364,,1.0,LEFT,MLO,1,5,5,mass,N/A,N/A,LOBULATED,MICROLOBULATED,MALIGNANT,1
P_01367,,4.0,LEFT,MLO,1,4,3,mass,N/A,N/A,IRREGULAR,ILL_DEFINED,BENIGN,0
P_01371,,3.0,RIGHT,CC,1,4,3,mass,N/A,N/A,IRREGULAR,ILL_DEFINED,MALIGNANT,1
P_01371,,3.0,RIGHT,MLO,1,4,3,mass,N/A,N/A,IRREGULAR,ILL_DEFINED,MALIGNANT,1
P_01373,,3.0,RIGHT,CC,1,4,3,mass,N/A,N/A,IRREGULAR,ILL_DEFINED-SPICULATED,MALIGNANT,1
P_01373,,3.0,RIGHT,MLO,1,4,3,mass,N/A,N/A,IRREGULAR,OBSCURED-ILL_DEFINED,MALIGNANT,1
P_01374,,1.0,RIGHT,CC,1,5,5,mass,N/A,N/A,ROUND,SPICULATED,MALIGNANT,1
P_01374,,1.0,RIGHT,MLO,1,5,5,mass,N/A,N/A,IRREGULAR,ILL_DEFINED,MALIGNANT,1
P_01379,,4.0,LEFT,CC,1,4,1,mass,N/A,N/A,IRREGULAR,SPICULATED,MALIGNANT,1
P_01379,,4.0,LEFT,MLO,1,4,1,mass,N/A,N/A,IRREGULAR,SPICULATED,MALIGNANT,1
P_01382,,2.0,LEFT,CC,1,3,3,mass,N/A,N/A,OVAL,ILL_DEFINED,BENIGN,0
P_01382,,2.0,LEFT,MLO,1,3,5,mass,N/A,N/A,OVAL,CIRCUMSCRIBED,BENIGN,0
P_01383,,2.0,LEFT,CC,1,4,1,mass,N/A,N/A,LOBULATED,ILL_DEFINED,MALIGNANT,1
P_01383,,2.0,LEFT,MLO,1,4,4,mass,N/A,N/A,LOBULATED,ILL_DEFINED,MALIGNANT,1
P_01386,,1.0,LEFT,CC,1,3,5,mass,N/A,N/A,ARCHITECTURAL_DISTORTION,N/A,BENIGN_WITHOUT_CALLBACK,0
P_01388,,1.0,LEFT,CC,1,0,4,mass,N/A,N/A,LOBULATED,MICROLOBULATED,BENIGN,0
P_01388,,1.0,LEFT,MLO,1,0,4,mass,N/A,N/A,LOBULATED,MICROLOBULATED,BENIGN,0
P_01389,,2.0,RIGHT,CC,1,3,4,mass,N/A,N/A,OVAL,CIRCUMSCRIBED,BENIGN,0
P_01389,,2.0,RIGHT,MLO,1,3,4,mass,N/A,N/A,OVAL,CIRCUMSCRIBED,BENIGN,0
P_01391,,3.0,LEFT,CC,1,4,3,mass,N/A,N/A,IRREGULAR-ARCHITECTURAL_DISTORTION,OBSCURED-ILL_DEFINED-SPICULATED,MALIGNANT,1
P_01394,,2.0,LEFT,CC,1,5,5,mass,N/A,N/A,ROUND,SPICULATED,MALIGNANT,1
P_01394,,2.0,LEFT,CC,2,5,5,mass,N/A,N/A,IRREGULAR,SPICULATED,MALIGNANT,1
P_01394,,2.0,LEFT,MLO,1,5,5,mass,N/A,N/A,ROUND,SPICULATED,MALIGNANT,1
P_01394,,2.0,LEFT,MLO,2,5,5,mass,N/A,N/A,IRREGULAR,SPICULATED,MALIGNANT,1
P_01394,,2.0,RIGHT,CC,1,5,5,mass,N/A,N/A,IRREGULAR,SPICULATED,MALIGNANT,1
P_01394,,2.0,RIGHT,MLO,1,5,5,mass,N/A,N/A,IRREGULAR,SPICULATED,MALIGNANT,1
P_01398,,2.0,LEFT,CC,1,2,5,mass,N/A,N/A,ASYMMETRIC_BREAST_TISSUE,N/A,BENIGN_WITHOUT_CALLBACK,0
P_01398,,2.0,LEFT,MLO,1,2,5,mass,N/A,N/A,ASYMMETRIC_BREAST_TISSUE,N/A,BENIGN_WITHOUT_CALLBACK,0
P_01402,,2.0,RIGHT,MLO,1,4,4,mass,N/A,N/A,IRREGULAR,SPICULATED,MALIGNANT,1
P_01405,,1.0,RIGHT,CC,1,5,5,mass,N/A,N/A,IRREGULAR,SPICULATED,MALIGNANT,1
P_01405,,1.0,RIGHT,MLO,1,5,5,mass,N/A,N/A,IRREGULAR,SPICULATED,MALIGNANT,1
P_01406,,3.0,LEFT,MLO,1,3,3,mass,N/A,N/A,ARCHITECTURAL_DISTORTION,ILL_DEFINED,BENIGN_WITHOUT_CALLBACK,0
P_01411,,3.0,RIGHT,MLO,1,4,4,mass,N/A,N/A,OVAL,CIRCUMSCRIBED,MALIGNANT,1
P_01412,,1.0,LEFT,CC,1,5,5,mass,N/A,N/A,ROUND,SPICULATED,MALIGNANT,1
P_01412,,1.0,LEFT,MLO,1,5,5,mass,N/A,N/A,OVAL,SPICULATED,MALIGNANT,1
P_01413,,2.0,RIGHT,CC,1,5,5,mass,N/A,N/A,IRREGULAR,ILL_DEFINED,MALIGNANT,1
P_01413,,2.0,RIGHT,MLO,1,5,5,mass,N/A,N/A,IRREGULAR,ILL_DEFINED,MALIGNANT,1
P_01417,,4.0,RIGHT,MLO,1,4,4,mass,N/A,N/A,ARCHITECTURAL_DISTORTION,SPICULATED,BENIGN,0
P_01418,,3.0,RIGHT,CC,1,4,3,mass,N/A,N/A,IRREGULAR,SPICULATED,MALIGNANT,1
P_01418,,3.0,RIGHT,MLO,1,4,3,mass,N/A,N/A,IRREGULAR,SPICULATED,MALIGNANT,1
P_01423,,2.0,RIGHT,CC,1,0,5,mass,N/A,N/A,OVAL,ILL_DEFINED,BENIGN,0
P_01423,,2.0,RIGHT,MLO,1,0,5,mass,N/A,N/A,OVAL,ILL_DEFINED,BENIGN,0
P_01426,,2.0,RIGHT,CC,1,5,5,mass,N/A,N/A,OVAL,MICROLOBULATED,MALIGNANT,1
P_01426,,2.0,RIGHT,MLO,1,5,5,mass,N/A,N/A,OVAL,MICROLOBULATED,MALIGNANT,1
P_01427,,3.0,LEFT,MLO,1,5,5,mass,N/A,N/A,IRREGULAR,SPICULATED,MALIGNANT,1
P_01430,,2.0,RIGHT,MLO,1,5,4,mass,N/A,N/A,IRREGULAR,SPICULATED,MALIGNANT,1
P_01431,,2.0,LEFT,MLO,1,3,4,mass,N/A,N/A,OVAL,CIRCUMSCRIBED,BENIGN,0
P_01433,,3.0,LEFT,CC,1,4,3,mass,N/A,N/A,IRREGULAR,SPICULATED,MALIGNANT,1
P_01433,,3.0,LEFT,MLO,1,4,3,mass,N/A,N/A,IRREGULAR,SPICULATED,MALIGNANT,1
P_01434,,1.0,LEFT,CC,1,5,5,mass,N/A,N/A,LOBULATED,MICROLOBULATED,MALIGNANT,1
P_01434,,1.0,LEFT,MLO,1,5,5,mass,N/A,N/A,LOBULATED,MICROLOBULATED,MALIGNANT,1
P_01438,,2.0,LEFT,MLO,1,5,4,mass,N/A,N/A,IRREGULAR,SPICULATED,MALIGNANT,1
P_01439,,3.0,LEFT,CC,1,4,3,mass,N/A,N/A,LOBULATED,OBSCURED,BENIGN,0
P_01439,,3.0,LEFT,MLO,1,4,3,mass,N/A,N/A,LOBULATED,OBSCURED,BENIGN,0
P_01441,,4.0,RIGHT,CC,1,4,2,mass,N/A,N/A,LOBULATED,ILL_DEFINED,MALIGNANT,1
P_01441,,4.0,RIGHT,MLO,1,4,2,mass,N/A,N/A,LOBULATED,ILL_DEFINED,MALIGNANT,1
P_01442,,3.0,RIGHT,CC,1,4,5,mass,N/A,N/A,LOBULATED,CIRCUMSCRIBED,BENIGN,0
P_01442,,3.0,RIGHT,MLO,1,4,5,mass,N/A,N/A,LOBULATED,CIRCUMSCRIBED,BENIGN,0
P_01444,,2.0,RIGHT,MLO,1,4,1,mass,N/A,N/A,IRREGULAR,SPICULATED,MALIGNANT,1
P_01445,,4.0,RIGHT,CC,1,3,5,mass,N/A,N/A,LOBULATED,CIRCUMSCRIBED,MALIGNANT,1
P_01445,,4.0,RIGHT,MLO,1,3,5,mass,N/A,N/A,LOBULATED,CIRCUMSCRIBED,MALIGNANT,1
P_01447,,4.0,RIGHT,CC,1,4,5,mass,N/A,N/A,LOBULATED,CIRCUMSCRIBED,BENIGN,0
P_01447,,4.0,RIGHT,MLO,1,4,5,mass,N/A,N/A,LOBULATED,CIRCUMSCRIBED,BENIGN,0
P_01452,,2.0,RIGHT,CC,1,4,4,mass,N/A,N/A,LOBULATED,CIRCUMSCRIBED,BENIGN,0
P_01453,,3.0,LEFT,MLO,1,4,2,mass,N/A,N/A,ROUND,OBSCURED,BENIGN,0
P_01454,,2.0,LEFT,MLO,1,4,4,mass,N/A,N/A,ASYMMETRIC_BREAST_TISSUE,ILL_DEFINED,MALIGNANT,1
P_01461,,2.0,RIGHT,CC,1,5,5,mass,N/A,N/A,OVAL,SPICULATED,MALIGNANT,1
P_01461,,2.0,RIGHT,MLO,1,5,5,mass,N/A,N/A,OVAL,SPICULATED,MALIGNANT,1
P_01473,,2.0,RIGHT,MLO,1,4,4,mass,N/A,N/A,OVAL,ILL_DEFINED,BENIGN,0
P_01474,,3.0,RIGHT,CC,1,5,5,mass,N/A,N/A,IRREGULAR,SPICULATED,MALIGNANT,1
P_01474,,3.0,RIGHT,MLO,1,5,5,mass,N/A,N/A,IRREGULAR,SPICULATED,MALIGNANT,1
P_01475,,1.0,LEFT,CC,1,0,4,mass,N/A,N/A,LOBULATED,OBSCURED,BENIGN,0
P_01475,,1.0,LEFT,MLO,1,0,4,mass,N/A,N/A,LOBULATED,OBSCURED,BENIGN,0
P_01481,,2.0,RIGHT,CC,1,5,5,mass,N/A,N/A,ROUND,SPICULATED,MALIGNANT,1
P_01481,,2.0,RIGHT,MLO,1,5,5,mass,N/A,N/A,IRREGULAR,SPICULATED,MALIGNANT,1
P_01482,,4.0,RIGHT,CC,1,3,2,mass,N/A,N/A,ROUND,CIRCUMSCRIBED-OBSCURED,BENIGN,0
P_01482,,4.0,RIGHT,MLO,1,3,2,mass,N/A,N/A,OVAL,CIRCUMSCRIBED-OBSCURED,BENIGN,0
P_01484,,3.0,RIGHT,MLO,1,4,2,mass,N/A,N/A,IRREGULAR,ILL_DEFINED,BENIGN,0
P_01485,,2.0,LEFT,CC,1,0,4,mass,N/A,N/A,OVAL,OBSCURED,BENIGN,0
P_01485,,2.0,LEFT,MLO,1,0,4,mass,N/A,N/A,OVAL,OBSCURED,BENIGN,0
P_01486,,2.0,RIGHT,CC,1,0,2,mass,N/A,N/A,OVAL,OBSCURED,BENIGN,0
P_01486,,2.0,RIGHT,MLO,1,0,2,mass,N/A,N/A,OVAL,OBSCURED,BENIGN,0
P_01491,,3.0,RIGHT,MLO,1,5,4,mass,N/A,N/A,IRREGULAR,SPICULATED,MALIGNANT,1
P_01493,,3.0,RIGHT,CC,1,4,4,mass,N/A,N/A,IRREGULAR,SPICULATED,MALIGNANT,1
P_01494,,2.0,LEFT,CC,2,4,4,mass,N/A,N/A,IRREGULAR,ILL_DEFINED,MALIGNANT,1
P_01494,,2.0,LEFT,MLO,1,5,5,mass,N/A,N/A,IRREGULAR,SPICULATED,MALIGNANT,1
P_01494,,2.0,LEFT,MLO,2,5,5,mass,N/A,N/A,IRREGULAR,ILL_DEFINED,MALIGNANT,1
P_01495,,2.0,RIGHT,MLO,1,4,1,mass,N/A,N/A,IRREGULAR,ILL_DEFINED,BENIGN,0
P_01498,,1.0,RIGHT,MLO,1,3,5,mass,N/A,N/A,FOCAL_ASYMMETRIC_DENSITY,N/A,BENIGN_WITHOUT_CALLBACK,0
P_01499,,3.0,RIGHT,CC,1,3,4,mass,N/A,N/A,LOBULATED,OBSCURED,BENIGN,0
P_01499,,3.0,RIGHT,MLO,1,3,4,mass,N/A,N/A,LOBULATED,OBSCURED,BENIGN,0
P_01501,,3.0,RIGHT,CC,1,5,5,mass,N/A,N/A,IRREGULAR,SPICULATED,MALIGNANT,1
P_01501,,3.0,RIGHT,MLO,1,5,5,mass,N/A,N/A,IRREGULAR,SPICULATED,MALIGNANT,1
P_01503,,3.0,LEFT,CC,1,4,4,mass,N/A,N/A,ROUND,OBSCURED,BENIGN,0
P_01503,,3.0,LEFT,MLO,1,4,4,mass,N/A,N/A,ROUND,OBSCURED,BENIGN,0
P_01504,,2.0,LEFT,CC,1,0,5,mass,N/A,N/A,LOBULATED,OBSCURED,MALIGNANT,1
P_01504,,2.0,LEFT,MLO,1,0,5,mass,N/A,N/A,LOBULATED,OBSCURED,MALIGNANT,1
P_01506,,3.0,LEFT,CC,1,4,1,mass,N/A,N/A,IRREGULAR,ILL_DEFINED,MALIGNANT,1
P_01506,,3.0,LEFT,MLO,1,4,1,mass,N/A,N/A,IRREGULAR,ILL_DEFINED,MALIGNANT,1
P_01508,,1.0,LEFT,MLO,1,4,3,mass,N/A,N/A,OVAL,ILL_DEFINED,BENIGN,0
P_01509,,4.0,RIGHT,CC,1,5,2,mass,N/A,N/A,IRREGULAR,SPICULATED,MALIGNANT,1
P_01509,,4.0,RIGHT,MLO,1,5,2,mass,N/A,N/A,IRREGULAR,SPICULATED,MALIGNANT,1
P_01514,,3.0,LEFT,CC,1,5,3,mass,N/A,N/A,IRREGULAR,OBSCURED,MALIGNANT,1
P_01514,,3.0,LEFT,MLO,1,5,5,mass,N/A,N/A,IRREGULAR,SPICULATED,MALIGNANT,1
P_01516,,2.0,RIGHT,CC,1,5,5,mass,N/A,N/A,IRREGULAR-ARCHITECTURAL_DISTORTION,SPICULATED,BENIGN,0
P_01516,,2.0,RIGHT,MLO,1,5,5,mass,N/A,N/A,IRREGULAR-ARCHITECTURAL_DISTORTION,SPICULATED,BENIGN,0
P_01517,,4.0,LEFT,MLO,1,4,3,mass,N/A,N/A,IRREGULAR,ILL_DEFINED,MALIGNANT,1
P_01529,,3.0,RIGHT,CC,1,4,3,mass,N/A,N/A,IRREGULAR-ARCHITECTURAL_DISTORTION,OBSCURED-ILL_DEFINED-SPICULATED,MALIGNANT,1
P_01529,,3.0,RIGHT,MLO,1,4,3,mass,N/A,N/A,IRREGULAR-ARCHITECTURAL_DISTORTION,OBSCURED-ILL_DEFINED-SPICULATED,MALIGNANT,1
P_01531,,2.0,RIGHT,MLO,1,3,5,mass,N/A,N/A,LOBULATED,MICROLOBULATED,BENIGN_WITHOUT_CALLBACK,0
P_01532,,1.0,LEFT,CC,1,4,3,mass,N/A,N/A,LOBULATED,CIRCUMSCRIBED,BENIGN,0
P_01532,,1.0,LEFT,MLO,1,4,3,mass,N/A,N/A,LOBULATED,CIRCUMSCRIBED,BENIGN,0
P_01540,,1.0,LEFT,CC,1,5,4,mass,N/A,N/A,IRREGULAR,ILL_DEFINED,MALIGNANT,1
P_01540,,1.0,LEFT,MLO,1,5,5,mass,N/A,N/A,IRREGULAR,SPICULATED,MALIGNANT,1
P_01543,,2.0,RIGHT,CC,1,3,4,mass,N/A,N/A,OVAL,OBSCURED,BENIGN,0
P_01543,,2.0,RIGHT,MLO,1,3,4,mass,N/A,N/A,ROUND,OBSCURED,BENIGN,0
P_01544,,3.0,RIGHT,CC,1,4,2,mass,N/A,N/A,ARCHITECTURAL_DISTORTION,ILL_DEFINED,MALIGNANT,1
P_01544,,3.0,RIGHT,MLO,1,4,2,mass,N/A,N/A,ARCHITECTURAL_DISTORTION,ILL_DEFINED,MALIGNANT,1
P_01553,,3.0,RIGHT,MLO,1,4,4,mass,N/A,N/A,LOBULATED,ILL_DEFINED,MALIGNANT,1
P_01556,,2.0,LEFT,CC,1,5,5,mass,N/A,N/A,ROUND-IRREGULAR-ARCHITECTURAL_DISTORTION,SPICULATED,MALIGNANT,1
P_01557,,4.0,RIGHT,CC,1,3,3,mass,N/A,N/A,OVAL,OBSCURED,BENIGN,0
P_01557,,4.0,RIGHT,MLO,1,3,3,mass,N/A,N/A,OVAL,OBSCURED,BENIGN,0
P_01559,,1.0,RIGHT,MLO,1,5,5,mass,N/A,N/A,IRREGULAR,SPICULATED,MALIGNANT,1
P_01560,,2.0,RIGHT,CC,1,4,4,mass,N/A,N/A,LOBULATED,CIRCUMSCRIBED,BENIGN,0
P_01560,,2.0,RIGHT,MLO,1,4,4,mass,N/A,N/A,LOBULATED,CIRCUMSCRIBED,BENIGN,0
P_01564,,2.0,RIGHT,CC,1,5,5,mass,N/A,N/A,IRREGULAR,SPICULATED,MALIGNANT,1
P_01564,,2.0,RIGHT,MLO,1,4,3,mass,N/A,N/A,IRREGULAR,ILL_DEFINED,MALIGNANT,1
P_01565,,3.0,RIGHT,CC,1,4,4,mass,N/A,N/A,LOBULATED,MICROLOBULATED,BENIGN,0
P_01565,,3.0,RIGHT,MLO,1,4,4,mass,N/A,N/A,LOBULATED,MICROLOBULATED,BENIGN,0
P_01567,,3.0,LEFT,MLO,1,3,5,mass,N/A,N/A,ROUND,MICROLOBULATED,BENIGN,0
P_01572,,1.0,RIGHT,CC,1,4,3,mass,N/A,N/A,LOBULATED,CIRCUMSCRIBED-ILL_DEFINED,BENIGN,0
P_01572,,1.0,RIGHT,MLO,1,4,3,mass,N/A,N/A,LOBULATED,CIRCUMSCRIBED-ILL_DEFINED,BENIGN,0
P_01573,,3.0,RIGHT,CC,1,4,4,mass,N/A,N/A,ARCHITECTURAL_DISTORTION,SPICULATED,MALIGNANT,1
P_01573,,3.0,RIGHT,MLO,1,4,4,mass,N/A,N/A,ARCHITECTURAL_DISTORTION,SPICULATED,MALIGNANT,1
P_01581,,2.0,LEFT,CC,1,4,3,mass,N/A,N/A,LOBULATED,ILL_DEFINED,BENIGN,0
P_01581,,2.0,LEFT,MLO,1,4,3,mass,N/A,N/A,LOBULATED,ILL_DEFINED,BENIGN,0
P_01583,,4.0,RIGHT,MLO,1,4,3,mass,N/A,N/A,LOBULATED,CIRCUMSCRIBED,BENIGN,0
P_01589,,2.0,LEFT,CC,1,4,4,mass,N/A,N/A,IRREGULAR,SPICULATED,MALIGNANT,1
P_01589,,2.0,LEFT,MLO,1,4,4,mass,N/A,N/A,IRREGULAR,SPICULATED,MALIGNANT,1
P_01591,,2.0,LEFT,CC,1,4,5,mass,N/A,N/A,ROUND,SPICULATED,MALIGNANT,1
P_01591,,2.0,LEFT,MLO,1,4,5,mass,N/A,N/A,ROUND,SPICULATED,MALIGNANT,1
P_01593,,2.0,LEFT,CC,1,5,5,mass,N/A,N/A,OVAL,SPICULATED,MALIGNANT,1
P_01593,,2.0,LEFT,MLO,1,5,5,mass,N/A,N/A,IRREGULAR,ILL_DEFINED,MALIGNANT,1
P_01596,,2.0,RIGHT,MLO,1,4,5,mass,N/A,N/A,OVAL,ILL_DEFINED,MALIGNANT,1
P_01596,,2.0,RIGHT,MLO,2,4,5,mass,N/A,N/A,OVAL,ILL_DEFINED,MALIGNANT,1
P_01600,,2.0,RIGHT,CC,1,5,5,mass,N/A,N/A,ROUND,ILL_DEFINED,MALIGNANT,1
P_01600,,2.0,RIGHT,MLO,1,5,5,mass,N/A,N/A,ROUND,CIRCUMSCRIBED,MALIGNANT,1
P_01600,,2.0,RIGHT,MLO,2,5,5,mass,N/A,N/A,OVAL,ILL_DEFINED,MALIGNANT,1
P_01604,,1.0,LEFT,CC,1,4,4,mass,N/A,N/A,OVAL,MICROLOBULATED,MALIGNANT,1
P_01604,,1.0,LEFT,MLO,1,4,4,mass,N/A,N/A,LOBULATED,ILL_DEFINED,MALIGNANT,1
P_01606,,2.0,RIGHT,MLO,1,5,5,mass,N/A,N/A,ROUND,MICROLOBULATED,MALIGNANT,1
P_01608,,2.0,RIGHT,CC,1,4,3,mass,N/A,N/A,OVAL,CIRCUMSCRIBED-OBSCURED,BENIGN,0
P_01608,,2.0,RIGHT,MLO,1,4,4,mass,N/A,N/A,LOBULATED,CIRCUMSCRIBED-OBSCURED,BENIGN,0
P_01611,,2.0,RIGHT,CC,1,4,4,mass,N/A,N/A,OVAL,CIRCUMSCRIBED,BENIGN,0
P_01611,,2.0,RIGHT,MLO,1,4,4,mass,N/A,N/A,OVAL,CIRCUMSCRIBED,BENIGN,0
P_01612,,4.0,LEFT,CC,1,4,4,mass,N/A,N/A,OVAL,OBSCURED,BENIGN,0
P_01612,,4.0,LEFT,MLO,1,4,4,mass,N/A,N/A,OVAL,OBSCURED,BENIGN,0
P_01613,,3.0,LEFT,CC,1,4,2,mass,N/A,N/A,LOBULATED,OBSCURED,BENIGN,0
P_01613,,3.0,LEFT,MLO,1,4,2,mass,N/A,N/A,LOBULATED,OBSCURED,BENIGN,0
P_01619,,2.0,LEFT,CC,1,4,5,mass,N/A,N/A,LOBULATED,ILL_DEFINED,BENIGN,0
P_01619,,2.0,LEFT,MLO,1,4,5,mass,N/A,N/A,LOBULATED,ILL_DEFINED,BENIGN,0
P_01620,,3.0,RIGHT,CC,1,3,4,mass,N/A,N/A,OVAL,OBSCURED,BENIGN,0
P_01620,,3.0,RIGHT,MLO,1,3,4,mass,N/A,N/A,OVAL,OBSCURED,BENIGN,0
P_01621,,1.0,RIGHT,CC,1,3,5,mass,N/A,N/A,LOBULATED,OBSCURED,BENIGN,0
P_01621,,1.0,RIGHT,MLO,1,3,5,mass,N/A,N/A,OVAL,MICROLOBULATED,BENIGN,0
P_01630,,2.0,RIGHT,MLO,1,4,3,mass,N/A,N/A,LOBULATED,ILL_DEFINED,BENIGN,0
P_01632,,1.0,LEFT,CC,1,3,2,mass,N/A,N/A,LYMPH_NODE,CIRCUMSCRIBED,BENIGN_WITHOUT_CALLBACK,0
P_01632,,1.0,LEFT,CC,2,3,2,mass,N/A,N/A,LYMPH_NODE,CIRCUMSCRIBED,BENIGN_WITHOUT_CALLBACK,0
P_01632,,1.0,LEFT,MLO,1,3,2,mass,N/A,N/A,LYMPH_NODE,CIRCUMSCRIBED,BENIGN_WITHOUT_CALLBACK,0
P_01632,,1.0,LEFT,MLO,2,3,2,mass,N/A,N/A,LYMPH_NODE,CIRCUMSCRIBED,BENIGN_WITHOUT_CALLBACK,0
P_01632,,1.0,RIGHT,CC,1,4,4,mass,N/A,N/A,IRREGULAR-ARCHITECTURAL_DISTORTION,ILL_DEFINED-SPICULATED,MALIGNANT,1
P_01632,,1.0,RIGHT,MLO,1,4,4,mass,N/A,N/A,IRREGULAR-ARCHITECTURAL_DISTORTION,ILL_DEFINED-SPICULATED,MALIGNANT,1
P_01633,,1.0,RIGHT,CC,1,4,5,mass,N/A,N/A,IRREGULAR,SPICULATED,MALIGNANT,1
P_01633,,1.0,RIGHT,MLO,1,4,5,mass,N/A,N/A,IRREGULAR,SPICULATED,MALIGNANT,1
P_01634,,3.0,LEFT,CC,1,3,3,mass,N/A,N/A,IRREGULAR,OBSCURED-ILL_DEFINED,MALIGNANT,1
P_01634,,3.0,LEFT,MLO,1,3,3,mass,N/A,N/A,IRREGULAR,OBSCURED-ILL_DEFINED,MALIGNANT,1
P_01635,,2.0,LEFT,CC,1,2,5,mass,N/A,N/A,ARCHITECTURAL_DISTORTION,ILL_DEFINED,BENIGN_WITHOUT_CALLBACK,0
P_01635,,2.0,LEFT,MLO,1,2,5,mass,N/A,N/A,ARCHITECTURAL_DISTORTION,ILL_DEFINED,BENIGN_WITHOUT_CALLBACK,0
P_01635,,2.0,RIGHT,CC,1,5,5,mass,N/A,N/A,ARCHITECTURAL_DISTORTION,N/A,BENIGN_WITHOUT_CALLBACK,0
P_01635,,2.0,RIGHT,MLO,1,5,5,mass,N/A,N/A,ARCHITECTURAL_DISTORTION,N/A,BENIGN_WITHOUT_CALLBACK,0
P_01636,,2.0,RIGHT,MLO,1,5,3,mass,N/A,N/A,LOBULATED,SPICULATED,MALIGNANT,1
P_01637,,3.0,LEFT,MLO,1,4,3,mass,N/A,N/A,OVAL,ILL_DEFINED,BENIGN,0
P_01638,,4.0,RIGHT,CC,1,0,3,mass,N/A,N/A,LOBULATED,OBSCURED,BENIGN,0
P_01638,,4.0,RIGHT,MLO,1,0,3,mass,N/A,N/A,LOBULATED,OBSCURED,BENIGN,0
P_01641,,2.0,LEFT,CC,1,4,4,mass,N/A,N/A,IRREGULAR,ILL_DEFINED,MALIGNANT,1
P_01641,,2.0,LEFT,MLO,1,4,4,mass,N/A,N/A,IRREGULAR,ILL_DEFINED,MALIGNANT,1
P_01642,,2.0,RIGHT,CC,1,5,4,mass,N/A,N/A,IRREGULAR,SPICULATED,MALIGNANT,1
P_01642,,2.0,RIGHT,MLO,1,5,4,mass,N/A,N/A,IRREGULAR,SPICULATED,MALIGNANT,1
P_01644,,2.0,LEFT,CC,1,3,5,mass,N/A,N/A,OVAL,CIRCUMSCRIBED,BENIGN,0
P_01644,,2.0,LEFT,MLO,1,3,5,mass,N/A,N/A,OVAL,CIRCUMSCRIBED,BENIGN,0
P_01644,,2.0,RIGHT,CC,1,5,5,mass,N/A,N/A,IRREGULAR,SPICULATED,MALIGNANT,1
P_01644,,2.0,RIGHT,MLO,1,5,5,mass,N/A,N/A,IRREGULAR,SPICULATED,MALIGNANT,1
P_01646,,1.0,LEFT,CC,1,4,2,mass,N/A,N/A,IRREGULAR-ARCHITECTURAL_DISTORTION,SPICULATED,MALIGNANT,1
P_01646,,1.0,LEFT,MLO,1,4,2,mass,N/A,N/A,IRREGULAR,SPICULATED,MALIGNANT,1
P_01649,,3.0,LEFT,CC,1,3,3,mass,N/A,N/A,OVAL,CIRCUMSCRIBED,BENIGN,0
P_01650,,3.0,LEFT,CC,1,3,4,mass,N/A,N/A,OVAL,CIRCUMSCRIBED,BENIGN,0
P_01650,,3.0,LEFT,MLO,1,3,1,mass,N/A,N/A,FOCAL_ASYMMETRIC_DENSITY,ILL_DEFINED,BENIGN,0
P_01652,,1.0,RIGHT,CC,1,4,5,mass,N/A,N/A,LOBULATED,CIRCUMSCRIBED-ILL_DEFINED,MALIGNANT,1
P_01652,,1.0,RIGHT,MLO,1,4,4,mass,N/A,N/A,LOBULATED,CIRCUMSCRIBED-ILL_DEFINED,MALIGNANT,1
P_01653,,2.0,RIGHT,MLO,1,3,5,mass,N/A,N/A,OVAL,CIRCUMSCRIBED,BENIGN_WITHOUT_CALLBACK,0
P_01654,,3.0,RIGHT,CC,1,3,1,mass,N/A,N/A,OVAL,CIRCUMSCRIBED-OBSCURED,MALIGNANT,1
P_01654,,3.0,RIGHT,MLO,1,4,3,mass,N/A,N/A,IRREGULAR,SPICULATED,MALIGNANT,1
P_01656,,2.0,LEFT,CC,1,4,4,mass,N/A,N/A,OVAL,ILL_DEFINED,MALIGNANT,1
P_01656,,2.0,LEFT,CC,2,5,4,mass,N/A,N/A,IRREGULAR,ILL_DEFINED,MALIGNANT,1
P_01656,,2.0,LEFT,MLO,1,5,5,mass,N/A,N/A,OVAL,CIRCUMSCRIBED,MALIGNANT,1
P_01656,,2.0,LEFT,MLO,2,4,4,mass,N/A,N/A,LOBULATED,ILL_DEFINED,MALIGNANT,1
P_01656,,2.0,LEFT,MLO,3,5,4,mass,N/A,N/A,IRREGULAR,ILL_DEFINED,MALIGNANT,1
P_01663,,4.0,RIGHT,CC,1,3,4,mass,N/A,N/A,LOBULATED,OBSCURED,BENIGN,0
P_01663,,4.0,RIGHT,MLO,1,3,4,mass,N/A,N/A,LOBULATED,OBSCURED,BENIGN,0
P_01668,,2.0,LEFT,CC,1,5,5,mass,N/A,N/A,IRREGULAR,ILL_DEFINED,MALIGNANT,1
P_01668,,2.0,LEFT,MLO,1,5,5,mass,N/A,N/A,IRREGULAR,ILL_DEFINED,MALIGNANT,1
P_01669,,4.0,LEFT,CC,1,5,5,mass,N/A,N/A,IRREGULAR,SPICULATED,MALIGNANT,1
P_01669,,4.0,LEFT,MLO,1,5,5,mass,N/A,N/A,IRREGULAR,SPICULATED,MALIGNANT,1
P_01671,,2.0,LEFT,CC,1,5,5,mass,N/A,N/A,IRREGULAR,SPICULATED,MALIGNANT,1
P_01671,,2.0,LEFT,MLO,1,5,5,mass,N/A,N/A,IRREGULAR,SPICULATED,MALIGNANT,1
P_01674,,3.0,LEFT,CC,1,4,4,mass,N/A,N/A,IRREGULAR-ARCHITECTURAL_DISTORTION,ILL_DEFINED-SPICULATED,MALIGNANT,1
P_01675,,3.0,RIGHT,CC,1,0,4,mass,N/A,N/A,IRREGULAR,ILL_DEFINED,MALIGNANT,1
P_01675,,3.0,RIGHT,MLO,1,0,4,mass,N/A,N/A,IRREGULAR,ILL_DEFINED,MALIGNANT,1
P_01680,,2.0,LEFT,MLO,1,4,4,mass,N/A,N/A,OVAL,ILL_DEFINED,BENIGN,0
P_01682,,3.0,LEFT,CC,1,5,3,mass,N/A,N/A,IRREGULAR,ILL_DEFINED,MALIGNANT,1
P_01682,,3.0,LEFT,MLO,1,5,5,mass,N/A,N/A,LOBULATED,MICROLOBULATED,MALIGNANT,1
P_01685,,2.0,RIGHT,CC,1,4,4,mass,N/A,N/A,OVAL,CIRCUMSCRIBED,BENIGN,0
P_01685,,2.0,RIGHT,MLO,1,4,4,mass,N/A,N/A,LOBULATED,CIRCUMSCRIBED,BENIGN,0
P_01686,,2.0,RIGHT,CC,1,0,3,mass,N/A,N/A,LOBULATED,OBSCURED,BENIGN,0
P_01686,,2.0,RIGHT,MLO,1,0,3,mass,N/A,N/A,LOBULATED,OBSCURED,BENIGN,0
P_01687,,2.0,RIGHT,CC,1,3,3,mass,N/A,N/A,ROUND-LOBULATED,CIRCUMSCRIBED,BENIGN,0
P_01687,,2.0,RIGHT,MLO,1,3,3,mass,N/A,N/A,ROUND,CIRCUMSCRIBED,BENIGN,0
P_01689,,3.0,LEFT,MLO,1,4,4,mass,N/A,N/A,OVAL,CIRCUMSCRIBED-OBSCURED,BENIGN,0
P_01694,,3.0,RIGHT,CC,1,4,4,mass,N/A,N/A,LOBULATED,ILL_DEFINED,MALIGNANT,1
P_01694,,3.0,RIGHT,MLO,1,4,4,mass,N/A,N/A,LOBULATED,ILL_DEFINED,MALIGNANT,1
P_01698,,1.0,RIGHT,CC,1,3,5,mass,N/A,N/A,ROUND,CIRCUMSCRIBED,BENIGN,0
P_01698,,1.0,RIGHT,MLO,1,3,5,mass,N/A,N/A,LOBULATED,CIRCUMSCRIBED,BENIGN,0
P_01701,,2.0,LEFT,CC,1,5,5,mass,N/A,N/A,IRREGULAR-ARCHITECTURAL_DISTORTION,SPICULATED,MALIGNANT,1
P_01701,,2.0,LEFT,MLO,1,5,5,mass,N/A,N/A,IRREGULAR-ARCHITECTURAL_DISTORTION,SPICULATED,MALIGNANT,1
P_01702,,1.0,RIGHT,CC,1,3,4,mass,N/A,N/A,LOBULATED,OBSCURED,BENIGN,0
P_01702,,1.0,RIGHT,MLO,1,3,4,mass,N/A,N/A,LOBULATED,OBSCURED,BENIGN,0
P_01710,,2.0,LEFT,CC,1,0,4,mass,N/A,N/A,ROUND,OBSCURED,BENIGN,0
P_01710,,2.0,LEFT,MLO,1,0,4,mass,N/A,N/A,ROUND,OBSCURED,BENIGN,0
P_01712,,1.0,LEFT,CC,1,4,5,mass,N/A,N/A,OVAL,CIRCUMSCRIBED,BENIGN,0
P_01712,,1.0,LEFT,MLO,1,4,5,mass,N/A,N/A,OVAL,CIRCUMSCRIBED,BENIGN,0
P_01712,,1.0,RIGHT,CC,1,4,5,mass,N/A,N/A,LOBULATED,CIRCUMSCRIBED-ILL_DEFINED,BENIGN,0
P_01712,,1.0,RIGHT,MLO,1,4,5,mass,N/A,N/A,LOBULATED,CIRCUMSCRIBED-ILL_DEFINED,BENIGN,0
P_01714,,2.0,RIGHT,CC,1,0,4,mass,N/A,N/A,OVAL,MICROLOBULATED,BENIGN,0
P_01714,,2.0,RIGHT,MLO,1,0,4,mass,N/A,N/A,OVAL,MICROLOBULATED,BENIGN,0
P_01715,,2.0,RIGHT,CC,1,0,5,mass,N/A,N/A,IRREGULAR,OBSCURED,BENIGN,0
P_01715,,2.0,RIGHT,MLO,1,0,5,mass,N/A,N/A,IRREGULAR,OBSCURED,BENIGN,0
P_01717,,1.0,LEFT,CC,1,3,4,mass,N/A,N/A,FOCAL_ASYMMETRIC_DENSITY,N/A,BENIGN_WITHOUT_CALLBACK,0
P_01717,,1.0,LEFT,MLO,1,3,5,mass,N/A,N/A,IRREGULAR,SPICULATED,BENIGN_WITHOUT_CALLBACK,0
P_01720,,2.0,RIGHT,CC,1,3,4,mass,N/A,N/A,LOBULATED,CIRCUMSCRIBED,BENIGN,0
P_01720,,2.0,RIGHT,MLO,1,3,4,mass,N/A,N/A,LOBULATED,CIRCUMSCRIBED,BENIGN,0
P_01725,,3.0,RIGHT,CC,1,4,5,mass,N/A,N/A,LOBULATED,MICROLOBULATED,MALIGNANT,1
P_01725,,3.0,RIGHT,MLO,1,4,5,mass,N/A,N/A,LOBULATED,MICROLOBULATED,MALIGNANT,1
P_01733,,3.0,RIGHT,MLO,1,4,3,mass,N/A,N/A,IRREGULAR,ILL_DEFINED,BENIGN,0
P_01735,,2.0,RIGHT,CC,1,0,5,mass,N/A,N/A,OVAL,OBSCURED,MALIGNANT,1
P_01735,,2.0,RIGHT,MLO,1,0,5,mass,N/A,N/A,OVAL,OBSCURED,MALIGNANT,1
P_01737,,2.0,RIGHT,CC,1,4,4,mass,N/A,N/A,OVAL,MICROLOBULATED,BENIGN,0
P_01737,,2.0,RIGHT,MLO,1,4,3,mass,N/A,N/A,OVAL,CIRCUMSCRIBED,BENIGN,0
P_01739,,1.0,LEFT,CC,1,3,5,mass,N/A,N/A,LOBULATED,OBSCURED,BENIGN,0
P_01739,,1.0,LEFT,MLO,1,3,5,mass,N/A,N/A,LOBULATED,OBSCURED,BENIGN,0
P_01739,,1.0,RIGHT,CC,1,3,5,mass,N/A,N/A,OVAL,CIRCUMSCRIBED,BENIGN,0
P_01739,,1.0,RIGHT,MLO,1,3,5,mass,N/A,N/A,OVAL,CIRCUMSCRIBED,BENIGN,0
P_01744,,2.0,LEFT,MLO,1,4,3,mass,N/A,N/A,OVAL,CIRCUMSCRIBED,MALIGNANT,1
P_01745,,3.0,RIGHT,MLO,1,5,1,mass,N/A,N/A,ARCHITECTURAL_DISTORTION,SPICULATED,MALIGNANT,1
P_01749,,4.0,LEFT,CC,1,4,3,mass,N/A,N/A,ROUND,CIRCUMSCRIBED,BENIGN,0
P_01749,,4.0,LEFT,MLO,1,4,3,mass,N/A,N/A,ROUND,CIRCUMSCRIBED,BENIGN,0
P_01751,,2.0,LEFT,CC,1,3,4,mass,N/A,N/A,LOBULATED,CIRCUMSCRIBED,BENIGN,0
P_01751,,2.0,LEFT,MLO,1,3,4,mass,N/A,N/A,OVAL,CIRCUMSCRIBED,BENIGN,0
P_01753,,3.0,RIGHT,CC,1,4,3,mass,N/A,N/A,IRREGULAR-ARCHITECTURAL_DISTORTION,SPICULATED,MALIGNANT,1
P_01753,,3.0,RIGHT,MLO,1,4,3,mass,N/A,N/A,IRREGULAR,SPICULATED,MALIGNANT,1
P_01754,,1.0,RIGHT,CC,1,5,5,mass,N/A,N/A,IRREGULAR,ILL_DEFINED,MALIGNANT,1
P_01754,,1.0,RIGHT,MLO,1,5,5,mass,N/A,N/A,IRREGULAR,ILL_DEFINED,MALIGNANT,1
P_01755,,3.0,RIGHT,CC,1,3,4,mass,N/A,N/A,LOBULATED,OBSCURED,BENIGN_WITHOUT_CALLBACK,0
P_01755,,3.0,RIGHT,MLO,1,3,3,mass,N/A,N/A,LOBULATED,OBSCURED,BENIGN_WITHOUT_CALLBACK,0
P_01757,,3.0,RIGHT,CC,1,0,4,mass,N/A,N/A,OVAL,OBSCURED,BENIGN,0
P_01757,,3.0,RIGHT,MLO,1,0,4,mass,N/A,N/A,OVAL,OBSCURED,BENIGN,0
P_01761,,1.0,LEFT,CC,1,5,4,mass,N/A,N/A,LOBULATED,MICROLOBULATED,MALIGNANT,1
P_01761,,1.0,LEFT,MLO,1,5,2,mass,N/A,N/A,OVAL,ILL_DEFINED,MALIGNANT,1
P_01768,,2.0,LEFT,CC,1,5,5,mass,N/A,N/A,LOBULATED,MICROLOBULATED,MALIGNANT,1
P_01768,,2.0,LEFT,MLO,1,5,5,mass,N/A,N/A,LOBULATED,MICROLOBULATED,MALIGNANT,1
P_01775,,2.0,LEFT,MLO,1,5,5,mass,N/A,N/A,LOBULATED,MICROLOBULATED,MALIGNANT,1
P_01776,,2.0,RIGHT,CC,1,4,3,mass,N/A,N/A,IRREGULAR,ILL_DEFINED,BENIGN,0
P_01776,,2.0,RIGHT,MLO,1,4,5,mass,N/A,N/A,IRREGULAR,ILL_DEFINED,BENIGN,0
P_01780,,1.0,LEFT,CC,1,5,5,mass,N/A,N/A,IRREGULAR,SPICULATED,MALIGNANT,1
P_01780,,1.0,LEFT,MLO,1,5,5,mass,N/A,N/A,IRREGULAR,SPICULATED,MALIGNANT,1
P_01785,,3.0,RIGHT,CC,1,4,4,mass,N/A,N/A,LOBULATED,CIRCUMSCRIBED,BENIGN,0
P_01785,,3.0,RIGHT,MLO,1,4,4,mass,N/A,N/A,LOBULATED,CIRCUMSCRIBED,BENIGN,0
P_01786,,2.0,LEFT,CC,1,4,2,mass,N/A,N/A,IRREGULAR,ILL_DEFINED,BENIGN,0
P_01788,,2.0,RIGHT,CC,1,4,3,mass,N/A,N/A,IRREGULAR,SPICULATED,MALIGNANT,1
P_01788,,2.0,RIGHT,MLO,1,4,4,mass,N/A,N/A,IRREGULAR,SPICULATED,MALIGNANT,1
P_01790,,2.0,LEFT,CC,1,4,2,mass,N/A,N/A,ARCHITECTURAL_DISTORTION,ILL_DEFINED,MALIGNANT,1
P_01790,,2.0,LEFT,MLO,1,4,3,mass,N/A,N/A,ARCHITECTURAL_DISTORTION,ILL_DEFINED,MALIGNANT,1
P_01798,,2.0,LEFT,CC,1,3,5,mass,N/A,N/A,LOBULATED,CIRCUMSCRIBED,BENIGN,0
P_01798,,2.0,LEFT,MLO,1,3,5,mass,N/A,N/A,LOBULATED,CIRCUMSCRIBED,BENIGN,0
P_01799,,2.0,LEFT,CC,1,4,4,mass,N/A,N/A,IRREGULAR,ILL_DEFINED,MALIGNANT,1
P_01799,,2.0,LEFT,MLO,1,4,4,mass,N/A,N/A,IRREGULAR,ILL_DEFINED,MALIGNANT,1
P_01801,,1.0,RIGHT,CC,1,4,3,mass,N/A,N/A,OVAL,ILL_DEFINED,MALIGNANT,1
P_01801,,1.0,RIGHT,MLO,1,4,4,mass,N/A,N/A,OVAL,ILL_DEFINED,MALIGNANT,1
P_01802,,2.0,LEFT,MLO,1,4,3,mass,N/A,N/A,LOBULATED,MICROLOBULATED,BENIGN,0
P_01803,,2.0,RIGHT,CC,2,4,2,mass,N/A,N/A,ARCHITECTURAL_DISTORTION,SPICULATED,MALIGNANT,1
P_01803,,2.0,RIGHT,MLO,2,5,3,mass,N/A,N/A,ARCHITECTURAL_DISTORTION,SPICULATED,MALIGNANT,1
P_01804,,3.0,LEFT,MLO,1,3,3,mass,N/A,N/A,ROUND,MICROLOBULATED,BENIGN_WITHOUT_CALLBACK,0
P_01805,,1.0,LEFT,CC,1,0,2,mass,N/A,N/A,LOBULATED,OBSCURED,BENIGN,0
P_01805,,1.0,LEFT,MLO,1,0,2,mass,N/A,N/A,LOBULATED,OBSCURED,BENIGN,0
P_01805,,1.0,RIGHT,MLO,1,0,2,mass,N/A,N/A,LOBULATED,OBSCURED,BENIGN,0
P_01814,,4.0,RIGHT,CC,1,5,4,mass,N/A,N/A,ARCHITECTURAL_DISTORTION,N/A,MALIGNANT,1
P_01816,,2.0,LEFT,CC,1,3,3,mass,N/A,N/A,IRREGULAR,ILL_DEFINED,MALIGNANT,1
P_01816,,2.0,LEFT,MLO,1,3,3,mass,N/A,N/A,IRREGULAR,ILL_DEFINED,MALIGNANT,1
P_01817,,2.0,RIGHT,CC,1,4,4,mass,N/A,N/A,OVAL,CIRCUMSCRIBED-ILL_DEFINED,BENIGN,0
P_01817,,2.0,RIGHT,MLO,1,4,2,mass,N/A,N/A,IRREGULAR,ILL_DEFINED,BENIGN,0
P_01819,,2.0,RIGHT,CC,1,2,5,mass,N/A,N/A,LOBULATED,CIRCUMSCRIBED,BENIGN_WITHOUT_CALLBACK,0
P_01821,,1.0,LEFT,CC,1,4,5,mass,N/A,N/A,IRREGULAR,SPICULATED,BENIGN_WITHOUT_CALLBACK,0
P_01821,,1.0,LEFT,MLO,1,4,5,mass,N/A,N/A,IRREGULAR,SPICULATED,BENIGN_WITHOUT_CALLBACK,0
P_01822,,1.0,LEFT,CC,1,3,5,mass,N/A,N/A,IRREGULAR,MICROLOBULATED,BENIGN_WITHOUT_CALLBACK,0
P_01822,,1.0,LEFT,MLO,1,3,3,mass,N/A,N/A,OVAL,CIRCUMSCRIBED,BENIGN_WITHOUT_CALLBACK,0
P_01824,,1.0,RIGHT,CC,1,5,5,mass,N/A,N/A,IRREGULAR-ARCHITECTURAL_DISTORTION,SPICULATED,MALIGNANT,1
P_01824,,1.0,RIGHT,MLO,1,5,5,mass,N/A,N/A,IRREGULAR-ARCHITECTURAL_DISTORTION,SPICULATED,MALIGNANT,1
P_01826,,1.0,RIGHT,CC,1,4,3,mass,N/A,N/A,LOBULATED,ILL_DEFINED,BENIGN,0
P_01826,,1.0,RIGHT,MLO,1,4,3,mass,N/A,N/A,LOBULATED,ILL_DEFINED,BENIGN,0
P_01829,,4.0,LEFT,MLO,1,4,3,mass,N/A,N/A,ROUND,CIRCUMSCRIBED,BENIGN,0
P_01831,,2.0,RIGHT,CC,1,0,4,mass,N/A,N/A,OVAL,OBSCURED,BENIGN,0
P_01831,,2.0,RIGHT,MLO,1,0,4,mass,N/A,N/A,OVAL,OBSCURED,BENIGN,0
P_01832,,1.0,RIGHT,MLO,1,5,5,mass,N/A,N/A,ROUND,ILL_DEFINED,MALIGNANT,1
P_01840,,3.0,RIGHT,MLO,1,4,3,mass,N/A,N/A,ROUND,OBSCURED,BENIGN,0
P_01841,,1.0,RIGHT,CC,1,5,5,mass,N/A,N/A,OVAL,SPICULATED,MALIGNANT,1
P_01841,,1.0,RIGHT,MLO,1,5,4,mass,N/A,N/A,LOBULATED,ILL_DEFINED,MALIGNANT,1
P_01844,,2.0,RIGHT,MLO,1,5,5,mass,N/A,N/A,LOBULATED,MICROLOBULATED,MALIGNANT,1
P_01848,,1.0,RIGHT,CC,1,4,5,mass,N/A,N/A,ROUND,MICROLOBULATED,MALIGNANT,1
P_01848,,1.0,RIGHT,MLO,1,4,5,mass,N/A,N/A,OVAL,MICROLOBULATED,MALIGNANT,1
P_01849,,1.0,RIGHT,CC,1,2,3,mass,N/A,N/A,LYMPH_NODE,N/A,BENIGN_WITHOUT_CALLBACK,0
P_01849,,1.0,RIGHT,MLO,1,2,3,mass,N/A,N/A,LYMPH_NODE,N/A,BENIGN_WITHOUT_CALLBACK,0
P_01850,,3.0,RIGHT,CC,1,4,3,mass,N/A,N/A,ROUND,OBSCURED,BENIGN,0
P_01850,,3.0,RIGHT,MLO,1,4,3,mass,N/A,N/A,ROUND,OBSCURED,BENIGN,0
P_01853,,2.0,LEFT,CC,1,4,1,mass,N/A,N/A,IRREGULAR,SPICULATED,MALIGNANT,1
P_01853,,2.0,LEFT,MLO,1,4,1,mass,N/A,N/A,IRREGULAR,SPICULATED,MALIGNANT,1
P_01860,,4.0,RIGHT,CC,1,4,1,mass,N/A,N/A,ARCHITECTURAL_DISTORTION,SPICULATED,MALIGNANT,1
P_01864,,2.0,LEFT,CC,1,2,5,mass,N/A,N/A,OVAL-LYMPH_NODE,CIRCUMSCRIBED,BENIGN_WITHOUT_CALLBACK,0
P_01866,,2.0,RIGHT,CC,1,0,4,mass,N/A,N/A,ROUND,OBSCURED,BENIGN,0
P_01866,,2.0,RIGHT,MLO,1,0,4,mass,N/A,N/A,ROUND,OBSCURED,BENIGN,0
P_01876,,3.0,LEFT,CC,1,0,3,mass,N/A,N/A,LOBULATED,MICROLOBULATED,BENIGN,0
P_01876,,3.0,LEFT,MLO,1,0,3,mass,N/A,N/A,LOBULATED,MICROLOBULATED,BENIGN,0
P_01877,,1.0,LEFT,CC,1,0,5,mass,N/A,N/A,LOBULATED,OBSCURED,BENIGN,0
P_01877,,1.0,LEFT,MLO,1,0,5,mass,N/A,N/A,LOBULATED,OBSCURED,BENIGN,0
P_01878,,2.0,RIGHT,CC,1,4,5,mass,N/A,N/A,ROUND,CIRCUMSCRIBED,BENIGN,0
P_01878,,2.0,RIGHT,MLO,1,4,4,mass,N/A,N/A,LOBULATED,CIRCUMSCRIBED,BENIGN,0
P_01883,,2.0,LEFT,CC,1,4,5,mass,N/A,N/A,LOBULATED,CIRCUMSCRIBED,BENIGN,0
P_01886,,3.0,RIGHT,CC,1,5,3,mass,N/A,N/A,IRREGULAR,SPICULATED,BENIGN,0
P_01887,,2.0,LEFT,CC,1,0,4,mass,N/A,N/A,LOBULATED,OBSCURED,BENIGN,0
P_01887,,2.0,LEFT,MLO,1,0,4,mass,N/A,N/A,LOBULATED,OBSCURED,BENIGN,0
P_01888,,2.0,RIGHT,MLO,1,5,5,mass,N/A,N/A,IRREGULAR,SPICULATED,MALIGNANT,1
P_01889,,1.0,RIGHT,CC,1,3,5,mass,N/A,N/A,LOBULATED,CIRCUMSCRIBED,BENIGN,0
P_01889,,1.0,RIGHT,MLO,1,3,5,mass,N/A,N/A,LOBULATED,CIRCUMSCRIBED,BENIGN,0
P_01890,,2.0,LEFT,MLO,1,3,2,mass,N/A,N/A,OVAL,OBSCURED-ILL_DEFINED,MALIGNANT,1
P_01908,,2.0,LEFT,CC,1,3,4,mass,N/A,N/A,OVAL,ILL_DEFINED,MALIGNANT,1
P_01946,,2.0,RIGHT,CC,1,3,3,mass,N/A,N/A,IRREGULAR,OBSCURED,MALIGNANT,1
P_01946,,2.0,RIGHT,MLO,1,3,3,mass,N/A,N/A,IRREGULAR,OBSCURED,MALIGNANT,1
P_01981,,2.0,RIGHT,CC,1,3,5,mass,N/A,N/A,IRREGULAR,ILL_DEFINED,MALIGNANT,1
P_01981,,2.0,RIGHT,MLO,1,3,5,mass,N/A,N/A,IRREGULAR,ILL_DEFINED,MALIGNANT,1
P_01983,,2.0,LEFT,MLO,1,3,5,mass,N/A,N/A,OVAL,SPICULATED,MALIGNANT,1
P_02033,,2.0,RIGHT,CC,1,3,4,mass,N/A,N/A,IRREGULAR,ILL_DEFINED,MALIGNANT,1
P_02033,,2.0,RIGHT,MLO,1,3,4,mass,N/A,N/A,IRREGULAR,ILL_DEFINED,MALIGNANT,1
P_02079,,2.0,RIGHT,CC,1,3,5,mass,N/A,N/A,ROUND,SPICULATED,MALIGNANT,1
P_02079,,2.0,RIGHT,MLO,1,3,5,mass,N/A,N/A,ROUND,SPICULATED,MALIGNANT,1
P_02092,,2.0,LEFT,CC,1,3,2,mass,N/A,N/A,IRREGULAR,SPICULATED,MALIGNANT,1
P_02092,,2.0,LEFT,MLO,1,3,2,mass,N/A,N/A,IRREGULAR,SPICULATED,MALIGNANT,1
P_00016,,4.0,LEFT,CC,1,5,5,mass,N/A,N/A,IRREGULAR,SPICULATED,MALIGNANT,1
P_00016,,4.0,LEFT,MLO,1,5,5,mass,N/A,N/A,IRREGULAR,SPICULATED,MALIGNANT,1
P_00017,,2.0,LEFT,CC,1,4,4,mass,N/A,N/A,ROUND,CIRCUMSCRIBED,MALIGNANT,1
P_00017,,2.0,LEFT,MLO,1,4,4,mass,N/A,N/A,ROUND,ILL_DEFINED,MALIGNANT,1
P_00032,,3.0,RIGHT,CC,1,0,2,mass,N/A,N/A,ROUND,OBSCURED,BENIGN,0
P_00032,,3.0,RIGHT,MLO,1,0,2,mass,N/A,N/A,ROUND,OBSCURED,BENIGN,0
P_00037,,3.0,RIGHT,CC,1,5,5,mass,N/A,N/A,ROUND,SPICULATED,MALIGNANT,1
P_00037,,3.0,RIGHT,MLO,1,5,5,mass,N/A,N/A,IRREGULAR,SPICULATED,MALIGNANT,1
P_00056,,3.0,LEFT,MLO,1,3,4,mass,N/A,N/A,LOBULATED,CIRCUMSCRIBED,BENIGN,0
P_00066,,4.0,LEFT,CC,1,4,3,mass,N/A,N/A,IRREGULAR,SPICULATED,MALIGNANT,1
P_00066,,4.0,LEFT,MLO,1,4,3,mass,N/A,N/A,IRREGULAR,SPICULATED,MALIGNANT,1
P_00099,,2.0,LEFT,MLO,1,4,4,mass,N/A,N/A,ROUND,CIRCUMSCRIBED,BENIGN,0
P_00114,,3.0,LEFT,MLO,1,4,5,mass,N/A,N/A,OVAL,ILL_DEFINED,BENIGN_WITHOUT_CALLBACK,0
P_00116,,2.0,RIGHT,CC,1,5,5,mass,N/A,N/A,IRREGULAR-ARCHITECTURAL_DISTORTION,SPICULATED,MALIGNANT,1
P_00116,,2.0,RIGHT,CC,2,5,5,mass,N/A,N/A,IRREGULAR-ARCHITECTURAL_DISTORTION,SPICULATED,MALIGNANT,1
P_00116,,2.0,RIGHT,MLO,1,5,5,mass,N/A,N/A,IRREGULAR-ARCHITECTURAL_DISTORTION,SPICULATED,MALIGNANT,1
P_00116,,2.0,RIGHT,MLO,2,5,5,mass,N/A,N/A,IRREGULAR-ARCHITECTURAL_DISTORTION,SPICULATED,MALIGNANT,1
P_00118,,1.0,RIGHT,CC,1,5,5,mass,N/A,N/A,IRREGULAR,SPICULATED,MALIGNANT,1
P_00118,,1.0,RIGHT,MLO,1,5,5,mass,N/A,N/A,IRREGULAR,SPICULATED,MALIGNANT,1
P_00124,,3.0,RIGHT,CC,1,4,4,mass,N/A,N/A,LOBULATED,CIRCUMSCRIBED,BENIGN,0
P_00126,,3.0,RIGHT,CC,1,4,4,mass,N/A,N/A,OVAL,CIRCUMSCRIBED,BENIGN,0
P_00126,,3.0,RIGHT,MLO,1,4,4,mass,N/A,N/A,OVAL,CIRCUMSCRIBED,BENIGN,0
P_00131,,1.0,LEFT,CC,1,3,5,mass,N/A,N/A,OVAL,CIRCUMSCRIBED,BENIGN,0
P_00131,,1.0,LEFT,MLO,1,3,5,mass,N/A,N/A,OVAL,CIRCUMSCRIBED,BENIGN,0
P_00145,,3.0,LEFT,CC,1,0,4,mass,N/A,N/A,OVAL,OBSCURED,BENIGN,0
P_00145,,3.0,LEFT,MLO,1,0,4,mass,N/A,N/A,OVAL,OBSCURED,BENIGN,0
P_00147,,2.0,RIGHT,CC,1,4,5,mass,N/A,N/A,LOBULATED,ILL_DEFINED,MALIGNANT,1
P_00147,,2.0,RIGHT,MLO,1,4,5,mass,N/A,N/A,LOBULATED,ILL_DEFINED,MALIGNANT,1
P_00156,,3.0,RIGHT,MLO,1,4,4,mass,N/A,N/A,LOBULATED,CIRCUMSCRIBED,BENIGN,0
P_00158,,2.0,RIGHT,MLO,1,3,5,mass,N/A,N/A,OVAL,CIRCUMSCRIBED,BENIGN_WITHOUT_CALLBACK,0
P_00159,,2.0,RIGHT,MLO,1,3,3,mass,N/A,N/A,ROUND,CIRCUMSCRIBED,BENIGN_WITHOUT_CALLBACK,0
P_00171,,3.0,RIGHT,CC,1,4,1,mass,N/A,N/A,IRREGULAR,ILL_DEFINED,BENIGN,0
P_00171,,3.0,RIGHT,MLO,1,4,1,mass,N/A,N/A,IRREGULAR,ILL_DEFINED,BENIGN,0
P_00173,,2.0,LEFT,CC,1,3,5,mass,N/A,N/A,LOBULATED,CIRCUMSCRIBED,BENIGN,0
P_00173,,2.0,LEFT,MLO,1,3,5,mass,N/A,N/A,LOBULATED,CIRCUMSCRIBED,BENIGN,0
P_00173,,2.0,RIGHT,CC,1,3,5,mass,N/A,N/A,OVAL,CIRCUMSCRIBED,BENIGN,0
P_00173,,2.0,RIGHT,CC,2,3,5,mass,N/A,N/A,LOBULATED,CIRCUMSCRIBED,BENIGN,0
P_00173,,2.0,RIGHT,MLO,1,3,5,mass,N/A,N/A,OVAL,CIRCUMSCRIBED,BENIGN,0
P_00173,,2.0,RIGHT,MLO,2,3,4,mass,N/A,N/A,LOBULATED,CIRCUMSCRIBED,BENIGN,0
P_00177,,1.0,LEFT,CC,1,4,4,mass,N/A,N/A,IRREGULAR,ILL_DEFINED,BENIGN,0
P_00177,,1.0,LEFT,MLO,1,4,3,mass,N/A,N/A,IRREGULAR,ILL_DEFINED-SPICULATED,BENIGN,0
P_00192,,4.0,RIGHT,CC,1,4,2,mass,N/A,N/A,LOBULATED,CIRCUMSCRIBED,BENIGN,0
P_00194,,3.0,RIGHT,CC,1,4,5,mass,N/A,N/A,LOBULATED,MICROLOBULATED,MALIGNANT,1
P_00194,,3.0,RIGHT,MLO,1,4,5,mass,N/A,N/A,LOBULATED,MICROLOBULATED,MALIGNANT,1
P_00198,,2.0,LEFT,CC,1,4,5,mass,N/A,N/A,LOBULATED,CIRCUMSCRIBED,MALIGNANT,1
P_00198,,2.0,LEFT,MLO,1,4,5,mass,N/A,N/A,LOBULATED,CIRCUMSCRIBED,MALIGNANT,1
P_00200,,3.0,LEFT,CC,1,3,5,mass,N/A,N/A,OVAL,MICROLOBULATED,BENIGN_WITHOUT_CALLBACK,0
P_00200,,3.0,LEFT,MLO,1,3,4,mass,N/A,N/A,OVAL,OBSCURED,BENIGN_WITHOUT_CALLBACK,0
P_00200,,3.0,RIGHT,CC,1,3,5,mass,N/A,N/A,OVAL,MICROLOBULATED,BENIGN_WITHOUT_CALLBACK,0
P_00200,,3.0,RIGHT,MLO,1,3,4,mass,N/A,N/A,ASYMMETRIC_BREAST_TISSUE,ILL_DEFINED,BENIGN_WITHOUT_CALLBACK,0
P_00202,,1.0,RIGHT,CC,1,5,5,mass,N/A,N/A,ARCHITECTURAL_DISTORTION,ILL_DEFINED,MALIGNANT,1
P_00202,,1.0,RIGHT,MLO,1,5,5,mass,N/A,N/A,ARCHITECTURAL_DISTORTION,ILL_DEFINED,MALIGNANT,1
P_00203,,3.0,LEFT,CC,1,4,3,mass,N/A,N/A,LOBULATED,OBSCURED-CIRCUMSCRIBED,BENIGN,0
P_00203,,3.0,LEFT,MLO,1,4,3,mass,N/A,N/A,LOBULATED,OBSCURED-CIRCUMSCRIBED,BENIGN,0
P_00209,,3.0,LEFT,MLO,1,5,4,mass,N/A,N/A,IRREGULAR,SPICULATED,MALIGNANT,1
P_00212,,3.0,RIGHT,CC,1,4,3,mass,N/A,N/A,LOBULATED,ILL_DEFINED,MALIGNANT,1
P_00212,,3.0,RIGHT,MLO,1,4,2,mass,N/A,N/A,LOBULATED,ILL_DEFINED,MALIGNANT,1
P_00230,,2.0,RIGHT,CC,1,4,4,mass,N/A,N/A,LOBULATED,CIRCUMSCRIBED,BENIGN,0
P_00230,,2.0,RIGHT,MLO,1,4,4,mass,N/A,N/A,LOBULATED,CIRCUMSCRIBED,BENIGN,0
P_00238,,3.0,RIGHT,CC,1,2,3,mass,N/A,N/A,LYMPH_NODE,N/A,BENIGN,0
P_00238,,3.0,RIGHT,MLO,1,3,3,mass,N/A,N/A,OVAL,CIRCUMSCRIBED,BENIGN,0
P_00278,,2.0,RIGHT,CC,1,4,4,mass,N/A,N/A,LOBULATED,MICROLOBULATED,BENIGN,0
P_00278,,2.0,RIGHT,MLO,1,4,4,mass,N/A,N/A,LOBULATED,MICROLOBULATED,BENIGN,0
P_00296,,2.0,LEFT,CC,1,5,5,mass,N/A,N/A,IRREGULAR,SPICULATED,MALIGNANT,1
P_00296,,2.0,LEFT,MLO,1,5,5,mass,N/A,N/A,IRREGULAR,SPICULATED,MALIGNANT,1
P_00324,,3.0,RIGHT,CC,1,3,2,mass,N/A,N/A,IRREGULAR,ILL_DEFINED-SPICULATED,MALIGNANT,1
P_00324,,3.0,RIGHT,MLO,1,4,3,mass,N/A,N/A,IRREGULAR-ARCHITECTURAL_DISTORTION,SPICULATED,MALIGNANT,1
P_00340,,4.0,LEFT,CC,1,3,3,mass,N/A,N/A,OVAL,OBSCURED,BENIGN,0
P_00343,,2.0,LEFT,CC,1,2,3,mass,N/A,N/A,LYMPH_NODE,N/A,BENIGN_WITHOUT_CALLBACK,0
P_00343,,2.0,LEFT,MLO,1,2,3,mass,N/A,N/A,LYMPH_NODE,N/A,BENIGN_WITHOUT_CALLBACK,0
P_00343,,2.0,RIGHT,CC,1,2,3,mass,N/A,N/A,LYMPH_NODE,N/A,BENIGN_WITHOUT_CALLBACK,0
P_00343,,2.0,RIGHT,CC,2,2,3,mass,N/A,N/A,LYMPH_NODE,N/A,BENIGN_WITHOUT_CALLBACK,0
P_00343,,2.0,RIGHT,MLO,1,2,3,mass,N/A,N/A,LYMPH_NODE,N/A,BENIGN_WITHOUT_CALLBACK,0
P_00343,,2.0,RIGHT,MLO,2,2,3,mass,N/A,N/A,LYMPH_NODE,N/A,BENIGN_WITHOUT_CALLBACK,0
P_00347,,1.0,LEFT,CC,1,5,5,mass,N/A,N/A,IRREGULAR,CIRCUMSCRIBED-SPICULATED,MALIGNANT,1
P_00347,,1.0,LEFT,MLO,1,4,5,mass,N/A,N/A,IRREGULAR,ILL_DEFINED-SPICULATED,MALIGNANT,1
P_00358,,4.0,RIGHT,CC,1,4,4,mass,N/A,N/A,ARCHITECTURAL_DISTORTION,SPICULATED,BENIGN,0
P_00358,,4.0,RIGHT,MLO,1,4,4,mass,N/A,N/A,ARCHITECTURAL_DISTORTION,SPICULATED,BENIGN,0
P_00359,,3.0,LEFT,MLO,1,3,2,mass,N/A,N/A,OVAL,OBSCURED,BENIGN,0
P_00369,,4.0,LEFT,CC,1,4,5,mass,N/A,N/A,IRREGULAR,ILL_DEFINED,BENIGN,0
P_00369,,4.0,LEFT,MLO,1,4,5,mass,N/A,N/A,IRREGULAR,ILL_DEFINED,BENIGN,0
P_00375,,2.0,RIGHT,CC,1,5,5,mass,N/A,N/A,OVAL,MICROLOBULATED,MALIGNANT,1
P_00375,,2.0,RIGHT,MLO,1,5,5,mass,N/A,N/A,OVAL,MICROLOBULATED,MALIGNANT,1
P_00379,,3.0,LEFT,CC,1,0,5,mass,N/A,N/A,IRREGULAR,ILL_DEFINED,BENIGN,0
P_00379,,3.0,LEFT,MLO,1,0,5,mass,N/A,N/A,IRREGULAR,ILL_DEFINED,BENIGN,0
P_00381,,2.0,LEFT,CC,1,0,5,mass,N/A,N/A,OVAL,OBSCURED,BENIGN,0
P_00381,,2.0,LEFT,MLO,1,0,5,mass,N/A,N/A,OVAL,OBSCURED,BENIGN,0
P_00387,,2.0,RIGHT,CC,1,4,4,mass,N/A,N/A,OVAL-LOBULATED,MICROLOBULATED,BENIGN,0
P_00387,,2.0,RIGHT,MLO,1,4,3,mass,N/A,N/A,ROUND,MICROLOBULATED,BENIGN,0
P_00391,,4.0,LEFT,CC,1,4,3,mass,N/A,N/A,LOBULATED,OBSCURED,BENIGN,0
P_00391,,4.0,LEFT,MLO,1,4,3,mass,N/A,N/A,LOBULATED,OBSCURED,BENIGN,0
P_00391,,4.0,RIGHT,CC,1,4,3,mass,N/A,N/A,LOBULATED,OBSCURED,BENIGN,0
P_00391,,4.0,RIGHT,MLO,1,4,3,mass,N/A,N/A,LOBULATED,OBSCURED,BENIGN,0
P_00394,,2.0,RIGHT,MLO,1,2,4,mass,N/A,N/A,ARCHITECTURAL_DISTORTION,N/A,BENIGN_WITHOUT_CALLBACK,0
P_00405,,4.0,LEFT,CC,1,3,2,mass,N/A,N/A,OVAL,OBSCURED,BENIGN,0
P_00405,,4.0,LEFT,MLO,1,3,2,mass,N/A,N/A,OVAL,OBSCURED,BENIGN,0
P_00409,,2.0,RIGHT,CC,1,0,5,mass,N/A,N/A,LOBULATED,ILL_DEFINED,BENIGN,0
P_00409,,2.0,RIGHT,MLO,1,0,5,mass,N/A,N/A,LOBULATED,ILL_DEFINED,BENIGN,0
P_00429,,2.0,LEFT,CC,1,4,4,mass,N/A,N/A,OVAL,SPICULATED,BENIGN_WITHOUT_CALLBACK,0
P_00429,,2.0,LEFT,MLO,1,4,5,mass,N/A,N/A,OVAL,ILL_DEFINED,BENIGN_WITHOUT_CALLBACK,0
P_00433,,2.0,LEFT,CC,1,3,4,mass,N/A,N/A,OVAL,ILL_DEFINED,BENIGN,0
P_00433,,2.0,LEFT,MLO,1,3,5,mass,N/A,N/A,OVAL,CIRCUMSCRIBED,BENIGN,0
P_00457,,2.0,LEFT,CC,1,0,3,mass,N/A,N/A,OVAL,OBSCURED,BENIGN,0
P_00457,,2.0,LEFT,MLO,1,0,3,mass,N/A,N/A,OVAL,OBSCURED,BENIGN,0
P_00464,,3.0,RIGHT,CC,1,4,3,mass,N/A,N/A,LOBULATED,OBSCURED,BENIGN,0
P_00464,,3.0,RIGHT,MLO,1,4,3,mass,N/A,N/A,LOBULATED,OBSCURED,BENIGN,0
P_00470,,1.0,RIGHT,CC,1,3,5,mass,N/A,N/A,LOBULATED,CIRCUMSCRIBED,BENIGN,0
P_00470,,1.0,RIGHT,MLO,1,3,5,mass,N/A,N/A,LOBULATED,CIRCUMSCRIBED,BENIGN,0
P_00481,,2.0,RIGHT,CC,1,4,4,mass,N/A,N/A,ROUND,SPICULATED,MALIGNANT,1
P_00481,,2.0,RIGHT,MLO,1,4,4,mass,N/A,N/A,ROUND,SPICULATED,MALIGNANT,1
P_00482,,3.0,LEFT,CC,1,4,2,mass,N/A,N/A,LOBULATED,CIRCUMSCRIBED,BENIGN,0
P_00482,,3.0,LEFT,MLO,1,4,2,mass,N/A,N/A,LOBULATED,CIRCUMSCRIBED,BENIGN,0
P_00490,,3.0,RIGHT,CC,1,4,2,mass,N/A,N/A,OVAL,CIRCUMSCRIBED-OBSCURED-ILL_DEFINED,BENIGN,0
P_00490,,3.0,RIGHT,MLO,1,4,3,mass,N/A,N/A,OVAL,CIRCUMSCRIBED-OBSCURED-ILL_DEFINED,BENIGN,0
P_00493,,4.0,RIGHT,CC,1,4,1,mass,N/A,N/A,OVAL,ILL_DEFINED,BENIGN,0
P_00494,,2.0,RIGHT,CC,1,5,5,mass,N/A,N/A,IRREGULAR,SPICULATED,BENIGN,0
P_00494,,2.0,RIGHT,MLO,1,5,5,mass,N/A,N/A,IRREGULAR,SPICULATED,BENIGN,0
P_00498,,1.0,LEFT,CC,1,4,2,mass,N/A,N/A,IRREGULAR,ILL_DEFINED,MALIGNANT,1
P_00498,,1.0,LEFT,MLO,1,4,2,mass,N/A,N/A,IRREGULAR,ILL_DEFINED,MALIGNANT,1
P_00500,,2.0,RIGHT,MLO,1,4,2,mass,N/A,N/A,IRREGULAR,ILL_DEFINED,MALIGNANT,1
P_00510,,2.0,LEFT,CC,4,2,4,mass,N/A,N/A,LYMPH_NODE,CIRCUMSCRIBED,BENIGN_WITHOUT_CALLBACK,0
P_00510,,2.0,LEFT,MLO,2,2,4,mass,N/A,N/A,LYMPH_NODE,CIRCUMSCRIBED,BENIGN_WITHOUT_CALLBACK,0
P_00514,,2.0,LEFT,MLO,1,4,1,mass,N/A,N/A,ROUND,ILL_DEFINED,MALIGNANT,1
P_00516,,2.0,LEFT,CC,1,5,5,mass,N/A,N/A,IRREGULAR,ILL_DEFINED,MALIGNANT,1
P_00516,,2.0,LEFT,MLO,1,4,5,mass,N/A,N/A,IRREGULAR,ILL_DEFINED,MALIGNANT,1
P_00524,,1.0,LEFT,CC,1,4,5,mass,N/A,N/A,OVAL,CIRCUMSCRIBED,MALIGNANT,1
P_00524,,1.0,LEFT,MLO,1,4,5,mass,N/A,N/A,OVAL,CIRCUMSCRIBED,MALIGNANT,1
P_00533,,3.0,LEFT,CC,1,3,2,mass,N/A,N/A,IRREGULAR,SPICULATED,BENIGN_WITHOUT_CALLBACK,0
P_00533,,3.0,LEFT,MLO,1,3,4,mass,N/A,N/A,OVAL,CIRCUMSCRIBED,BENIGN_WITHOUT_CALLBACK,0
P_00544,,2.0,LEFT,CC,1,4,3,mass,N/A,N/A,IRREGULAR,OBSCURED-ILL_DEFINED-SPICULATED,MALIGNANT,1
P_00544,,2.0,LEFT,MLO,1,3,2,mass,N/A,N/A,IRREGULAR,OBSCURED-ILL_DEFINED,MALIGNANT,1
P_00576,,2.0,LEFT,CC,1,4,5,mass,N/A,N/A,IRREGULAR,ILL_DEFINED,MALIGNANT,1
P_00576,,2.0,LEFT,MLO,1,4,5,mass,N/A,N/A,IRREGULAR,ILL_DEFINED,MALIGNANT,1
P_00587,,2.0,RIGHT,CC,1,4,4,mass,N/A,N/A,ROUND,ILL_DEFINED,BENIGN,0
P_00587,,2.0,RIGHT,MLO,1,4,4,mass,N/A,N/A,ROUND,ILL_DEFINED,BENIGN,0
P_00591,,1.0,RIGHT,MLO,3,5,5,mass,N/A,N/A,ROUND,CIRCUMSCRIBED,MALIGNANT,1
P_00598,,2.0,LEFT,CC,1,5,5,mass,N/A,N/A,LOBULATED,MICROLOBULATED,MALIGNANT,1
P_00598,,2.0,LEFT,MLO,1,5,5,mass,N/A,N/A,OVAL,MICROLOBULATED,MALIGNANT,1
P_00601,,2.0,LEFT,CC,1,3,5,mass,N/A,N/A,OVAL,CIRCUMSCRIBED,BENIGN,0
P_00601,,2.0,LEFT,MLO,2,3,5,mass,N/A,N/A,OVAL,OBSCURED,BENIGN,0
P_00612,,3.0,RIGHT,MLO,1,3,4,mass,N/A,N/A,ARCHITECTURAL_DISTORTION,N/A,BENIGN_WITHOUT_CALLBACK,0
P_00615,,2.0,RIGHT,CC,1,4,3,mass,N/A,N/A,ASYMMETRIC_BREAST_TISSUE,ILL_DEFINED,BENIGN,0
P_00615,,2.0,RIGHT,MLO,1,4,3,mass,N/A,N/A,ASYMMETRIC_BREAST_TISSUE,ILL_DEFINED,BENIGN,0
P_00623,,2.0,LEFT,CC,1,3,5,mass,N/A,N/A,ROUND,CIRCUMSCRIBED,BENIGN,0
P_00623,,2.0,LEFT,MLO,1,3,5,mass,N/A,N/A,OVAL,CIRCUMSCRIBED,BENIGN,0
P_00629,,3.0,RIGHT,CC,1,5,5,mass,N/A,N/A,IRREGULAR,SPICULATED,BENIGN,0
P_00629,,3.0,RIGHT,MLO,1,5,5,mass,N/A,N/A,IRREGULAR,SPICULATED,BENIGN,0
P_00636,,2.0,RIGHT,CC,1,4,5,mass,N/A,N/A,LOBULATED,CIRCUMSCRIBED-ILL_DEFINED,MALIGNANT,1
P_00636,,2.0,RIGHT,MLO,1,4,4,mass,N/A,N/A,LOBULATED,ILL_DEFINED,MALIGNANT,1
P_00639,,2.0,LEFT,MLO,1,2,5,mass,N/A,N/A,ARCHITECTURAL_DISTORTION,SPICULATED,BENIGN,0
P_00641,,2.0,RIGHT,CC,1,1,2,mass,N/A,N/A,IRREGULAR,OBSCURED-ILL_DEFINED,MALIGNANT,1
P_00641,,2.0,RIGHT,MLO,1,1,2,mass,N/A,N/A,IRREGULAR,ILL_DEFINED,MALIGNANT,1
P_00652,,3.0,LEFT,CC,1,3,3,mass,N/A,N/A,ROUND,CIRCUMSCRIBED,BENIGN,0
P_00656,,1.0,RIGHT,MLO,1,5,4,mass,N/A,N/A,IRREGULAR,SPICULATED,MALIGNANT,1
P_00662,,2.0,LEFT,CC,1,4,4,mass,N/A,N/A,IRREGULAR-ASYMMETRIC_BREAST_TISSUE,ILL_DEFINED,BENIGN,0
P_00662,,2.0,LEFT,MLO,1,4,5,mass,N/A,N/A,IRREGULAR,SPICULATED,BENIGN,0
P_00671,,1.0,LEFT,CC,1,4,3,mass,N/A,N/A,IRREGULAR,ILL_DEFINED,BENIGN,0
P_00671,,1.0,LEFT,MLO,1,4,3,mass,N/A,N/A,IRREGULAR,ILL_DEFINED,BENIGN,0
P_00677,,2.0,RIGHT,CC,1,5,5,mass,N/A,N/A,IRREGULAR,SPICULATED,MALIGNANT,1
P_00677,,2.0,RIGHT,MLO,1,5,4,mass,N/A,N/A,IRREGULAR,SPICULATED,MALIGNANT,1
P_00699,,3.0,RIGHT,CC,1,0,5,mass,N/A,N/A,ROUND,OBSCURED,BENIGN,0
P_00699,,3.0,RIGHT,MLO,1,0,5,mass,N/A,N/A,ROUND,OBSCURED,BENIGN,0
P_00707,,2.0,RIGHT,CC,1,3,4,mass,N/A,N/A,OVAL,CIRCUMSCRIBED-MICROLOBULATED,BENIGN,0
P_00707,,2.0,RIGHT,MLO,1,3,3,mass,N/A,N/A,OVAL,CIRCUMSCRIBED-ILL_DEFINED,BENIGN,0
P_00718,,3.0,RIGHT,MLO,1,4,4,mass,N/A,N/A,OVAL,CIRCUMSCRIBED-OBSCURED,BENIGN,0
P_00738,,2.0,RIGHT,CC,1,4,2,mass,N/A,N/A,OVAL,MICROLOBULATED,BENIGN,0
P_00738,,2.0,RIGHT,MLO,1,4,2,mass,N/A,N/A,OVAL,MICROLOBULATED,BENIGN,0
P_00741,,2.0,LEFT,CC,1,4,5,mass,N/A,N/A,ROUND,CIRCUMSCRIBED,MALIGNANT,1
P_00741,,2.0,LEFT,MLO,1,4,3,mass,N/A,N/A,OVAL,ILL_DEFINED,MALIGNANT,1
P_00758,,3.0,LEFT,CC,1,4,2,mass,N/A,N/A,ARCHITECTURAL_DISTORTION,SPICULATED,MALIGNANT,1
P_00758,,3.0,LEFT,MLO,1,4,2,mass,N/A,N/A,ARCHITECTURAL_DISTORTION,SPICULATED,MALIGNANT,1
P_00766,,3.0,LEFT,CC,1,4,3,mass,N/A,N/A,ARCHITECTURAL_DISTORTION,ILL_DEFINED,BENIGN,0
P_00766,,3.0,LEFT,MLO,1,4,3,mass,N/A,N/A,ARCHITECTURAL_DISTORTION,ILL_DEFINED-SPICULATED,BENIGN,0
P_00773,,4.0,LEFT,CC,1,4,2,mass,N/A,N/A,ARCHITECTURAL_DISTORTION,SPICULATED,MALIGNANT,1
P_00773,,4.0,LEFT,MLO,1,4,2,mass,N/A,N/A,ARCHITECTURAL_DISTORTION,SPICULATED,MALIGNANT,1
P_00788,,1.0,RIGHT,MLO,1,4,3,mass,N/A,N/A,LOBULATED,ILL_DEFINED,BENIGN,0
P_00813,,1.0,RIGHT,MLO,1,4,3,mass,N/A,N/A,ROUND,ILL_DEFINED,MALIGNANT,1
P_00820,,3.0,LEFT,CC,1,5,5,mass,N/A,N/A,IRREGULAR,SPICULATED,MALIGNANT,1
P_00820,,3.0,LEFT,MLO,1,5,5,mass,N/A,N/A,IRREGULAR,MICROLOBULATED,MALIGNANT,1
P_00820,,3.0,RIGHT,CC,1,3,5,mass,N/A,N/A,OVAL,CIRCUMSCRIBED,BENIGN,0
P_00820,,3.0,RIGHT,MLO,1,3,5,mass,N/A,N/A,OVAL,CIRCUMSCRIBED,BENIGN,0
P_00837,,4.0,RIGHT,CC,1,4,4,mass,N/A,N/A,OVAL,CIRCUMSCRIBED,BENIGN,0
P_00837,,4.0,RIGHT,MLO,1,4,4,mass,N/A,N/A,OVAL,CIRCUMSCRIBED,BENIGN,0
P_00875,,2.0,RIGHT,CC,1,5,3,mass,N/A,N/A,IRREGULAR,SPICULATED,MALIGNANT,1
P_00875,,2.0,RIGHT,MLO,1,5,3,mass,N/A,N/A,IRREGULAR,SPICULATED,MALIGNANT,1
P_00882,,2.0,RIGHT,CC,1,4,5,mass,N/A,N/A,LOBULATED,CIRCUMSCRIBED,BENIGN,0
P_00882,,2.0,RIGHT,MLO,1,4,5,mass,N/A,N/A,LOBULATED,CIRCUMSCRIBED,BENIGN,0
P_00893,,3.0,LEFT,CC,1,3,2,mass,N/A,N/A,OVAL,OBSCURED,BENIGN_WITHOUT_CALLBACK,0
P_00893,,3.0,LEFT,MLO,1,3,5,mass,N/A,N/A,OVAL,ILL_DEFINED,BENIGN_WITHOUT_CALLBACK,0
P_00922,,3.0,RIGHT,CC,1,0,4,mass,N/A,N/A,OVAL,OBSCURED,BENIGN,0
P_00922,,3.0,RIGHT,MLO,1,0,4,mass,N/A,N/A,OVAL,OBSCURED,BENIGN,0
P_00924,,1.0,RIGHT,CC,1,2,3,mass,N/A,N/A,LOBULATED-LYMPH_NODE,CIRCUMSCRIBED,BENIGN_WITHOUT_CALLBACK,0
P_00928,,2.0,RIGHT,CC,1,3,3,mass,N/A,N/A,FOCAL_ASYMMETRIC_DENSITY,N/A,BENIGN_WITHOUT_CALLBACK,0
P_00928,,2.0,RIGHT,MLO,1,3,3,mass,N/A,N/A,FOCAL_ASYMMETRIC_DENSITY,N/A,BENIGN_WITHOUT_CALLBACK,0
P_00928,,2.0,RIGHT,MLO,2,3,3,mass,N/A,N/A,FOCAL_ASYMMETRIC_DENSITY,N/A,BENIGN_WITHOUT_CALLBACK,0
P_00932,,2.0,LEFT,MLO,1,4,3,mass,N/A,N/A,OVAL,ILL_DEFINED,MALIGNANT,1
P_00942,,2.0,LEFT,CC,1,5,5,mass,N/A,N/A,IRREGULAR,SPICULATED,MALIGNANT,1
P_00947,,1.0,RIGHT,CC,1,5,5,mass,N/A,N/A,LOBULATED,CIRCUMSCRIBED,MALIGNANT,1
P_00947,,1.0,RIGHT,MLO,1,5,5,mass,N/A,N/A,LOBULATED,CIRCUMSCRIBED,MALIGNANT,1
P_00951,,1.0,LEFT,CC,1,4,5,mass,N/A,N/A,ARCHITECTURAL_DISTORTION,SPICULATED,BENIGN_WITHOUT_CALLBACK,0
P_00951,,1.0,RIGHT,CC,1,5,5,mass,N/A,N/A,IRREGULAR,SPICULATED,MALIGNANT,1
P_00951,,1.0,RIGHT,MLO,1,5,5,mass,N/A,N/A,OVAL,SPICULATED,MALIGNANT,1
P_00962,,2.0,RIGHT,CC,1,0,3,mass,N/A,N/A,IRREGULAR,OBSCURED,MALIGNANT,1
P_00962,,2.0,RIGHT,MLO,1,0,3,mass,N/A,N/A,IRREGULAR,OBSCURED,MALIGNANT,1
P_00966,,1.0,RIGHT,MLO,1,3,5,mass,N/A,N/A,FOCAL_ASYMMETRIC_DENSITY,N/A,BENIGN_WITHOUT_CALLBACK,0
P_00969,,3.0,LEFT,CC,1,3,3,mass,N/A,N/A,ROUND,CIRCUMSCRIBED,BENIGN,0
P_00969,,3.0,LEFT,CC,3,4,2,mass,N/A,N/A,ARCHITECTURAL_DISTORTION,N/A,MALIGNANT,1
P_00969,,3.0,LEFT,MLO,1,3,3,mass,N/A,N/A,ROUND,CIRCUMSCRIBED,BENIGN,0
P_00969,,3.0,LEFT,MLO,4,4,2,mass,N/A,N/A,ARCHITECTURAL_DISTORTION,N/A,MALIGNANT,1
P_00979,,3.0,LEFT,CC,1,4,1,mass,N/A,N/A,IRREGULAR,SPICULATED,BENIGN,0
P_00979,,3.0,LEFT,MLO,1,4,1,mass,N/A,N/A,IRREGULAR,SPICULATED,BENIGN,0
P_00980,,2.0,LEFT,CC,1,3,3,mass,N/A,N/A,LOBULATED,CIRCUMSCRIBED,BENIGN,0
P_00980,,2.0,LEFT,MLO,1,3,3,mass,N/A,N/A,LOBULATED,CIRCUMSCRIBED,BENIGN,0
P_00985,,2.0,RIGHT,CC,1,5,5,mass,N/A,N/A,IRREGULAR,MICROLOBULATED-ILL_DEFINED,MALIGNANT,1
P_00985,,2.0,RIGHT,MLO,1,5,5,mass,N/A,N/A,IRREGULAR,MICROLOBULATED-ILL_DEFINED,MALIGNANT,1
P_00986,,4.0,LEFT,MLO,1,5,4,mass,N/A,N/A,IRREGULAR,SPICULATED,MALIGNANT,1
P_00987,,4.0,LEFT,CC,1,5,5,mass,N/A,N/A,OVAL,ILL_DEFINED,MALIGNANT,1
P_00987,,4.0,LEFT,MLO,1,5,4,mass,N/A,N/A,LOBULATED,ILL_DEFINED,MALIGNANT,1
P_01014,,2.0,LEFT,CC,1,5,5,mass,N/A,N/A,IRREGULAR,CIRCUMSCRIBED-MICROLOBULATED-ILL_DEFINED,MALIGNANT,1
P_01014,,2.0,LEFT,MLO,1,5,5,mass,N/A,N/A,IRREGULAR,CIRCUMSCRIBED-MICROLOBULATED-ILL_DEFINED,MALIGNANT,1
P_01044,,2.0,LEFT,MLO,1,5,4,mass,N/A,N/A,IRREGULAR,SPICULATED,MALIGNANT,1
P_01068,,2.0,RIGHT,MLO,1,4,5,mass,N/A,N/A,LOBULATED,ILL_DEFINED,MALIGNANT,1
P_01090,,1.0,LEFT,CC,1,3,5,mass,N/A,N/A,ROUND,CIRCUMSCRIBED,BENIGN,0
P_01090,,1.0,LEFT,CC,2,3,5,mass,N/A,N/A,ROUND,CIRCUMSCRIBED,BENIGN,0
P_01090,,1.0,LEFT,CC,3,3,5,mass,N/A,N/A,LOBULATED,CIRCUMSCRIBED,BENIGN,0
P_01090,,1.0,LEFT,MLO,1,2,5,mass,N/A,N/A,ROUND,CIRCUMSCRIBED,BENIGN,0
P_01090,,1.0,LEFT,MLO,2,3,5,mass,N/A,N/A,OVAL,CIRCUMSCRIBED,BENIGN,0
P_01090,,1.0,LEFT,MLO,3,3,5,mass,N/A,N/A,LOBULATED,CIRCUMSCRIBED,BENIGN,0
P_01090,,1.0,LEFT,MLO,4,3,5,mass,N/A,N/A,ROUND,CIRCUMSCRIBED,BENIGN,0
P_01090,,1.0,RIGHT,MLO,1,3,5,mass,N/A,N/A,ROUND,CIRCUMSCRIBED,BENIGN,0
P_01101,,2.0,LEFT,CC,1,3,5,mass,N/A,N/A,LOBULATED,ILL_DEFINED,BENIGN,0
P_01106,,1.0,LEFT,MLO,1,3,5,mass,N/A,N/A,LOBULATED,CIRCUMSCRIBED,BENIGN,0
P_01108,,4.0,RIGHT,CC,1,3,4,mass,N/A,N/A,OVAL,CIRCUMSCRIBED-OBSCURED,BENIGN,0
P_01108,,4.0,RIGHT,MLO,1,3,4,mass,N/A,N/A,OVAL,CIRCUMSCRIBED-OBSCURED,BENIGN,0
P_01110,,4.0,RIGHT,CC,1,5,2,mass,N/A,N/A,ARCHITECTURAL_DISTORTION,SPICULATED,MALIGNANT,1
P_01114,,3.0,RIGHT,MLO,1,5,1,mass,N/A,N/A,IRREGULAR,SPICULATED,MALIGNANT,1
P_01119,,3.0,LEFT,CC,1,5,5,mass,N/A,N/A,IRREGULAR,SPICULATED,MALIGNANT,1
P_01119,,3.0,LEFT,MLO,1,5,5,mass,N/A,N/A,IRREGULAR,SPICULATED,MALIGNANT,1
P_01140,,2.0,LEFT,CC,1,4,3,mass,N/A,N/A,IRREGULAR,SPICULATED,MALIGNANT,1
P_01140,,2.0,LEFT,MLO,1,4,3,mass,N/A,N/A,IRREGULAR,SPICULATED,MALIGNANT,1
P_01145,,2.0,LEFT,MLO,1,3,4,mass,N/A,N/A,ROUND,SPICULATED,BENIGN_WITHOUT_CALLBACK,0
P_01167,,2.0,LEFT,MLO,1,4,2,mass,N/A,N/A,IRREGULAR,SPICULATED,MALIGNANT,1
P_01183,,2.0,LEFT,CC,1,4,3,mass,N/A,N/A,ROUND,MICROLOBULATED,BENIGN,0
P_01183,,2.0,LEFT,MLO,1,3,2,mass,N/A,N/A,IRREGULAR,OBSCURED-ILL_DEFINED,BENIGN,0
P_01187,,2.0,LEFT,MLO,1,4,3,mass,N/A,N/A,LOBULATED,MICROLOBULATED,BENIGN,0
P_01192,,3.0,LEFT,CC,1,4,2,mass,N/A,N/A,ARCHITECTURAL_DISTORTION,ILL_DEFINED,BENIGN,0
P_01192,,3.0,LEFT,MLO,1,4,2,mass,N/A,N/A,ARCHITECTURAL_DISTORTION,ILL_DEFINED,BENIGN,0
P_01204,,1.0,RIGHT,CC,1,5,5,mass,N/A,N/A,IRREGULAR,SPICULATED,MALIGNANT,1
P_01204,,1.0,RIGHT,MLO,1,5,5,mass,N/A,N/A,IRREGULAR,SPICULATED,MALIGNANT,1
P_01210,,2.0,RIGHT,MLO,1,4,4,mass,N/A,N/A,IRREGULAR,ILL_DEFINED,MALIGNANT,1
P_01213,,2.0,LEFT,CC,1,4,3,mass,N/A,N/A,LOBULATED,ILL_DEFINED,MALIGNANT,1
P_01213,,2.0,LEFT,MLO,1,4,3,mass,N/A,N/A,LOBULATED,ILL_DEFINED,MALIGNANT,1
P_01235,,2.0,RIGHT,MLO,1,5,5,mass,N/A,N/A,IRREGULAR,SPICULATED,MALIGNANT,1
P_01251,,2.0,LEFT,CC,1,4,4,mass,N/A,N/A,OVAL,OBSCURED,BENIGN,0
P_01251,,2.0,LEFT,MLO,1,4,4,mass,N/A,N/A,OVAL,OBSCURED,BENIGN,0
P_01254,,2.0,RIGHT,CC,1,3,4,mass,N/A,N/A,LOBULATED,CIRCUMSCRIBED,BENIGN,0
P_01254,,2.0,RIGHT,MLO,1,4,3,mass,N/A,N/A,LOBULATED,CIRCUMSCRIBED,BENIGN,0
P_01257,,2.0,RIGHT,CC,1,4,4,mass,N/A,N/A,LOBULATED,ILL_DEFINED,BENIGN,0
P_01257,,2.0,RIGHT,MLO,1,4,4,mass,N/A,N/A,LOBULATED,ILL_DEFINED,BENIGN,0
P_01277,,1.0,RIGHT,CC,1,4,4,mass,N/A,N/A,IRREGULAR,ILL_DEFINED,MALIGNANT,1
P_01277,,1.0,RIGHT,MLO,1,4,4,mass,N/A,N/A,IRREGULAR,ILL_DEFINED,MALIGNANT,1
P_01294,,2.0,RIGHT,CC,1,5,5,mass,N/A,N/A,LOBULATED-IRREGULAR,SPICULATED,MALIGNANT,1
P_01294,,2.0,RIGHT,MLO,1,5,5,mass,N/A,N/A,IRREGULAR,SPICULATED,MALIGNANT,1
P_01298,,3.0,LEFT,CC,1,3,4,mass,N/A,N/A,LOBULATED,CIRCUMSCRIBED-OBSCURED-ILL_DEFINED,MALIGNANT,1
P_01298,,3.0,LEFT,MLO,1,3,3,mass,N/A,N/A,LOBULATED,OBSCURED-ILL_DEFINED,MALIGNANT,1
P_01307,,3.0,RIGHT,CC,1,3,5,mass,N/A,N/A,OVAL,CIRCUMSCRIBED,BENIGN,0
P_01307,,3.0,RIGHT,MLO,1,3,5,mass,N/A,N/A,ROUND,CIRCUMSCRIBED,BENIGN,0
P_01316,,2.0,RIGHT,CC,1,4,4,mass,N/A,N/A,OVAL,CIRCUMSCRIBED,BENIGN,0
P_01316,,2.0,RIGHT,MLO,1,4,4,mass,N/A,N/A,ROUND,CIRCUMSCRIBED,BENIGN,0
P_01322,,4.0,RIGHT,CC,1,4,3,mass,N/A,N/A,ROUND,ILL_DEFINED,BENIGN,0
P_01322,,4.0,RIGHT,MLO,1,4,3,mass,N/A,N/A,ROUND,ILL_DEFINED,BENIGN,0
P_01323,,2.0,LEFT,CC,1,4,4,mass,N/A,N/A,IRREGULAR,ILL_DEFINED,MALIGNANT,1
P_01323,,2.0,LEFT,MLO,1,4,4,mass,N/A,N/A,IRREGULAR,ILL_DEFINED,MALIGNANT,1
P_01331,,2.0,LEFT,CC,1,3,3,mass,N/A,N/A,IRREGULAR,SPICULATED,BENIGN_WITHOUT_CALLBACK,0
P_01331,,2.0,LEFT,MLO,1,3,3,mass,N/A,N/A,IRREGULAR,SPICULATED,BENIGN_WITHOUT_CALLBACK,0
P_01333,,2.0,LEFT,CC,1,5,3,mass,N/A,N/A,IRREGULAR,SPICULATED,MALIGNANT,1
P_01333,,2.0,LEFT,MLO,1,5,3,mass,N/A,N/A,IRREGULAR,SPICULATED,MALIGNANT,1
P_01347,,4.0,RIGHT,CC,1,5,3,mass,N/A,N/A,IRREGULAR,SPICULATED,MALIGNANT,1
P_01347,,4.0,RIGHT,MLO,1,5,3,mass,N/A,N/A,IRREGULAR,SPICULATED,MALIGNANT,1
P_01348,,2.0,LEFT,MLO,1,4,3,mass,N/A,N/A,OVAL,OBSCURED,MALIGNANT,1
P_01351,,2.0,LEFT,CC,1,0,3,mass,N/A,N/A,IRREGULAR,OBSCURED,MALIGNANT,1
P_01365,,4.0,LEFT,CC,2,3,5,mass,N/A,N/A,OVAL,OBSCURED,BENIGN_WITHOUT_CALLBACK,0
P_01378,,3.0,LEFT,CC,1,0,5,mass,N/A,N/A,OVAL,OBSCURED,BENIGN,0
P_01378,,3.0,RIGHT,CC,1,0,5,mass,N/A,N/A,OVAL,OBSCURED,BENIGN,0
P_01378,,3.0,RIGHT,MLO,1,0,5,mass,N/A,N/A,OVAL,OBSCURED,BENIGN,0
P_01381,,2.0,RIGHT,CC,1,3,5,mass,N/A,N/A,ASYMMETRIC_BREAST_TISSUE,N/A,BENIGN_WITHOUT_CALLBACK,0
P_01381,,2.0,RIGHT,MLO,1,3,5,mass,N/A,N/A,ASYMMETRIC_BREAST_TISSUE,N/A,BENIGN_WITHOUT_CALLBACK,0
P_01395,,1.0,RIGHT,CC,1,3,5,mass,N/A,N/A,LOBULATED,CIRCUMSCRIBED,BENIGN,0
P_01395,,1.0,RIGHT,MLO,1,3,4,mass,N/A,N/A,LOBULATED,CIRCUMSCRIBED,BENIGN,0
P_01416,,1.0,RIGHT,CC,1,4,5,mass,N/A,N/A,LOBULATED,CIRCUMSCRIBED,BENIGN,0
P_01416,,1.0,RIGHT,MLO,1,4,5,mass,N/A,N/A,LOBULATED,CIRCUMSCRIBED,BENIGN,0
P_01467,,3.0,RIGHT,CC,2,4,4,mass,N/A,N/A,IRREGULAR-ARCHITECTURAL_DISTORTION,OBSCURED-ILL_DEFINED,MALIGNANT,1
P_01477,,2.0,LEFT,CC,1,4,5,mass,N/A,N/A,LOBULATED,CIRCUMSCRIBED-MICROLOBULATED-ILL_DEFINED,BENIGN,0
P_01489,,3.0,RIGHT,MLO,1,5,5,mass,N/A,N/A,IRREGULAR,SPICULATED,MALIGNANT,1
P_01502,,2.0,LEFT,CC,1,4,3,mass,N/A,N/A,OVAL,ILL_DEFINED,BENIGN,0
P_01502,,2.0,LEFT,MLO,1,4,5,mass,N/A,N/A,OVAL,CIRCUMSCRIBED,BENIGN,0
P_01510,,4.0,RIGHT,CC,1,4,2,mass,N/A,N/A,ROUND,OBSCURED,BENIGN,0
P_01510,,4.0,RIGHT,MLO,1,4,2,mass,N/A,N/A,ROUND,CIRCUMSCRIBED,BENIGN,0
P_01512,,3.0,LEFT,CC,1,4,3,mass,N/A,N/A,OVAL,ILL_DEFINED,BENIGN,0
P_01512,,3.0,LEFT,MLO,1,4,3,mass,N/A,N/A,OVAL,ILL_DEFINED,BENIGN,0
P_01518,,4.0,LEFT,CC,1,4,1,mass,N/A,N/A,ARCHITECTURAL_DISTORTION,SPICULATED,BENIGN,0
P_01518,,4.0,LEFT,MLO,1,4,1,mass,N/A,N/A,ARCHITECTURAL_DISTORTION,SPICULATED,BENIGN,0
P_01534,,3.0,RIGHT,CC,1,4,5,mass,N/A,N/A,LOBULATED,CIRCUMSCRIBED,MALIGNANT,1
P_01534,,3.0,RIGHT,MLO,1,4,5,mass,N/A,N/A,LOBULATED,CIRCUMSCRIBED,MALIGNANT,1
P_01539,,2.0,RIGHT,CC,1,4,5,mass,N/A,N/A,IRREGULAR,ILL_DEFINED,BENIGN,0
P_01539,,2.0,RIGHT,MLO,1,4,5,mass,N/A,N/A,IRREGULAR,ILL_DEFINED,BENIGN,0
P_01546,,3.0,LEFT,CC,1,4,3,mass,N/A,N/A,OVAL,ILL_DEFINED,MALIGNANT,1
P_01546,,3.0,LEFT,MLO,1,4,1,mass,N/A,N/A,IRREGULAR,ILL_DEFINED,MALIGNANT,1
P_01551,,2.0,LEFT,CC,1,0,3,mass,N/A,N/A,IRREGULAR,ILL_DEFINED,BENIGN,0
P_01551,,2.0,LEFT,MLO,1,0,3,mass,N/A,N/A,IRREGULAR,ILL_DEFINED,BENIGN,0
P_01558,,2.0,RIGHT,CC,1,5,5,mass,N/A,N/A,IRREGULAR,ILL_DEFINED,MALIGNANT,1
P_01558,,2.0,RIGHT,MLO,1,5,5,mass,N/A,N/A,IRREGULAR,ILL_DEFINED,MALIGNANT,1
P_01566,,3.0,RIGHT,CC,1,3,4,mass,N/A,N/A,LOBULATED,CIRCUMSCRIBED,BENIGN,0
P_01566,,3.0,RIGHT,CC,2,3,4,mass,N/A,N/A,LOBULATED,CIRCUMSCRIBED,BENIGN,0
P_01566,,3.0,RIGHT,MLO,1,3,3,mass,N/A,N/A,LOBULATED,CIRCUMSCRIBED,BENIGN,0
P_01566,,3.0,RIGHT,MLO,2,3,3,mass,N/A,N/A,LOBULATED,CIRCUMSCRIBED,BENIGN,0
P_01566,,3.0,RIGHT,MLO,3,3,3,mass,N/A,N/A,LOBULATED,CIRCUMSCRIBED,BENIGN,0
P_01578,,2.0,LEFT,MLO,1,3,4,mass,N/A,N/A,LOBULATED,CIRCUMSCRIBED,BENIGN,0
P_01590,,3.0,LEFT,CC,1,4,3,mass,N/A,N/A,ROUND,ILL_DEFINED,BENIGN,0
P_01590,,3.0,LEFT,MLO,1,4,3,mass,N/A,N/A,ROUND,ILL_DEFINED,BENIGN,0
P_01595,,2.0,LEFT,CC,1,0,5,mass,N/A,N/A,OVAL,OBSCURED,BENIGN,0
P_01595,,2.0,LEFT,MLO,1,0,5,mass,N/A,N/A,OVAL,OBSCURED,BENIGN,0
P_01599,,2.0,LEFT,CC,1,4,3,mass,N/A,N/A,LOBULATED,ILL_DEFINED,BENIGN,0
P_01599,,2.0,LEFT,MLO,1,4,3,mass,N/A,N/A,LOBULATED,ILL_DEFINED,BENIGN,0
P_01605,,3.0,LEFT,CC,2,3,3,mass,N/A,N/A,LOBULATED,CIRCUMSCRIBED,BENIGN,0
P_01614,,2.0,LEFT,MLO,1,4,1,mass,N/A,N/A,IRREGULAR,ILL_DEFINED,BENIGN,0
P_01617,,2.0,LEFT,CC,1,5,5,mass,N/A,N/A,IRREGULAR,SPICULATED,MALIGNANT,1
P_01617,,2.0,LEFT,MLO,1,5,5,mass,N/A,N/A,IRREGULAR,SPICULATED,MALIGNANT,1
P_01623,,3.0,RIGHT,CC,1,5,2,mass,N/A,N/A,IRREGULAR,SPICULATED,MALIGNANT,1
P_01623,,3.0,RIGHT,MLO,1,5,2,mass,N/A,N/A,IRREGULAR,SPICULATED,BENIGN,0
P_01640,,4.0,LEFT,MLO,1,5,4,mass,N/A,N/A,LOBULATED,SPICULATED,MALIGNANT,1
P_01645,,4.0,RIGHT,CC,1,4,3,mass,N/A,N/A,OVAL,CIRCUMSCRIBED-OBSCURED-ILL_DEFINED,BENIGN,0
P_01651,,2.0,RIGHT,CC,1,5,5,mass,N/A,N/A,IRREGULAR,SPICULATED,MALIGNANT,1
P_01651,,2.0,RIGHT,MLO,1,5,5,mass,N/A,N/A,IRREGULAR,SPICULATED,MALIGNANT,1
P_01661,,3.0,LEFT,CC,1,4,5,mass,N/A,N/A,IRREGULAR,ILL_DEFINED,MALIGNANT,1
P_01661,,3.0,LEFT,MLO,1,4,5,mass,N/A,N/A,IRREGULAR,ILL_DEFINED,MALIGNANT,1
P_01666,,2.0,RIGHT,CC,1,4,3,mass,N/A,N/A,FOCAL_ASYMMETRIC_DENSITY,ILL_DEFINED,MALIGNANT,1
P_01666,,2.0,RIGHT,MLO,1,4,3,mass,N/A,N/A,FOCAL_ASYMMETRIC_DENSITY,ILL_DEFINED,MALIGNANT,1
P_01673,,2.0,RIGHT,CC,1,0,4,mass,N/A,N/A,IRREGULAR,OBSCURED,BENIGN,0
P_01673,,2.0,RIGHT,MLO,1,0,4,mass,N/A,N/A,IRREGULAR,OBSCURED,BENIGN,0
P_01677,,4.0,RIGHT,MLO,1,3,3,mass,N/A,N/A,OVAL,OBSCURED,BENIGN,0
P_01684,,2.0,LEFT,CC,1,4,2,mass,N/A,N/A,LOBULATED,OBSCURED,BENIGN,0
P_01684,,2.0,LEFT,MLO,1,4,4,mass,N/A,N/A,LOBULATED,OBSCURED,BENIGN,0
P_01690,,3.0,LEFT,CC,1,0,4,mass,N/A,N/A,OVAL,OBSCURED,BENIGN,0
P_01690,,3.0,LEFT,MLO,1,0,4,mass,N/A,N/A,OVAL,OBSCURED,BENIGN,0
P_01697,,2.0,LEFT,CC,1,4,3,mass,N/A,N/A,ROUND,MICROLOBULATED,BENIGN,0
P_01697,,2.0,LEFT,MLO,1,3,3,mass,N/A,N/A,OVAL,ILL_DEFINED,BENIGN,0
P_01716,,3.0,RIGHT,CC,1,4,3,mass,N/A,N/A,OVAL,CIRCUMSCRIBED,BENIGN,0
P_01716,,3.0,RIGHT,MLO,1,4,3,mass,N/A,N/A,OVAL,CIRCUMSCRIBED,BENIGN,0
P_01719,,3.0,RIGHT,CC,1,4,2,mass,N/A,N/A,OVAL,ILL_DEFINED,MALIGNANT,1
P_01719,,3.0,RIGHT,MLO,1,4,3,mass,N/A,N/A,OVAL,ILL_DEFINED,MALIGNANT,1
P_01726,,1.0,RIGHT,CC,1,4,5,mass,N/A,N/A,ROUND,CIRCUMSCRIBED,BENIGN,0
P_01726,,1.0,RIGHT,MLO,1,4,5,mass,N/A,N/A,OVAL,CIRCUMSCRIBED,BENIGN,0
P_01741,,2.0,LEFT,CC,1,4,5,mass,N/A,N/A,ROUND,SPICULATED,MALIGNANT,1
P_01741,,2.0,LEFT,MLO,1,4,5,mass,N/A,N/A,IRREGULAR,ILL_DEFINED,MALIGNANT,1
P_01765,,3.0,RIGHT,CC,1,0,3,mass,N/A,N/A,OVAL,OBSCURED,BENIGN,0
P_01765,,3.0,RIGHT,MLO,1,0,3,mass,N/A,N/A,OVAL,OBSCURED,BENIGN,0
P_01778,,2.0,RIGHT,CC,1,5,5,mass,N/A,N/A,IRREGULAR,SPICULATED,MALIGNANT,1
P_01787,,1.0,LEFT,CC,1,5,5,mass,N/A,N/A,IRREGULAR,MICROLOBULATED,MALIGNANT,1
P_01787,,1.0,LEFT,MLO,1,5,5,mass,N/A,N/A,IRREGULAR,MICROLOBULATED,MALIGNANT,1
P_01795,,3.0,LEFT,CC,1,4,3,mass,N/A,N/A,OVAL,OBSCURED,BENIGN,0
P_01795,,3.0,LEFT,MLO,1,4,3,mass,N/A,N/A,OVAL,OBSCURED,BENIGN,0
P_01796,,4.0,LEFT,CC,1,4,1,mass,N/A,N/A,ARCHITECTURAL_DISTORTION,SPICULATED,BENIGN,0
P_01796,,4.0,LEFT,MLO,1,4,1,mass,N/A,N/A,ARCHITECTURAL_DISTORTION,SPICULATED,BENIGN,0
P_01797,,2.0,LEFT,CC,1,4,4,mass,N/A,N/A,OVAL,ILL_DEFINED,BENIGN,0
P_01797,,2.0,LEFT,MLO,1,4,4,mass,N/A,N/A,OVAL,ILL_DEFINED,BENIGN,0
P_01800,,4.0,LEFT,CC,1,2,2,mass,N/A,N/A,IRREGULAR,ILL_DEFINED,MALIGNANT,1
P_01800,,4.0,LEFT,MLO,1,4,3,mass,N/A,N/A,IRREGULAR,ILL_DEFINED-SPICULATED,MALIGNANT,1
P_01800,,4.0,RIGHT,CC,1,3,3,mass,N/A,N/A,IRREGULAR-ARCHITECTURAL_DISTORTION,SPICULATED,BENIGN,0
P_01807,,3.0,RIGHT,MLO,1,0,4,mass,N/A,N/A,ROUND,OBSCURED,BENIGN,0
P_01815,,3.0,RIGHT,CC,1,4,1,mass,N/A,N/A,IRREGULAR,ILL_DEFINED,MALIGNANT,1
P_01815,,3.0,RIGHT,MLO,1,4,2,mass,N/A,N/A,IRREGULAR,ILL_DEFINED,MALIGNANT,1
P_01825,,2.0,RIGHT,CC,1,3,3,mass,N/A,N/A,OVAL,CIRCUMSCRIBED,BENIGN_WITHOUT_CALLBACK,0
P_01825,,2.0,RIGHT,MLO,1,3,3,mass,N/A,N/A,LOBULATED,MICROLOBULATED,BENIGN_WITHOUT_CALLBACK,0
P_01833,,2.0,RIGHT,MLO,1,5,5,mass,N/A,N/A,IRREGULAR,ILL_DEFINED,MALIGNANT,1
P_01865,,2.0,LEFT,MLO,1,4,2,mass,N/A,N/A,IRREGULAR,ILL_DEFINED,MALIGNANT,1
P_01912,,3.0,RIGHT,CC,1,5,4,mass,N/A,N/A,IRREGULAR,SPICULATED,MALIGNANT,1
P_01912,,3.0,RIGHT,MLO,1,5,4,mass,N/A,N/A,IRREGULAR,SPICULATED,MALIGNANT,1
